001#FFFFFFFFFFFFFFFC
002#FFFFFFFFFFFFFFFC
003#FFFFFFFFFFFFFFFC
004#FFFFFFFFFFFFFFFC
005#FFFFFFFFFFFFFFFC
006#FFFFFFFFFFFFFFFC
007#FFFFFFFFFFFFFFFC
008#FFFFFFFFFFFFFFFC
001#7F877FF7AD9997FF
002#7F907FF7AD9997FF
003#80827FF7AD9997FF
004#7F107FF7AD9997FF
005#7E727FF0C40A37FF
006#7EEE7FF0FD0A37FF
007#7EF87FF0CC0A37FF
008#80077FF0511997FF
001#7F8C7FF7AD9997FF
002#7F957FF7AD9997FF
003#807C7FF7AD9997FF
004#7F1B7FF7AD9997FF
005#7E857FF0C40A37FF
006#7EFB7FF0FD0A37FF
007#7F047FF0CC0A37FF
008#80077FF0511997FF
001#7F927FF7AD9997FF
002#7F9B7FF7AD9997FF
003#80767FF7AD9997FF
004#7F267FF7AD9997FF
005#7E987FF0C40A37FF
006#7F087FF0FD0A37FF
007#7F117FF0CC0A37FF
008#80067FF0511997FF
001#7F987FF7AD9997FF
002#7FA07FF7AD9997FF
003#806F7FF7AD9997FF
004#7F327FF7AD9997FF
005#7EAB7FF0C40A37FF
006#7F157FF0FD0A37FF
007#7F1D7FF0CC0A37FF
008#80067FF0511997FF
001#7F9D7FF7AD9997FF
002#7FA57FF7AD9997FF
003#80697FF7AD9997FF
004#7F3D7FF7AD9997FF
005#7EBE7FF0C40A37FF
006#7F227FF0FD0A37FF
007#7F2A7FF0CC0A37FF
008#80067FF0511997FF
001#7FA37FF7AD9997FF
002#7FAA7FF7AD9997FF
003#80637FF7AD9997FF
004#7F487FF7AD9997FF
005#7ED07FF0C40A37FF
006#7F2F7FF0FD0A37FF
007#7F367FF0CC0A37FF
008#80057FF0511997FF
001#7FA97FF7AD9997FF
002#7FB07FF7AD9997FF
003#805D7FF7AD9997FF
004#7F547FF7AD9997FF
005#7EE37FF0C40A37FF
006#7F3C7FF0FD0A37FF
007#7F437FF0CC0A37FF
008#80057FF0511997FF
001#7FAF7FF7AD9997FF
002#7FB57FF7AD9997FF
003#80567FF7AD9997FF
004#7F5F7FF7AD9997FF
005#7EF67FF0C40A37FF
006#7F497FF0FD0A37FF
007#7F4F7FF0CC0A37FF
008#80047FF0511997FF
001#7FB47FF7AD9997FF
002#7FBA7FF7AD9997FF
003#80507FF7AD9997FF
004#7F6A7FF7AD9997FF
005#7F097FF0C40A37FF
006#7F567FF0FD0A37FF
007#7F5C7FF0CC0A37FF
008#80047FF0511997FF
001#7FBA7FF7AD9997FF
002#7FBF7FF7AD9997FF
003#804A7FF7AD9997FF
004#7F767FF7AD9997FF
005#7F1C7FF0C40A37FF
006#7F637FF0FD0A37FF
007#7F687FF0CC0A37FF
008#80047FF0511997FF
001#7FC07FF7AD9997FF
002#7FC57FF7AD9997FF
003#80447FF7AD9997FF
004#7F817FF7AD9997FF
005#7F2E7FF0C40A37FF
006#7F6F7FF0FD0A37FF
007#7F757FF0CC0A37FF
008#80037FF0511997FF
001#7FC57FF7AD9997FF
002#7FCA7FF7AD9997FF
003#803E7FF7AD9997FF
004#7F8C7FF7AD9997FF
005#7F417FF0C40A37FF
006#7F7C7FF0FD0A37FF
007#7F817FF0CC0A37FF
008#80037FF0511997FF
001#7FCB7FF7AD9997FF
002#7FCF7FF7AD9997FF
003#80377FF7AD9997FF
004#7F987FF7AD9997FF
005#7F547FF0C40A37FF
006#7F897FF0FD0A37FF
007#7F8D7FF0CC0A37FF
008#80037FF0511997FF
001#7FD17FF7AD9997FF
002#7FD47FF7AD9997FF
003#80317FF7AD9997FF
004#7FA37FF7AD9997FF
005#7F677FF0C40A37FF
006#7F967FF0FD0A37FF
007#7F9A7FF0CC0A37FF
008#80027FF0511997FF
001#7FD67FF7AD9997FF
002#7FDA7FF7AD9997FF
003#802B7FF7AD9997FF
004#7FAE7FF7AD9997FF
005#7F7A7FF0C40A37FF
006#7FA37FF0FD0A37FF
007#7FA67FF0CC0A37FF
008#80027FF0511997FF
001#7FDC7FF7AD9997FF
002#7FDF7FF7AD9997FF
003#80257FF7AD9997FF
004#7FBA7FF7AD9997FF
005#7F8C7FF0C40A37FF
006#7FB07FF0FD0A37FF
007#7FB37FF0CC0A37FF
008#80017FF0511997FF
001#7FE27FF7AD9997FF
002#7FE47FF7AD9997FF
003#801F7FF7AD9997FF
004#7FC57FF7AD9997FF
005#7F9F7FF0C40A37FF
006#7FBD7FF0FD0A37FF
007#7FBF7FF0CC0A37FF
008#80017FF0511997FF
001#7FE87FF7AD9997FF
002#7FE97FF7AD9997FF
003#80187FF7AD9997FF
004#7FD17FF7AD9997FF
005#7FB27FF0C40A37FF
006#7FCA7FF0FD0A37FF
007#7FCC7FF0CC0A37FF
008#80017FF0511997FF
001#7FED7FF7AD9997FF
002#7FEF7FF7AD9997FF
003#80127FF7AD9997FF
004#7FDC7FF7AD9997FF
005#7FC57FF0C40A37FF
006#7FD77FF0FD0A37FF
007#7FD87FF0CC0A37FF
008#80007FF0511997FF
001#7FF37FF7AD9997FF
002#7FF47FF7AD9997FF
003#800C7FF7AD9997FF
004#7FE77FF7AD9997FF
005#7FD87FF0C40A37FF
006#7FE47FF0FD0A37FF
007#7FE57FF0CC0A37FF
008#80007FF0511997FF
001#7FF97FF7AD9997FF
002#7FF97FF7AD9997FF
003#80067FF7AD9997FF
004#7FF37FF7AD9997FF
005#7FEA7FF0C40A37FF
006#7FF17FF0FD0A37FF
007#7FF17FF0CC0A37FF
008#7FFF7FF0511997FF
001#7FFE7FF7AD9997FF
002#7FFE7FF7AD9997FF
003#80007FF7AD9997FF
004#7FFE7FF7AD9997FF
005#7FFD7FF0C40A37FF
006#7FFE7FF0FD0A37FF
007#7FFE7FF0CC0A37FF
008#7FFF7FF0511997FF
001#7FF68027AD9997FF
002#80078007AD9997FF
003#80017E37AD9997FF
004#7FF57F87AD9997FF
005#7FEF7FC0C40A37FF
006#7FF67FC0FD0A37FF
007#7FF88000CC0A37FF
008#801B7FD0830A37FF
001#7FF67FE7AD9997FF
002#80087FE7AD9997FF
003#7FFE7FA7AD9997FF
004#7FF57FE7AD9997FF
005#7FEF7FE0C40A37FF
006#7FF67FD0FD0A37FF
007#7FF88000CC0A37FF
008#801B7FE0830A37FF
001#7FF57FE7AD9997FF
002#80087FE7AD9997FF
003#7FFE8007AD9997FF
004#7FF57FE7AD9997FF
005#7FEF7FD0C40A37FF
006#7FF67FD0FD0A37FF
007#7FF77FE0CC0A37FF
008#801B7FD0830A37FF
001#7FF67FE7AD9997FF
002#80087FE7AD9997FF
003#7FFE7FD7AD9997FF
004#7FF58007AD9997FF
005#7FEF7FE0C40A37FF
006#7FF68000FD0A37FF
007#7FF78000CC0A37FF
008#801B7FD0830A37FF
001#7FF67FE7AD9997FF
002#80087FE7AD9997FF
003#7FFE7FE7AD9997FF
004#7FF57FE7AD9997FF
005#7FEF7FE0C40A37FF
006#7FF68000FD0A37FF
007#7FF87FE0CC0A37FF
008#801B7FE0830A37FF
001#7FF68007AD9997FF
002#80087FE7AD9997FF
003#7FFE7FE7AD9997FF
004#7FF57FE7AD9997FF
005#7FEF8000C40A37FF
006#7FF67FE0FD0A37FF
007#7FF87FE0CC0A37FF
008#801B8000830A37FF
001#7FF68007AD9997FF
002#80077FE7AD9997FF
003#7FFE7FE7AD9997FF
004#7FF57FE7AD9997FF
005#7FEF7FE0C40A37FF
006#7FF67FE0FD0A37FF
007#7FF87FE0CC0A37FF
008#801B7FE0830A37FF
001#7FF67FE7AD9997FF
002#80077FE7AD9997FF
003#7FFE8007AD9997FF
004#7FF57FE7AD9997FF
005#7FEF7FE0C40A37FF
006#7FF68000FD0A37FF
007#7FF77FD0CC0A37FF
008#801B7FE0830A37FF
001#7FF57FE7AD9997FF
002#80077FE7AD9997FF
003#7FFE8007AD9997FF
004#7FF57FE7AD9997FF
005#7FEF8000C40A37FF
006#7FF67FE0FD0A37FF
007#7FF77FE0CC0A37FF
008#801B8000830A37FF
001#7FF57FE7AD9997FF
002#80077FE7AD9997FF
003#7FFE7FE7AD9997FF
004#7FF57FE7AD9997FF
005#7FEF7FD0C40A37FF
006#7FF67FD0FD0A37FF
007#7FF77FE0CC0A37FF
008#801B8000830A37FF
001#7FF67FE7AD9997FF
002#80077FE7AD9997FF
003#7FFE7FD7AD9997FF
004#7FF57FE7AD9997FF
005#7FEF8000C40A37FF
006#7FF67FD0FD0A37FF
007#7FF77FD0CC0A37FF
008#801B7FD0830A37FF
001#7FF67FE7AD9997FF
002#80087FE7AD9997FF
003#7FFE7FD7AD9997FF
004#7FF57FE7AD9997FF
005#7FEF7FE0C40A37FF
006#7FF68000FD0A37FF
007#7FF87FE0CC0A37FF
008#801B7FD0830A37FF
001#7FF67FE7AD9997FF
002#80077FE7AD9997FF
003#7FFE7FE7AD9997FF
004#7FF57FE7AD9997FF
005#7FEF7FE0C40A37FF
006#7FF67FE0FD0A37FF
007#7FF87FE0CC0A37FF
008#801B7FE0830A37FF
001#7FF67FE7AD9997FF
002#80087FE7AD9997FF
003#7FFE7FD7AD9997FF
004#7FF57FD7AD9997FF
005#7FEF7FE0C40A37FF
006#7FF67FE0FD0A37FF
007#7FF87FE0CC0A37FF
008#801B7FE0830A37FF
001#7FF57FE7AD9997FF
002#80087FD7AD9997FF
003#7FFE7FE7AD9997FF
004#7FF57FD7AD9997FF
005#7FEF7FD0C40A37FF
006#7FF67FE0FD0A37FF
007#7FF77FD0CC0A37FF
008#801B8000830A37FF
001#7FF67FE7AD9997FF
002#80077FE7AD9997FF
003#7FFE7FE7AD9997FF
004#7FF57FE7AD9997FF
005#7FEF7FE0C40A37FF
006#7FF68000FD0A37FF
007#7FF77FE0CC0A37FF
008#801B8000830A37FF
001#7FF67FE7AD9997FF
002#80077FE7AD9997FF
003#7FFE7FE7AD9997FF
004#7FF57FE7AD9997FF
005#7FEF7FE0C40A37FF
006#7FF67FE0FD0A37FF
007#7FF77FE0CC0A37FF
008#801B8000830A37FF
001#7FF57FE7AD9997FF
002#80077FE7AD9997FF
003#7FFE7FE7AD9997FF
004#7FF57FE7AD9997FF
005#7FEF7FE0C40A37FF
006#7FF67FE0FD0A37FF
007#7FF77FE0CC0A37FF
008#801B8000830A37FF
001#7FF57FE7AD9997FF
002#80077FE7AD9997FF
003#7FFE7FE7AD9997FF
004#7FF57FE7AD9997FF
005#7FEF8000C40A37FF
006#7FF67FE0FD0A37FF
007#7FF87FE0CC0A37FF
008#801B7FE0830A37FF
001#7FF57FE7AD9997FF
002#80077FE7AD9997FF
003#7FFE7FE7AD9997FF
004#7FF57FE7AD9997FF
005#7FEF7FD0C40A37FF
006#7FF67FE0FD0A37FF
007#7FF77FE0CC0A37FF
008#801B7FE0830A37FF
001#7FF57FD7AD9997FF
002#80077FE7AD9997FF
003#7FFE7FE7AD9997FF
004#7FF57FE7AD9997FF
005#7FEF7FE0C40A37FF
006#7FF67FE0FD0A37FF
007#7FF87FE0CC0A37FF
008#801B7FE0830A37FF
001#7FF58007AD9997FF
002#80088007AD9997FF
003#7FFE7FE7AD9997FF
004#7FF57FE7AD9997FF
005#7FEF7FD0C40A37FF
006#7FF67FE0FD0A37FF
007#7FF77FD0CC0A37FF
008#801B7FE0830A37FF
001#7FF57FD7AD9997FF
002#80077FE7AD9997FF
003#7FFE7FE7AD9997FF
004#7FF58007AD9997FF
005#7FEF7FD0C40A37FF
006#7FF67FD0FD0A37FF
007#7FF77FD0CC0A37FF
008#801B7FE0830A37FF
001#7FF57FE7AD9997FF
002#80077FE7AD9997FF
003#7FFE7FE7AD9997FF
004#7FF57FE7AD9997FF
005#7FEF7FD0C40A37FF
006#7FF67FE0FD0A37FF
007#7FF78000CC0A37FF
008#801B7FE0830A37FF
001#7FF57FE7AD9997FF
002#80078007AD9997FF
003#7FFE7FD7AD9997FF
004#7FF57FE7AD9997FF
005#7FEF7FE0C40A37FF
006#7FF67FE0FD0A37FF
007#7FF77FE0CC0A37FF
008#801B7FE0830A37FF
001#7FF57FE7AD9997FF
002#80077FE7AD9997FF
003#7FFE7FE7AD9997FF
004#7FF57FE7AD9997FF
005#7FEF7FE0C40A37FF
006#7FF67FE0FD0A37FF
007#7FF77FD0CC0A37FF
008#801B7FE0830A37FF
001#7FF57FE7AD9997FF
002#80077FD7AD9997FF
003#7FFD7FD7AD9997FF
004#7FF57FE7AD9997FF
005#7FEF7FE0C40A37FF
006#7FF68000FD0A37FF
007#7FF77FE0CC0A37FF
008#801B8000830A37FF
001#7FF57FE7AD9997FF
002#80077FE7AD9997FF
003#7FFB7EE7AD9997FF
004#7FF57FE7AD9997FF
005#7FEF7FE0C40A37FF
006#7FF68000FD0A37FF
007#7FF77FE0CC0A37FF
008#801B7FD0830A37FF
001#7FF58007AD9997FF
002#80077FE7AD9997FF
003#7FEF7C47AD9997FF
004#7FF57FE7AD9997FF
005#7FEF7FE0C40A37FF
006#7FF67FD0FD0A37FF
007#7FF77FE0CC0A37FF
008#801B7FD0830A37FF
001#7FF57FE7AD9997FF
002#80077FE7AD9997FF
003#7FDA7997AD9997FF
004#7FF57FE7AD9997FF
005#7FEF8000C40A37FF
006#7FF67FD0FD0A37FF
007#7FF77FE0CC0A37FF
008#801B8000830A37FF
001#7FF57FE7AD9997FF
002#80077FE7AD9997FF
003#7FB67747AD9997FF
004#7FF57FE7AD9997FF
005#7FEF7FE0C40A37FF
006#7FF67FE0FD0A37FF
007#7FF87FE0CC0A37FF
008#801B7FD0830A37FF
001#7FF57FE7AD9997FF
002#80077FE7AD9997FF
003#7F8E7547AD9997FF
004#7FF57FE7AD9997FF
005#7FEF7FE0C40A37FF
006#7FF67FE0FD0A37FF
007#7FF77FE0CC0A37FF
008#801B7FE0830A37FF
001#7FF57FE7AD9997FF
002#80077FE7AD9997FF
003#7F5C7397AD9997FF
004#7FF58007AD9997FF
005#7FEF7FE0C40A37FF
006#7FF67FE0FD0A37FF
007#7FF77FE0CC0A37FF
008#801B7FE0830A37FF
001#7FF57FE7AD9997FF
002#80077FD7AD9997FF
003#7F1F71F7AD9997FF
004#7FF58007AD9997FF
005#7FEF8000C40A37FF
006#7FF67FE0FD0A37FF
007#7FF77FE0CC0A37FF
008#801B7FE0830A37FF
001#7FF57FE7AD9997FF
002#80077FE7AD9997FF
003#7EE97137AD9997FF
004#7FF58007AD9997FF
005#7FEF7FE0C40A37FF
006#7FF67FE0FD0A37FF
007#7FF87FE0CC0A37FF
008#801B7FE0830A37FF
001#7FF57FE7AD9997FF
002#80077FE7AD9997FF
003#7EAB70A7AD9997FF
004#7FF57FE7AD9997FF
005#7FEF7FD0C40A37FF
006#7FF67FD0FD0A37FF
007#7FF77FE0CC0A37FF
008#801B7FE0830A37FF
001#7FF57FE7AD9997FF
002#80077FE7AD9997FF
003#7E6D70D7AD9997FF
004#7FF58007AD9997FF
005#7FEF8010C40A37FF
006#7FF67FE0FD0A37FF
007#7FF78000CC0A37FF
008#801B7FE0830A37FF
001#7FF57FE7AD9997FF
002#80067FE7AD9997FF
003#7E307137AD9997FF
004#7FF57FE7AD9997FF
005#7FEF7FE0C40A37FF
006#7FF67FE0FD0A37FF
007#7FF87FE0CC0A37FF
008#801B7FD0830A37FF
001#7FF57FE7AD9997FF
002#80067FE7AD9997FF
003#7DF57187AD9997FF
004#7FF57FE7AD9997FF
005#7FEF7FD0C40A37FF
006#7FF67FD0FD0A37FF
007#7FF77FE0CC0A37FF
008#801B7FE0830A37FF
001#7FF57FE7AD9997FF
002#80068007AD9997FF
003#7DB77227AD9997FF
004#7FF57FE7AD9997FF
005#7FEF7FE0C40A37FF
006#7FF68000FD0A37FF
007#7FF77FD0CC0A37FF
008#801B7FE0830A37FF
001#7FF57FE7AD9997FF
002#80067FE7AD9997FF
003#7D8172E7AD9997FF
004#7FF57FE7AD9997FF
005#7FEF7FD0C40A37FF
006#7FF67FE0FD0A37FF
007#7FF77FE0CC0A37FF
008#801B8000830A37FF
001#7FF57FE7AD9997FF
002#80067FE7AD9997FF
003#7D517377AD9997FF
004#7FF57FE7AD9997FF
005#7FEF7FE0C40A37FF
006#7FF67FE0FD0A37FF
007#7FF87FE0CC0A37FF
008#801B7FE0830A37FF
001#7FF58007AD9997FF
002#80067FE7AD9997FF
003#7D2173E7AD9997FF
004#7FF57FE7AD9997FF
005#7FEF7FD0C40A37FF
006#7FF67FE0FD0A37FF
007#7FF77FD0CC0A37FF
008#801B7FE0830A37FF
001#7FF58007AD9997FF
002#80067FE7AD9997FF
003#7CF07467AD9997FF
004#7FF57FD7AD9997FF
005#7FEF7FE0C40A37FF
006#7FF67FE0FD0A37FF
007#7FF77FD0CC0A37FF
008#801B7FD0830A37FF
001#7FF57FE7AD9997FF
002#80067FE7AD9997FF
003#7CC57537AD9997FF
004#7FF57FE7AD9997FF
005#7FEF7FE0C40A37FF
006#7FF67FD0FD0A37FF
007#7FF87FE0CC0A37FF
008#801B8000830A37FF
001#7FF57FE7AD9997FF
002#80067FE7AD9997FF
003#7C957597AD9997FF
004#7FF57FE7AD9997FF
005#7FEF7FE0C40A37FF
006#7FF68000FD0A37FF
007#7FF87FE0CC0A37FF
008#801B7FE0830A37FF
001#7FF57FE7AD9997FF
002#80067FD7AD9997FF
003#7C707587AD9997FF
004#7FF57FD7AD9997FF
005#7FEF8000C40A37FF
006#7FF67FE0FD0A37FF
007#7FF78000CC0A37FF
008#801B7FE0830A37FF
001#7FF57FE7AD9997FF
002#80057FD7AD9997FF
003#7C4675C7AD9997FF
004#7FF57FE7AD9997FF
005#7FEF7FE0C40A37FF
006#7FF67FE0FD0A37FF
007#7FF77FE0CC0A37FF
008#801B7FD0830A37FF
001#7FF57FE7AD9997FF
002#80057FD7AD9997FF
003#7C1E7637AD9997FF
004#7FF57FE7AD9997FF
005#7FEF7FD0C40A37FF
006#7FF67FE0FD0A37FF
007#7FF88000CC0A37FF
008#801B7FE0830A37FF
001#7FF57FE7AD9997FF
002#80027FC7AD9997FF
003#7BF67677AD9997FF
004#7FF58007AD9997FF
005#7FEF7FE0C40A37FF
006#7FF68000FD0A37FF
007#7FF77FE0CC0A37FF
008#801B8000830A37FF
001#7FF37FD7AD9997FF
002#7FFE7FC7AD9997FF
003#7BCC76C7AD9997FF
004#7FF57FD7AD9997FF
005#7FEF7FD0C40A37FF
006#7FF57FA0FD0A37FF
007#7FF88020CC0A37FF
008#801B8000830A37FF
001#7FF17FB7AD9997FF
002#7FF87F87AD9997FF
003#7BAC76E7AD9997FF
004#7FF57FE7AD9997FF
005#7FEF7FE0C40A37FF
006#7FF68010FD0A37FF
007#7FF87FE0CC0A37FF
008#801B7FE0830A37FF
001#7FF17FD7AD9997FF
002#7FF37F87AD9997FF
003#7B897717AD9997FF
004#7FF37F47AD9997FF
005#7FEF7FE0C40A37FF
006#7FF57FE0FD0A37FF
007#7FF97FE0CC0A37FF
008#801B7FE0830A37FF
001#7FEF7FD7AD9997FF
002#7FEA7F67AD9997FF
003#7B6476D7AD9997FF
004#7FF38007AD9997FF
005#7FEF8000C40A37FF
006#7FF57FB0FD0A37FF
007#7FF88000CC0A37FF
008#801B8000830A37FF
001#7FED7FD7AD9997FF
002#7FDF7F47AD9997FF
003#7B3E76E7AD9997FF
004#7FF38017AD9997FF
005#7FEF7FD0C40A37FF
006#7FF68020FD0A37FF
007#7FF88000CC0A37FF
008#801B7FE0830A37FF
001#7FEA7F97AD9997FF
002#7FD47F37AD9997FF
003#7B1976E7AD9997FF
004#7FF37FD7AD9997FF
005#7FEF8000C40A37FF
006#7FF68010FD0A37FF
007#7FF77FE0CC0A37FF
008#801B7FE0830A37FF
001#7FE77FD7AD9997FF
002#7FC87F57AD9997FF
003#7AF37637AD9997FF
004#7FF37FE7AD9997FF
005#7FEF7FE0C40A37FF
006#7FF58000FD0A37FF
007#7FFC8070CC0A37FF
008#801B7FE0830A37FF
001#7FE67FD7AD9997FF
002#7FBB7F37AD9997FF
003#7AC47547AD9997FF
004#7FF37FE7AD9997FF
005#7FEF7FE0C40A37FF
006#7FF68000FD0A37FF
007#7FF87F80CC0A37FF
008#801B7FE0830A37FF
001#7FDF7FA7AD9997FF
002#7FAC7F27AD9997FF
003#7A967457AD9997FF
004#7FF37FC7AD9997FF
005#7FEF7FE0C40A37FF
006#7FF67FE0FD0A37FF
007#7FF77FD0CC0A37FF
008#801B7FE0830A37FF
001#7FDF7FC7AD9997FF
002#7F9E7F27AD9997FF
003#7A697387AD9997FF
004#7FF38007AD9997FF
005#7FEF8000C40A37FF
006#7FF57FB0FD0A37FF
007#7FFB7FD0CC0A37FF
008#801B7FD0830A37FF
001#7FDB7F87AD9997FF
002#7F907F17AD9997FF
003#7A3372E7AD9997FF
004#7FF38007AD9997FF
005#7FEF8000C40A37FF
006#7FF68010FD0A37FF
007#7FF87FD0CC0A37FF
008#801B7FE0830A37FF
001#7FD87FC7AD9997FF
002#7F827EE7AD9997FF
003#79FD7237AD9997FF
004#7FF37FE7AD9997FF
005#7FEF8000C40A37FF
006#7FF67FE0FD0A37FF
007#7FF87FD0CC0A37FF
008#801B7FE0830A37FF
001#7FD47F87AD9997FF
002#7F737F07AD9997FF
003#79C371B7AD9997FF
004#7FF37FE7AD9997FF
005#7FEF7FE0C40A37FF
006#7FF67FE0FD0A37FF
007#7FF87FE0CC0A37FF
008#801B7FD0830A37FF
001#7FD38007AD9997FF
002#7F657F47AD9997FF
003#79847197AD9997FF
004#7FF38007AD9997FF
005#7FEF7FE0C40A37FF
006#7FF67FE0FD0A37FF
007#7FFC8020CC0A37FF
008#801B7FE0830A37FF
001#7FD27FE7AD9997FF
002#7F5A7F47AD9997FF
003#79487167AD9997FF
004#7FF37FE7AD9997FF
005#7FEF8000C40A37FF
006#7FF68010FD0A37FF
007#7FF88000CC0A37FF
008#801B8000830A37FF
001#7FD17FD7AD9997FF
002#7F4B7EE7AD9997FF
003#790B7127AD9997FF
004#7FF37FE7AD9997FF
005#7FEF7FE0C40A37FF
006#7FF57FC0FD0A37FF
007#7FF88010CC0A37FF
008#801B7FE0830A37FF
001#7FD17FE7AD9997FF
002#7F407F67AD9997FF
003#78D67117AD9997FF
004#7FF37FE7AD9997FF
005#7FEF7FD0C40A37FF
006#7FF57FE0FD0A37FF
007#7FF87FD0CC0A37FF
008#801B7FE0830A37FF
001#7FD18007AD9997FF
002#7F3A7FB7AD9997FF
003#78997107AD9997FF
004#7FF37FE7AD9997FF
005#7FEF7FD0C40A37FF
006#7FF68010FD0A37FF
007#7FF87FE0CC0A37FF
008#801B8000830A37FF
001#7FD17FE7AD9997FF
002#7F307F67AD9997FF
003#78597087AD9997FF
004#7FF37FD7AD9997FF
005#7FEF7FD0C40A37FF
006#7FF68000FD0A37FF
007#7FF67F80CC0A37FF
008#801B7FE0830A37FF
001#7FD17FE7AD9997FF
002#7F257F57AD9997FF
003#78147017AD9997FF
004#7FF37FE7AD9997FF
005#7FEF7FE0C40A37FF
006#7FF67FD0FD0A37FF
007#7FF77FD0CC0A37FF
008#801B8000830A37FF
001#7FD17FE7AD9997FF
002#7F1C7F97AD9997FF
003#77D26FC7AD9997FF
004#7FF37FC7AD9997FF
005#7FEF8000C40A37FF
006#7FF68000FD0A37FF
007#7FF88000CC0A37FF
008#801B7FE0830A37FF
001#7FD28007AD9997FF
002#7F177F87AD9997FF
003#778E6F27AD9997FF
004#7FF37FE7AD9997FF
005#7FEF7FE0C40A37FF
006#7FF67FD0FD0A37FF
007#7FF77FB0CC0A37FF
008#801B7FE0830A37FF
001#7FD28007AD9997FF
002#7F167FE7AD9997FF
003#774F6EE7AD9997FF
004#7FF37FE7AD9997FF
005#7FEF7FE0C40A37FF
006#7FF68000FD0A37FF
007#7FF88010CC0A37FF
008#801B7FE0830A37FF
001#7FD27FE7AD9997FF
002#7F167FE7AD9997FF
003#770F6EF7AD9997FF
004#7FF37FE7AD9997FF
005#7FEF7FE0C40A37FF
006#7FF67FE0FD0A37FF
007#7FF77FE0CC0A37FF
008#801B8000830A37FF
001#7FD27FE7AD9997FF
002#7F167FE7AD9997FF
003#76C46F27AD9997FF
004#7FF38007AD9997FF
005#7FEF7FE0C40A37FF
006#7FF67FE0FD0A37FF
007#7FF77FE0CC0A37FF
008#801B7FE0830A37FF
001#7FD27FE7AD9997FF
002#7F167FE7AD9997FF
003#76806F87AD9997FF
004#7FF37FE7AD9997FF
005#7FEF7FE0C40A37FF
006#7FF67FE0FD0A37FF
007#7FF77FE0CC0A37FF
008#801B7FD0830A37FF
001#7FD27FE7AD9997FF
002#7F168007AD9997FF
003#763B7077AD9997FF
004#7FF37FE7AD9997FF
005#7FEF7FE0C40A37FF
006#7FF67FD0FD0A37FF
007#7FF77FE0CC0A37FF
008#801B7FE0830A37FF
001#7FD28007AD9997FF
002#7F167FE7AD9997FF
003#76037127AD9997FF
004#7FF37FD7AD9997FF
005#7FEF8000C40A37FF
006#7FF67FE0FD0A37FF
007#7FF88000CC0A37FF
008#801B7FE0830A37FF
001#7FD27FE7AD9997FF
002#7F177FE7AD9997FF
003#75BF7217AD9997FF
004#7FF37FE7AD9997FF
005#7FEF7FD0C40A37FF
006#7FF58000FD0A37FF
007#7FF87FE0CC0A37FF
008#801B7FE0830A37FF
001#7FD27FE7AD9997FF
002#7F177FE7AD9997FF
003#759372C7AD9997FF
004#7FF37FE7AD9997FF
005#7FEF7FE0C40A37FF
006#7FF68010FD0A37FF
007#7FF87FE0CC0A37FF
008#801B7FD0830A37FF
001#7FD27FE7AD9997FF
002#7F177FE7AD9997FF
003#755F7387AD9997FF
004#7FF37FE7AD9997FF
005#7FEF8000C40A37FF
006#7FF67FD0FD0A37FF
007#7FF87FD0CC0A37FF
008#801B7FE0830A37FF
001#7FD27FE7AD9997FF
002#7F167FE7AD9997FF
003#752A7437AD9997FF
004#7FF37FE7AD9997FF
005#7FEF7FD0C40A37FF
006#7FF67FE0FD0A37FF
007#7FF77FD0CC0A37FF
008#801B7FE0830A37FF
001#7FD28007AD9997FF
002#7F167FE7AD9997FF
003#74FB74D7AD9997FF
004#7FF37FE7AD9997FF
005#7FEF7FE0C40A37FF
006#7FF67FD0FD0A37FF
007#7FF77FE0CC0A37FF
008#801B7FD0830A37FF
001#7FD27FD7AD9997FF
002#7F167FE7AD9997FF
003#74D37577AD9997FF
004#7FF37FE7AD9997FF
005#7FEF7FE0C40A37FF
006#7FF67FE0FD0A37FF
007#7FF78000CC0A37FF
008#801B7FE0830A37FF
001#7FD27FE7AD9997FF
002#7F167FE7AD9997FF
003#74A87637AD9997FF
004#7FF37FD7AD9997FF
005#7FEF7FE0C40A37FF
006#7FF68000FD0A37FF
007#7FF87FE0CC0A37FF
008#801B7FE0830A37FF
001#7FD27FE7AD9997FF
002#7F167FE7AD9997FF
003#748376F7AD9997FF
004#7FF37FE7AD9997FF
005#7FEF7FE0C40A37FF
006#7FF67FE0FD0A37FF
007#7FF87FD0CC0A37FF
008#801B7FE0830A37FF
001#7FD27FE7AD9997FF
002#7F167FE7AD9997FF
003#746477A7AD9997FF
004#7FF37FE7AD9997FF
005#7FEF7FE0C40A37FF
006#7FF67FE0FD0A37FF
007#7FF87FD0CC0A37FF
008#801B7FE0830A37FF
001#7FD37FE7AD9997FF
002#7F167FE7AD9997FF
003#74417867AD9997FF
004#7FF37FE7AD9997FF
005#7FEF7FE0C40A37FF
006#7FF67FE0FD0A37FF
007#7FF87FE0CC0A37FF
008#801B7FD0830A37FF
001#7FD27FE7AD9997FF
002#7F167FE7AD9997FF
003#74287917AD9997FF
004#7FF37FE7AD9997FF
005#7FEF8000C40A37FF
006#7FF67FD0FD0A37FF
007#7FF87FE0CC0A37FF
008#801B8000830A37FF
001#7FD37FE7AD9997FF
002#7F167FE7AD9997FF
003#740D7947AD9997FF
004#7FF37FD7AD9997FF
005#7FEF8000C40A37FF
006#7FF57FD0FD0A37FF
007#7FF77FE0CC0A37FF
008#801B7FE0830A37FF
001#7FD37FE7AD9997FF
002#7F167FE7AD9997FF
003#73F17967AD9997FF
004#7FF37FE7AD9997FF
005#7FED7FC0C40A37FF
006#7FF67FE0FD0A37FF
007#7FF87FD0CC0A37FF
008#801B7FE0830A37FF
001#7FD27FE7AD9997FF
002#7F168007AD9997FF
003#73D67907AD9997FF
004#7FF37FE7AD9997FF
005#7FEF8000C40A37FF
006#7FF67FE0FD0A37FF
007#7FF88000CC0A37FF
008#801B8000830A37FF
001#7FD37FE7AD9997FF
002#7F167FE7AD9997FF
003#73B57887AD9997FF
004#7FF38007AD9997FF
005#7FEF8000C40A37FF
006#7FF67FD0FD0A37FF
007#7FF77FE0CC0A37FF
008#801B7FE0830A37FF
001#7FD37FE7AD9997FF
002#7F168007AD9997FF
003#739677D7AD9997FF
004#7FF37FD7AD9997FF
005#7FEF7FD0C40A37FF
006#7FF67FD0FD0A37FF
007#7FF78000CC0A37FF
008#801B7FD0830A37FF
001#7FD37FE7AD9997FF
002#7F178007AD9997FF
003#737777A7AD9997FF
004#7FF37FD7AD9997FF
005#7FEF7FE0C40A37FF
006#7FF67FD0FD0A37FF
007#7FF88000CC0A37FF
008#801B8000830A37FF
001#7FD37FE7AD9997FF
002#7F178007AD9997FF
003#735377C7AD9997FF
004#7FF37FD7AD9997FF
005#7FEF7FE0C40A37FF
006#7FF68000FD0A37FF
007#7FF87FE0CC0A37FF
008#801B7FE0830A37FF
001#7FD37FE7AD9997FF
002#7F177FE7AD9997FF
003#73367887AD9997FF
004#7FF37FD7AD9997FF
005#7FEF7FE0C40A37FF
006#7FF67FE0FD0A37FF
007#7FF87FE0CC0A37FF
008#801B7FE0830A37FF
001#7FD38007AD9997FF
002#7F197FE7AD9997FF
003#731C79C7AD9997FF
004#7FF38007AD9997FF
005#7FEF8000C40A37FF
006#7FF67FE0FD0A37FF
007#7FF87FE0CC0A37FF
008#801B7FE0830A37FF
001#7FD37FE7AD9997FF
002#7F177FE7AD9997FF
003#73097BF7AD9997FF
004#7FF38007AD9997FF
005#7FEF8000C40A37FF
006#7FF67FE0FD0A37FF
007#7FF87FE0CC0A37FF
008#801B7FE0830A37FF
001#7FD38007AD9997FF
002#7F178007AD9997FF
003#73007E67AD9997FF
004#7FF38007AD9997FF
005#7FEF7FE0C40A37FF
006#7FF67FE0FD0A37FF
007#7FF87FE0CC0A37FF
008#801B7FE0830A37FF
001#7FD37FE7AD9997FF
002#7F177FE7AD9997FF
003#73008037AD9997FF
004#7FF37FE7AD9997FF
005#7FEF7FE0C40A37FF
006#7FF67FE0FD0A37FF
007#7FF77FE0CC0A37FF
008#801B7FE0830A37FF
001#7FD37FE7AD9997FF
002#7F178007AD9997FF
003#73007FE7AD9997FF
004#7FF37FD7AD9997FF
005#7FEF7FE0C40A37FF
006#7FF67FD0FD0A37FF
007#7FF88000CC0A37FF
008#801B7FE0830A37FF
001#7FD37FE7AD9997FF
002#7F177FE7AD9997FF
003#73007FE7AD9997FF
004#7FF38007AD9997FF
005#7FEF7FE0C40A37FF
006#7FF67FE0FD0A37FF
007#7FF87FE0CC0A37FF
008#801B7FE0830A37FF
001#7FD37FE7AD9997FF
002#7F178007AD9997FF
003#73008007AD9997FF
004#7FF38007AD9997FF
005#7FEF8000C40A37FF
006#7FF67FE0FD0A37FF
007#7FF87FE0CC0A37FF
008#801B7FE0830A37FF
001#7FD37FE7AD9997FF
002#7F177FE7AD9997FF
003#73007FE7AD9997FF
004#7FF37FD7AD9997FF
005#7FEF7FE0C40A37FF
006#7FF68000FD0A37FF
007#7FF87FE0CC0A37FF
008#801B7FE0830A37FF
001#7FD37FE7AD9997FF
002#7F177FE7AD9997FF
003#73007FE7AD9997FF
004#7FF37FD7AD9997FF
005#7FEF7FD0C40A37FF
006#7FF57FD0FD0A37FF
007#7FF87FE0CC0A37FF
008#801B7FE0830A37FF
001#7FD37FE7AD9997FF
002#7F177FE7AD9997FF
003#73007FD7AD9997FF
004#7FF37FE7AD9997FF
005#7FEF7FD0C40A37FF
006#7FF68000FD0A37FF
007#7FF87FE0CC0A37FF
008#801B7FE0830A37FF
001#7FD38007AD9997FF
002#7F177FE7AD9997FF
003#73008007AD9997FF
004#7FF37FE7AD9997FF
005#7FEF7FE0C40A37FF
006#7FF57FD0FD0A37FF
007#7FF77FE0CC0A37FF
008#801B7FD0830A37FF
001#7FD37FD7AD9997FF
002#7F177FE7AD9997FF
003#73007FD7AD9997FF
004#7FF37FE7AD9997FF
005#7FEF7FE0C40A37FF
006#7FF67FE0FD0A37FF
007#7FF88000CC0A37FF
008#801B8000830A37FF
001#7FD37FE7AD9997FF
002#7F177FE7AD9997FF
003#73008007AD9997FF
004#7FF37FE7AD9997FF
005#7FEF8000C40A37FF
006#7FF57FD0FD0A37FF
007#7FF88000CC0A37FF
008#801B7FE0830A37FF
001#7FD37FE7AD9997FF
002#7F177FE7AD9997FF
003#73007FD7AD9997FF
004#7FF37FE7AD9997FF
005#7FED7FD0C40A37FF
006#7FF57FE0FD0A37FF
007#7FF87FE0CC0A37FF
008#801B7FE0830A37FF
001#7FD37FE7AD9997FF
002#7F177FE7AD9997FF
003#73007FD7AD9997FF
004#7FF37FE7AD9997FF
005#7FEF8000C40A37FF
006#7FF57FE0FD0A37FF
007#7FF87FE0CC0A37FF
008#801B8000830A37FF
001#7FD37FE7AD9997FF
002#7F177FE7AD9997FF
003#73007FE7AD9997FF
004#7FF37FE7AD9997FF
005#7FEF7FE0C40A37FF
006#7FF58000FD0A37FF
007#7FF87FE0CC0A37FF
008#801B7FE0830A37FF
001#7FD37FD7AD9997FF
002#7F177FE7AD9997FF
003#73007FE7AD9997FF
004#7FF37FE7AD9997FF
005#7FEF8000C40A37FF
006#7FF57FD0FD0A37FF
007#7FF77FD0CC0A37FF
008#801B7FE0830A37FF
001#7FD37FE7AD9997FF
002#7F177FE7AD9997FF
003#73007FE7AD9997FF
004#7FF37FD7AD9997FF
005#7FEF8000C40A37FF
006#7FF68000FD0A37FF
007#7FF87FE0CC0A37FF
008#801B7FE0830A37FF
001#7FD37FD7AD9997FF
002#7F177FD7AD9997FF
003#73007FD7AD9997FF
004#7FF37FE7AD9997FF
005#7FEF7FD0C40A37FF
006#7FF67FE0FD0A37FF
007#7FF77FD0CC0A37FF
008#801B7FD0830A37FF
001#7FD37FE7AD9997FF
002#7F177FE7AD9997FF
003#73007FD7AD9997FF
004#7FF37FE7AD9997FF
005#7FEF8000C40A37FF
006#7FF68000FD0A37FF
007#7FF87FE0CC0A37FF
008#801B7FE0830A37FF
001#7FD37FE7AD9997FF
002#7F177FE7AD9997FF
003#73008007AD9997FF
004#7FF37FD7AD9997FF
005#7FEF7FE0C40A37FF
006#7FF68000FD0A37FF
007#7FF77FE0CC0A37FF
008#801B7FE0830A37FF
001#7FD27FE7AD9997FF
002#7F178007AD9997FF
003#73007FD7AD9997FF
004#7FF37FE7AD9997FF
005#7FEF8000C40A37FF
006#7FF68000FD0A37FF
007#7FF77FD0CC0A37FF
008#801B7FE0830A37FF
001#7FD27FE7AD9997FF
002#7F177FE7AD9997FF
003#73007FD7AD9997FF
004#7FF38007AD9997FF
005#7FEF7FE0C40A37FF
006#7FF68000FD0A37FF
007#7FF87FE0CC0A37FF
008#801B7FE0830A37FF
001#7FD37FE7AD9997FF
002#7F177FE7AD9997FF
003#73007FE7AD9997FF
004#7FF37FE7AD9997FF
005#7FEF7FE0C40A37FF
006#7FF67FE0FD0A37FF
007#7FF88000CC0A37FF
008#801B7FE0830A37FF
001#7FD27FE7AD9997FF
002#7F177FE7AD9997FF
003#73008007AD9997FF
004#7FF37FE7AD9997FF
005#7FEF7FD0C40A37FF
006#7FF57FE0FD0A37FF
007#7FF87FE0CC0A37FF
008#801B8000830A37FF
001#7FD27FE7AD9997FF
002#7F177FE7AD9997FF
003#73007FE7AD9997FF
004#7FF38007AD9997FF
005#7FEF7FE0C40A37FF
006#7FF57FE0FD0A37FF
007#7FF88000CC0A37FF
008#801B7FD0830A37FF
001#7FD37FE7AD9997FF
002#7F177FE7AD9997FF
003#72FE7FC7AD9997FF
004#7FF37FE7AD9997FF
005#7FEF7FD0C40A37FF
006#7FF57FE0FD0A37FF
007#7FF87FD0CC0A37FF
008#801B7FE0830A37FF
001#7FD37FE7AD9997FF
002#7F177FE7AD9997FF
003#72FB7EB7AD9997FF
004#7FF38007AD9997FF
005#7FEF7FE0C40A37FF
006#7FF67FE0FD0A37FF
007#7FF87FD0CC0A37FF
008#801B7FE0830A37FF
001#7FD37FE7AD9997FF
002#7F177FE7AD9997FF
003#72F57DD7AD9997FF
004#7FF38007AD9997FF
005#7FEF7FE0C40A37FF
006#7FF67FE0FD0A37FF
007#7FF77FC0CC0A37FF
008#801B7FD0830A37FF
001#7FD37FE7AD9997FF
002#7F177FE7AD9997FF
003#72E57BD7AD9997FF
004#7FF37FE7AD9997FF
005#7FEF7FE0C40A37FF
006#7FF57FE0FD0A37FF
007#7FF77FD0CC0A37FF
008#801B7FD0830A37FF
001#7FD37FE7AD9997FF
002#7F178007AD9997FF
003#72D07A47AD9997FF
004#7FF37FE7AD9997FF
005#7FEF7FE0C40A37FF
006#7FF67FE0FD0A37FF
007#7FF77FE0CC0A37FF
008#801B7FE0830A37FF
001#7FD37FE7AD9997FF
002#7F177FE7AD9997FF
003#72B578B7AD9997FF
004#7FF37FD7AD9997FF
005#7FEF8000C40A37FF
006#7FF67FE0FD0A37FF
007#7FF88000CC0A37FF
008#801B7FD0830A37FF
001#7FD38007AD9997FF
002#7F178007AD9997FF
003#72927787AD9997FF
004#7FF37FD7AD9997FF
005#7FEF7FE0C40A37FF
006#7FF67FE0FD0A37FF
007#7FF87FE0CC0A37FF
008#801B7FE0830A37FF
001#7FD37FE7AD9997FF
002#7F177FE7AD9997FF
003#726C7657AD9997FF
004#7FF37FE7AD9997FF
005#7FEF7FE0C40A37FF
006#7FF57FE0FD0A37FF
007#7FF87FE0CC0A37FF
008#801B8000830A37FF
001#7FD37FD7AD9997FF
002#7F197FE7AD9997FF
003#72427577AD9997FF
004#7FF37FE7AD9997FF
005#7FEF7FE0C40A37FF
006#7FF67FD0FD0A37FF
007#7FF87FE0CC0A37FF
008#801B7FE0830A37FF
001#7FD37FE7AD9997FF
002#7F177FE7AD9997FF
003#721674F7AD9997FF
004#7FF37FE7AD9997FF
005#7FEF7FE0C40A37FF
006#7FF67FE0FD0A37FF
007#7FF87FE0CC0A37FF
008#801B7FE0830A37FF
001#7FD37FD7AD9997FF
002#7F177FE7AD9997FF
003#71EC7537AD9997FF
004#7FF37FE7AD9997FF
005#7FEF7FE0C40A37FF
006#7FF67FE0FD0A37FF
007#7FF87FE0CC0A37FF
008#801B8000830A37FF
001#7FD37FD7AD9997FF
002#7F177FD7AD9997FF
003#71BE7617AD9997FF
004#7FF38007AD9997FF
005#7FEF7FE0C40A37FF
006#7FF67FE0FD0A37FF
007#7FF87FC0CC0A37FF
008#801B7FE0830A37FF
001#7FD37FD7AD9997FF
002#7F177FE7AD9997FF
003#71987717AD9997FF
004#7FF38007AD9997FF
005#7FEF7FD0C40A37FF
006#7FF57FE0FD0A37FF
007#7FF77FE0CC0A37FF
008#801B7FE0830A37FF
001#7FD37FE7AD9997FF
002#7F167FE7AD9997FF
003#717877D7AD9997FF
004#7FF37FE7AD9997FF
005#7FEF7FE0C40A37FF
006#7FF57FE0FD0A37FF
007#7FF77FE0CC0A37FF
008#801B7FD0830A37FF
001#7FD37FE7AD9997FF
002#7F178007AD9997FF
003#715B78F7AD9997FF
004#7FF37FE7AD9997FF
005#7FEF7FE0C40A37FF
006#7FF57FE0FD0A37FF
007#7FF77FE0CC0A37FF
008#801B7FE0830A37FF
001#7FD37FD7AD9997FF
002#7F167FE7AD9997FF
003#71437A37AD9997FF
004#7FF37FE7AD9997FF
005#7FEF7FD0C40A37FF
006#7FF58000FD0A37FF
007#7FF88000CC0A37FF
008#801B7FD0830A37FF
001#7FD37FE7AD9997FF
002#7F177FE7AD9997FF
003#712E7B17AD9997FF
004#7FF37FD7AD9997FF
005#7FEF8000C40A37FF
006#7FF57FE0FD0A37FF
007#7FF87FE0CC0A37FF
008#801B7FE0830A37FF
001#7FD37FE7AD9997FF
002#7F177FE7AD9997FF
003#711E7C47AD9997FF
004#7FF37FE7AD9997FF
005#7FEF8000C40A37FF
006#7FF67FE0FD0A37FF
007#7FF88000CC0A37FF
008#801B7FE0830A37FF
001#7FD38007AD9997FF
002#7F177FE7AD9997FF
003#71137E47AD9997FF
004#7FF37FE7AD9997FF
005#7FEF7FE0C40A37FF
006#7FF68000FD0A37FF
007#7FF87FE0CC0A37FF
008#801B7FE0830A37FF
001#7FD37FE7AD9997FF
002#7F177FE7AD9997FF
003#710F7E97AD9997FF
004#7FF38007AD9997FF
005#7FED7FE0C40A37FF
006#7FF67FE0FD0A37FF
007#7FF87FE0CC0A37FF
008#801B7FD0830A37FF
001#7FD37FE7AD9997FF
002#7F177FE7AD9997FF
003#710B7F47AD9997FF
004#7FF37FD7AD9997FF
005#7FEF7FE0C40A37FF
006#7FF67FE0FD0A37FF
007#7FF87FD0CC0A37FF
008#801B8000830A37FF
001#7FD37FE7AD9997FF
002#7F177FE7AD9997FF
003#710B7FE7AD9997FF
004#7FF37FE7AD9997FF
005#7FEF7FD0C40A37FF
006#7FF67FE0FD0A37FF
007#7FF87FE0CC0A37FF
008#801B8000830A37FF
001#7FD37FE7AD9997FF
002#7F177FE7AD9997FF
003#710B7FE7AD9997FF
004#7FF37FE7AD9997FF
005#7FEF7FE0C40A37FF
006#7FF57FE0FD0A37FF
007#7FF87FE0CC0A37FF
008#801B7FD0830A37FF
001#7FD37FE7AD9997FF
002#7F177FE7AD9997FF
003#710B7FE7AD9997FF
004#7FF37FE7AD9997FF
005#7FEF7FE0C40A37FF
006#7FF68000FD0A37FF
007#7FF77FD0CC0A37FF
008#801B7FE0830A37FF
001#7FD38007AD9997FF
002#7F178007AD9997FF
003#710B7FD7AD9997FF
004#7FF37FE7AD9997FF
005#7FEF7FE0C40A37FF
006#7FF67FE0FD0A37FF
007#7FF87FE0CC0A37FF
008#801B7FE0830A37FF
001#7FD37FE7AD9997FF
002#7F177FE7AD9997FF
003#710B7FE7AD9997FF
004#7FF37FE7AD9997FF
005#7FEF7FD0C40A37FF
006#7FF67FD0FD0A37FF
007#7FF87FE0CC0A37FF
008#801B7FE0830A37FF
001#7FD37FE7AD9997FF
002#7F177FE7AD9997FF
003#710B7FE7AD9997FF
004#7FF37FE7AD9997FF
005#7FEF7FE0C40A37FF
006#7FF68000FD0A37FF
007#7FF87FE0CC0A37FF
008#801B7FE0830A37FF
001#7FD37FE7AD9997FF
002#7F177FE7AD9997FF
003#710B7FE7AD9997FF
004#7FF37FE7AD9997FF
005#7FEF7FE0C40A37FF
006#7FF57FE0FD0A37FF
007#7FF87FE0CC0A37FF
008#801B7FE0830A37FF
001#7FD37FE7AD9997FF
002#7F177FE7AD9997FF
003#710B7FE7AD9997FF
004#7FF37FE7AD9997FF
005#7FEF7FE0C40A37FF
006#7FF58000FD0A37FF
007#7FF77FE0CC0A37FF
008#801B7FE0830A37FF
001#7FD37FE7AD9997FF
002#7F177FD7AD9997FF
003#710B7FE7AD9997FF
004#7FF37FE7AD9997FF
005#7FEF8000C40A37FF
006#7FF57FE0FD0A37FF
007#7FF88000CC0A37FF
008#801B7FE0830A37FF
001#7FD37FE7AD9997FF
002#7F177FE7AD9997FF
003#710B7FE7AD9997FF
004#7FF37FE7AD9997FF
005#7FEF7FD0C40A37FF
006#7FF58000FD0A37FF
007#7FF88000CC0A37FF
008#801B7FE0830A37FF
001#7FD37FE7AD9997FF
002#7F177FE7AD9997FF
003#710B7FE7AD9997FF
004#7FF37FE7AD9997FF
005#7FEF7FE0C40A37FF
006#7FF57FE0FD0A37FF
007#7FF87FE0CC0A37FF
008#801B7FE0830A37FF
001#7FD37FE7AD9997FF
002#7F177FE7AD9997FF
003#710B8007AD9997FF
004#7FF37FE7AD9997FF
005#7FEF7FD0C40A37FF
006#7FF57FE0FD0A37FF
007#7FF87FD0CC0A37FF
008#801B7FE0830A37FF
001#7FD37FE7AD9997FF
002#7F177FE7AD9997FF
003#710B7FE7AD9997FF
004#7FF37FE7AD9997FF
005#7FEF7FE0C40A37FF
006#7FF67FD0FD0A37FF
007#7FF87FE0CC0A37FF
008#801B8000830A37FF
001#7FD37FE7AD9997FF
002#7F177FE7AD9997FF
003#710B7FE7AD9997FF
004#7FF37FE7AD9997FF
005#7FEF7FE0C40A37FF
006#7FF68000FD0A37FF
007#7FF87FD0CC0A37FF
008#801B8000830A37FF
001#7FD37FE7AD9997FF
002#7F177FE7AD9997FF
003#710B8007AD9997FF
004#7FF37FE7AD9997FF
005#7FEF7FE0C40A37FF
006#7FF57FD0FD0A37FF
007#7FF87FE0CC0A37FF
008#801B7FE0830A37FF
001#7FD37FE7AD9997FF
002#7F177FE7AD9997FF
003#710B7FD7AD9997FF
004#7FF37FD7AD9997FF
005#7FEF8000C40A37FF
006#7FF67FE0FD0A37FF
007#7FF87FE0CC0A37FF
008#801B7FD0830A37FF
001#7FD37FE7AD9997FF
002#7F177FE7AD9997FF
003#710B7FD7AD9997FF
004#7FF37FE7AD9997FF
005#7FEF8000C40A37FF
006#7FF67FE0FD0A37FF
007#7FF87FE0CC0A37FF
008#801B8000830A37FF
001#7FD37FE7AD9997FF
002#7F177FE7AD9997FF
003#710B7FD7AD9997FF
004#7FF38007AD9997FF
005#7FEF7FE0C40A37FF
006#7FF67FE0FD0A37FF
007#7FF87FE0CC0A37FF
008#801B7FE0830A37FF
001#7FD37FE7AD9997FF
002#7F177FE7AD9997FF
003#710B7FE7AD9997FF
004#7FF37FE7AD9997FF
005#7FEF7FE0C40A37FF
006#7FF67FE0FD0A37FF
007#7FF87FE0CC0A37FF
008#801B7FE0830A37FF
001#7FD37FE7AD9997FF
002#7F177FE7AD9997FF
003#710B7FD7AD9997FF
004#7FF37FE7AD9997FF
005#7FEF7FD0C40A37FF
006#7FF67FE0FD0A37FF
007#7FF88000CC0A37FF
008#801B7FE0830A37FF
001#7FD37FE7AD9997FF
002#7F177FE7AD9997FF
003#710B7FD7AD9997FF
004#7FF37FE7AD9997FF
005#7FEF7FE0C40A37FF
006#7FF67FE0FD0A37FF
007#7FF87FE0CC0A37FF
008#801B7FE0830A37FF
001#7FD37FE7AD9997FF
002#7F177FE7AD9997FF
003#710B7FE7AD9997FF
004#7FF38007AD9997FF
005#7FEF7FE0C40A37FF
006#7FF67FE0FD0A37FF
007#7FF87FD0CC0A37FF
008#801B8000830A37FF
001#7FD37FE7AD9997FF
002#7F177FE7AD9997FF
003#710B7FE7AD9997FF
004#7FF37FE7AD9997FF
005#7FEF7FE0C40A37FF
006#7FF67FE0FD0A37FF
007#7FF77FC0CC0A37FF
008#801B8000830A37FF
001#7FD37FE7AD9997FF
002#7F177FE7AD9997FF
003#710B8007AD9997FF
004#7FF37FE7AD9997FF
005#7FEF8000C40A37FF
006#7FF57FE0FD0A37FF
007#7FF87FE0CC0A37FF
008#801B7FE0830A37FF
001#7FD37FE7AD9997FF
002#7F177FE7AD9997FF
003#710B7FE7AD9997FF
004#7FF37FE7AD9997FF
005#7FEF7FE0C40A37FF
006#7FF68000FD0A37FF
007#7FF87FE0CC0A37FF
008#801B7FE0830A37FF
001#7FD37FE7AD9997FF
002#7F177FE7AD9997FF
003#710B7FE7AD9997FF
004#7FF37FE7AD9997FF
005#7FED7FE0C40A37FF
006#7FF57FD0FD0A37FF
007#7FF87FD0CC0A37FF
008#801B7FD0830A37FF
001#7FD38007AD9997FF
002#7F177FE7AD9997FF
003#710B8007AD9997FF
004#7FF37FE7AD9997FF
005#7FEF7FD0C40A37FF
006#7FF57FD0FD0A37FF
007#7FF88000CC0A37FF
008#801B8000830A37FF
001#7FD37FE7AD9997FF
002#7F177FE7AD9997FF
003#710C8007AD9997FF
004#7FF37FE7AD9997FF
005#7FEF7FE0C40A37FF
006#7FF57FD0FD0A37FF
007#7FF77FE0CC0A37FF
008#801B7FE0830A37FF
001#7FD37FE7AD9997FF
002#7F177FE7AD9997FF
003#710C7FE7AD9997FF
004#7FF37FE7AD9997FF
005#7FEF7FE0C40A37FF
006#7FF67FE0FD0A37FF
007#7FF88000CC0A37FF
008#801B8000830A37FF
001#7FD37FE7AD9997FF
002#7F177FE7AD9997FF
003#710C7FE7AD9997FF
004#7FF37FE7AD9997FF
005#7FEF7FD0C40A37FF
006#7FF57FE0FD0A37FF
007#7FF87FE0CC0A37FF
008#801B7FE0830A37FF
001#7FD37FE7AD9997FF
002#7F177FE7AD9997FF
003#710B7FE7AD9997FF
004#7FF37FE7AD9997FF
005#7FEF7FE0C40A37FF
006#7FF68000FD0A37FF
007#7FF77FD0CC0A37FF
008#801B7FE0830A37FF
001#7FD37FE7AD9997FF
002#7F177FE7AD9997FF
003#710C7FE7AD9997FF
004#7FF38007AD9997FF
005#7FEF7FE0C40A37FF
006#7FF67FE0FD0A37FF
007#7FF87FE0CC0A37FF
008#801B7FE0830A37FF
001#7FD37FD7AD9997FF
002#7F177FE7AD9997FF
003#710C7FE7AD9997FF
004#7FF37FD7AD9997FF
005#7FEF7FE0C40A37FF
006#7FF57FD0FD0A37FF
007#7FF87FE0CC0A37FF
008#801B8000830A37FF
001#7FD37FE7AD9997FF
002#7F177FE7AD9997FF
003#710C8007AD9997FF
004#7FF37FD7AD9997FF
005#7FEF7FE0C40A37FF
006#7FF67FE0FD0A37FF
007#7FF88000CC0A37FF
008#801B7FE0830A37FF
001#7FD37FE7AD9997FF
002#7F177FE7AD9997FF
003#710B7FE7AD9997FF
004#7FF37FE7AD9997FF
005#7FEF7FE0C40A37FF
006#7FF58000FD0A37FF
007#7FF87FE0CC0A37FF
008#801B7FE0830A37FF
001#7FD37FD7AD9997FF
002#7F177FE7AD9997FF
003#710C7FE7AD9997FF
004#7FF37FE7AD9997FF
005#7FEF7FE0C40A37FF
006#7FF57FE0FD0A37FF
007#7FF88000CC0A37FF
008#801B7FE0830A37FF
001#7FD37FE7AD9997FF
002#7F177FE7AD9997FF
003#710C7FD7AD9997FF
004#7FF37FD7AD9997FF
005#7FEF8000C40A37FF
006#7FF57FD0FD0A37FF
007#7FF87FE0CC0A37FF
008#801B7FE0830A37FF
001#7FD37FE7AD9997FF
002#7F177FE7AD9997FF
003#710C8007AD9997FF
004#7FF37FD7AD9997FF
005#7FEF7FE0C40A37FF
006#7FF58000FD0A37FF
007#7FF77FD0CC0A37FF
008#801B7FD0830A37FF
001#7FD37FE7AD9997FF
002#7F177FE7AD9997FF
003#710B7FE7AD9997FF
004#7FF38007AD9997FF
005#7FEF7FE0C40A37FF
006#7FF57FE0FD0A37FF
007#7FF87FD0CC0A37FF
008#801B7FE0830A37FF
001#7FD37FE7AD9997FF
002#7F177FE7AD9997FF
003#710C7FE7AD9997FF
004#7FF37FE7AD9997FF
005#7FEF7FE0C40A37FF
006#7FF57FD0FD0A37FF
007#7FF87FE0CC0A37FF
008#801B7FE0830A37FF
001#7FD38007AD9997FF
002#7F177FE7AD9997FF
003#710C8007AD9997FF
004#7FF37FE7AD9997FF
005#7FEF8000C40A37FF
006#7FF67FE0FD0A37FF
007#7FF88000CC0A37FF
008#801B7FD0830A37FF
001#7FD37FE7AD9997FF
002#7F177FE7AD9997FF
003#710B7FE7AD9997FF
004#7FF37FE7AD9997FF
005#7FEF7FE0C40A37FF
006#7FF58000FD0A37FF
007#7FF87FE0CC0A37FF
008#801B7FE0830A37FF
001#7FD37FE7AD9997FF
002#7F177FE7AD9997FF
003#710C7FE7AD9997FF
004#7FF37FE7AD9997FF
005#7FEF7FE0C40A37FF
006#7FF67FE0FD0A37FF
007#7FF87FE0CC0A37FF
008#801B8000830A37FF
001#7FD37FE7AD9997FF
002#7F177FE7AD9997FF
003#710B7FE7AD9997FF
004#7FF38007AD9997FF
005#7FEF7FE0C40A37FF
006#7FF67FE0FD0A37FF
007#7FF87FD0CC0A37FF
008#801B8000830A37FF
001#7FD38007AD9997FF
002#7F177FE7AD9997FF
003#710C7FE7AD9997FF
004#7FF37FE7AD9997FF
005#7FEF7FE0C40A37FF
006#7FF67FE0FD0A37FF
007#7FF87FD0CC0A37FF
008#801B7FE0830A37FF
001#7FD38007AD9997FF
002#7F177FE7AD9997FF
003#710B7FE7AD9997FF
004#7FF37FE7AD9997FF
005#7FEF7FE0C40A37FF
006#7FF57FD0FD0A37FF
007#7FF87FD0CC0A37FF
008#801B8000830A37FF
001#7FD37FE7AD9997FF
002#7F177FE7AD9997FF
003#710C7FD7AD9997FF
004#7FF38007AD9997FF
005#7FEF7FE0C40A37FF
006#7FF68000FD0A37FF
007#7FF77FE0CC0A37FF
008#801B8000830A37FF
001#7FD37FD7AD9997FF
002#7F177FE7AD9997FF
003#710C7FE7AD9997FF
004#7FF37FE7AD9997FF
005#7FEF7FE0C40A37FF
006#7FF67FE0FD0A37FF
007#7FF87FE0CC0A37FF
008#801B7FE0830A37FF
001#7FD37FE7AD9997FF
002#7F178007AD9997FF
003#710C7FE7AD9997FF
004#7FF37FE7AD9997FF
005#7FEF8000C40A37FF
006#7FF67FD0FD0A37FF
007#7FF77FE0CC0A37FF
008#801B7FD0830A37FF
001#7FD27FE7AD9997FF
002#7F177FE7AD9997FF
003#710C7FD7AD9997FF
004#7FF37FE7AD9997FF
005#7FEF7FE0C40A37FF
006#7FF67FE0FD0A37FF
007#7FF88000CC0A37FF
008#801B7FE0830A37FF
001#7FD37FE7AD9997FF
002#7F177FE7AD9997FF
003#710C7FE7AD9997FF
004#7FF37FE7AD9997FF
005#7FEF7FE0C40A37FF
006#7FF67FE0FD0A37FF
007#7FF87FE0CC0A37FF
008#801B7FE0830A37FF
001#7FD37FE7AD9997FF
002#7F177FE7AD9997FF
003#710C7FE7AD9997FF
004#7FF37FE7AD9997FF
005#7FEF7FE0C40A37FF
006#7FF57FC0FD0A37FF
007#7FF87FE0CC0A37FF
008#801B7FE0830A37FF
001#7FD27FE7AD9997FF
002#7F177FE7AD9997FF
003#710C7FE7AD9997FF
004#7FF38007AD9997FF
005#7FEF7FE0C40A37FF
006#7FF67FE0FD0A37FF
007#7FF77FE0CC0A37FF
008#801B7FE0830A37FF
001#7FD27FE7AD9997FF
002#7F177FE7AD9997FF
003#710C7FE7AD9997FF
004#7FF37FD7AD9997FF
005#7FEF7FE0C40A37FF
006#7FF57FD0FD0A37FF
007#7FF77FE0CC0A37FF
008#801B7FE0830A37FF
001#7FD27FE7AD9997FF
002#7F177FE7AD9997FF
003#710C7FE7AD9997FF
004#7FF37FE7AD9997FF
005#7FEF7FE0C40A37FF
006#7FF58000FD0A37FF
007#7FF88000CC0A37FF
008#801B7FE0830A37FF
001#7FD37FE7AD9997FF
002#7F177FE7AD9997FF
003#710C8007AD9997FF
004#7FF37FE7AD9997FF
005#7FEF7FE0C40A37FF
006#7FF57FE0FD0A37FF
007#7FF77FD0CC0A37FF
008#801B7FD0830A37FF
001#7FD38007AD9997FF
002#7F177FE7AD9997FF
003#710C7FE7AD9997FF
004#7FF37FE7AD9997FF
005#7FEF7FD0C40A37FF
006#7FF68000FD0A37FF
007#7FF87FD0CC0A37FF
008#801B7FD0830A37FF
001#7FD37FE7AD9997FF
002#7F177FE7AD9997FF
003#710C7FE7AD9997FF
004#7FF37FE7AD9997FF
005#7FEF7FE0C40A37FF
006#7FF67FE0FD0A37FF
007#7FF87FE0CC0A37FF
008#801B7FE0830A37FF
001#7FD37FE7AD9997FF
002#7F177FE7AD9997FF
003#710C7FE7AD9997FF
004#7FF37FE7AD9997FF
005#7FEF7FE0C40A37FF
006#7FF67FE0FD0A37FF
007#7FF77FD0CC0A37FF
008#801B7FE0830A37FF
001#7FD37FE7AD9997FF
002#7F177FE7AD9997FF
003#710C7FD7AD9997FF
004#7FF37FE7AD9997FF
005#7FEF7FD0C40A37FF
006#7FF67FE0FD0A37FF
007#7FF87FD0CC0A37FF
008#801B7FD0830A37FF
001#7FD37FE7AD9997FF
002#7F177FE7AD9997FF
003#710C7FE7AD9997FF
004#7FF37FE7AD9997FF
005#7FEF7FE0C40A37FF
006#7FF67FE0FD0A37FF
007#7FF87FE0CC0A37FF
008#801B7FE0830A37FF
001#7FD38007AD9997FF
002#7F177FE7AD9997FF
003#710C8007AD9997FF
004#7FF38007AD9997FF
005#7FEF7FE0C40A37FF
006#7FF67FD0FD0A37FF
007#7FF77FD0CC0A37FF
008#801B7FE0830A37FF
001#7FD37FD7AD9997FF
002#7F177FE7AD9997FF
003#710C7FE7AD9997FF
004#7FF37FE7AD9997FF
005#7FEF7FE0C40A37FF
006#7FF67FE0FD0A37FF
007#7FF88010CC0A37FF
008#801B7FE0830A37FF
001#7FD37FE7AD9997FF
002#7F177FE7AD9997FF
003#710C7FD7AD9997FF
004#7FF37FE7AD9997FF
005#7FEF8000C40A37FF
006#7FF67FD0FD0A37FF
007#7FF87FD0CC0A37FF
008#801B7FC0830A37FF
001#7FD37FE7AD9997FF
002#7F177FE7AD9997FF
003#710C7FE7AD9997FF
004#7FF37FE7AD9997FF
005#7FEF7FE0C40A37FF
006#7FF67FE0FD0A37FF
007#7FF87FE0CC0A37FF
008#801B7FE0830A37FF
001#7FD37FE7AD9997FF
002#7F197FE7AD9997FF
003#710C7FE7AD9997FF
004#7FF38007AD9997FF
005#7FEF7FD0C40A37FF
006#7FF67FE0FD0A37FF
007#7FF87FE0CC0A37FF
008#801B7FD0830A37FF
001#7FD37FE7AD9997FF
002#7F197FE7AD9997FF
003#710C7FE7AD9997FF
004#7FF38007AD9997FF
005#7FEF7FE0C40A37FF
006#7FF67FD0FD0A37FF
007#7FF88000CC0A37FF
008#801B7FE0830A37FF
001#7FD37FE7AD9997FF
002#7F177FE7AD9997FF
003#710C7FE7AD9997FF
004#7FF37FD7AD9997FF
005#7FEF7FE0C40A37FF
006#7FF57FD0FD0A37FF
007#7FF87FE0CC0A37FF
008#801B8000830A37FF
001#7FD37FE7AD9997FF
002#7F177FE7AD9997FF
003#710C7FD7AD9997FF
004#7FF38007AD9997FF
005#7FEF7FD0C40A37FF
006#7FF58010FD0A37FF
007#7FF87FD0CC0A37FF
008#801B7FE0830A37FF
001#7FD37FE7AD9997FF
002#7F177FD7AD9997FF
003#710C7FE7AD9997FF
004#7FF38007AD9997FF
005#7FEF8000C40A37FF
006#7FF58000FD0A37FF
007#7FF87FE0CC0A37FF
008#801B7FD0830A37FF
001#7FD37FE7AD9997FF
002#7F168007AD9997FF
003#710C7FE7AD9997FF
004#7FF38017AD9997FF
005#7FEF7FE0C40A37FF
006#7FF67FE0FD0A37FF
007#7FF87FE0CC0A37FF
008#801B7FD0830A37FF
001#7FD37FE7AD9997FF
002#7F167FD7AD9997FF
003#710C8007AD9997FF
004#7FF58087AD9997FF
005#7FEF7FE0C40A37FF
006#7FF57FC0FD0A37FF
007#7FF88000CC0A37FF
008#801B7FE0830A37FF
001#7FD37FE7AD9997FF
002#7F167FE7AD9997FF
003#710C7FE7AD9997FF
004#7FF58007AD9997FF
005#7FEF7FE0C40A37FF
006#7FF57FC0FD0A37FF
007#7FF87FE0CC0A37FF
008#801B7FE0830A37FF
001#7FD37FE7AD9997FF
002#7F167FE7AD9997FF
003#710C7FE7AD9997FF
004#7FF57FE7AD9997FF
005#7FEF7FE0C40A37FF
006#7FF67FE0FD0A37FF
007#7FF77FE0CC0A37FF
008#801B7FE0830A37FF
001#7FD37FE7AD9997FF
002#7F167FD7AD9997FF
003#710C7FD7AD9997FF
004#7FF57FE7AD9997FF
005#7FEF7FD0C40A37FF
006#7FF58000FD0A37FF
007#7FF88000CC0A37FF
008#801B7FE0830A37FF
001#7FD37FE7AD9997FF
002#7F167FE7AD9997FF
003#710B7FE7AD9997FF
004#7FF57FE7AD9997FF
005#7FEF8000C40A37FF
006#7FF57FE0FD0A37FF
007#7FF78000CC0A37FF
008#801B7FE0830A37FF
001#7FD37FE7AD9997FF
002#7F168007AD9997FF
003#710B7FE7AD9997FF
004#7FF57FE7AD9997FF
005#7FEF7FE0C40A37FF
006#7FF57FD0FD0A37FF
007#7FF87FE0CC0A37FF
008#801B7FE0830A37FF
001#7FD37FE7AD9997FF
002#7F167FE7AD9997FF
003#710C7FE7AD9997FF
004#7FF57FE7AD9997FF
005#7FED7FD0C40A37FF
006#7FF67FE0FD0A37FF
007#7FF87FD0CC0A37FF
008#801B7FE0830A37FF
001#7FD37FE7AD9997FF
002#7F167FE7AD9997FF
003#710B7FE7AD9997FF
004#7FF57FD7AD9997FF
005#7FED7FE0C40A37FF
006#7FF67FD0FD0A37FF
007#7FF87FE0CC0A37FF
008#801B7FE0830A37FF
001#7FD37FE7AD9997FF
002#7F167FE7AD9997FF
003#710B7FE7AD9997FF
004#7FF57FE7AD9997FF
005#7FED7FE0C40A37FF
006#7FF57FD0FD0A37FF
007#7FF87FE0CC0A37FF
008#801B7FE0830A37FF
001#7FD38007AD9997FF
002#7F168007AD9997FF
003#710C8007AD9997FF
004#7FF57FE7AD9997FF
005#7FEF7FE0C40A37FF
006#7FF57FE0FD0A37FF
007#7FF87FE0CC0A37FF
008#801B7FE0830A37FF
001#7FD37FE7AD9997FF
002#7F167FE7AD9997FF
003#710B7FE7AD9997FF
004#7FF57FE7AD9997FF
005#7FED7FE0C40A37FF
006#7FF68000FD0A37FF
007#7FF87FE0CC0A37FF
008#801B7FE0830A37FF
001#7FD37FE7AD9997FF
002#7F167FD7AD9997FF
003#710B7FE7AD9997FF
004#7FF57FE7AD9997FF
005#7FED7FE0C40A37FF
006#7FF67FD0FD0A37FF
007#7FF87FD0CC0A37FF
008#801B7FE0830A37FF
001#7FD37FE7AD9997FF
002#7F167FE7AD9997FF
003#710B7FD7AD9997FF
004#7FF58007AD9997FF
005#7FED7FE0C40A37FF
006#7FF67FE0FD0A37FF
007#7FF87FD0CC0A37FF
008#801B7FE0830A37FF
001#7FD37FE7AD9997FF
002#7F167FE7AD9997FF
003#710B7FE7AD9997FF
004#7FF780A7AD9997FF
005#7FED7FE0C40A37FF
006#7FF57FD0FD0A37FF
007#7FF77FD0CC0A37FF
008#801B7FE0830A37FF
001#7FD37FE7AD9997FF
002#7F167FE7AD9997FF
003#710B7FE7AD9997FF
004#80028347AD9997FF
005#7FED7FE0C40A37FF
006#7FF67FE0FD0A37FF
007#7FF87FE0CC0A37FF
008#801B8000830A37FF
001#7FD37FE7AD9997FF
002#7F168007AD9997FF
003#710B7FE7AD9997FF
004#801384A7AD9997FF
005#7FED7FE0C40A37FF
006#7FF67FD0FD0A37FF
007#7FF87FD0CC0A37FF
008#801B7FE0830A37FF
001#7FD37FE7AD9997FF
002#7F167FE7AD9997FF
003#710B7FD7AD9997FF
004#802B85A7AD9997FF
005#7FEF7FE0C40A37FF
006#7FF57FE0FD0A37FF
007#7FF98010CC0A37FF
008#801B7FE0830A37FF
001#7FD37FE7AD9997FF
002#7F167FE7AD9997FF
003#710B7FD7AD9997FF
004#804385D7AD9997FF
005#7FEF8000C40A37FF
006#7FF67FE0FD0A37FF
007#7FF98000CC0A37FF
008#801B7FD0830A37FF
001#7FD37FE7AD9997FF
002#7F167FE7AD9997FF
003#710B8007AD9997FF
004#805C8647AD9997FF
005#7FEF7FE0C40A37FF
006#7FF67FE0FD0A37FF
007#7FF97FD0CC0A37FF
008#801B8000830A37FF
001#7FD37FE7AD9997FF
002#7F167FE7AD9997FF
003#710B7FE7AD9997FF
004#80798727AD9997FF
005#7FEF7FE0C40A37FF
006#7FF57FD0FD0A37FF
007#7FF97FE0CC0A37FF
008#801B7FE0830A37FF
001#7FD37FE7AD9997FF
002#7F167FE7AD9997FF
003#710B8007AD9997FF
004#80998857AD9997FF
005#7FEF7FE0C40A37FF
006#7FF67FE0FD0A37FF
007#7FF97FD0CC0A37FF
008#801B7FE0830A37FF
001#7FD37FE7AD9997FF
002#7F167FE7AD9997FF
003#710B7FE7AD9997FF
004#80BF89A7AD9997FF
005#7FEF7FE0C40A37FF
006#7FF58000FD0A37FF
007#7FF98000CC0A37FF
008#801B7FD0830A37FF
001#7FD37FE7AD9997FF
002#7F167FE7AD9997FF
003#710B7FE7AD9997FF
004#80EB8AF7AD9997FF
005#7FEF7FE0C40A37FF
006#7FF67FE0FD0A37FF
007#7FF97FE0CC0A37FF
008#801B7FE0830A37FF
001#7FD37FE7AD9997FF
002#7F167FE7AD9997FF
003#710B7FE7AD9997FF
004#811A8BA7AD9997FF
005#7FEF8000C40A37FF
006#7FF67FE0FD0A37FF
007#7FF97FE0CC0A37FF
008#801B7FE0830A37FF
001#7FD37FE7AD9997FF
002#7F167FE7AD9997FF
003#710B7FD7AD9997FF
004#814F8BF7AD9997FF
005#7FEF7FD0C40A37FF
006#7FF67FE0FD0A37FF
007#7FF97FE0CC0A37FF
008#801B7FE0830A37FF
001#7FD37FE7AD9997FF
002#7F167FE7AD9997FF
003#710B7FE7AD9997FF
004#817F8CA7AD9997FF
005#7FEF7FE0C40A37FF
006#7FF57FE0FD0A37FF
007#7FF87FD0CC0A37FF
008#801B7FE0830A37FF
001#7FD38007AD9997FF
002#7F167FE7AD9997FF
003#710B7FE7AD9997FF
004#81BC8E27AD9997FF
005#7FEF7FE0C40A37FF
006#7FF57FE0FD0A37FF
007#7FF87FD0CC0A37FF
008#801B7FD0830A37FF
001#7FD37FE7AD9997FF
002#7F167FE7AD9997FF
003#710B7FE7AD9997FF
004#81F48ED7AD9997FF
005#7FEF7FE0C40A37FF
006#7FF67FE0FD0A37FF
007#7FF87FD0CC0A37FF
008#801B7FE0830A37FF
001#7FD37FE7AD9997FF
002#7F167FE7AD9997FF
003#710B7FE7AD9997FF
004#82308EF7AD9997FF
005#7FED7FE0C40A37FF
006#7FF57FE0FD0A37FF
007#7FF87FD0CC0A37FF
008#801B7FE0830A37FF
001#7FD37FE7AD9997FF
002#7F167FE7AD9997FF
003#710B7FE7AD9997FF
004#826F8F77AD9997FF
005#7FEF7FE0C40A37FF
006#7FF67FE0FD0A37FF
007#7FF87FE0CC0A37FF
008#801B7FE0830A37FF
001#7FD37FE7AD9997FF
002#7F167FE7AD9997FF
003#710B7FD7AD9997FF
004#82B19027AD9997FF
005#7FEF7FE0C40A37FF
006#7FF57FE0FD0A37FF
007#7FF87FE0CC0A37FF
008#801B7FE0830A37FF
001#7FD38007AD9997FF
002#7F167FE7AD9997FF
003#710B7FE7AD9997FF
004#82F49027AD9997FF
005#7FEF7FE0C40A37FF
006#7FF58000FD0A37FF
007#7FF87FE0CC0A37FF
008#801B7FE0830A37FF
001#7FD37FE7AD9997FF
002#7F167FE7AD9997FF
003#710C8007AD9997FF
004#833C9087AD9997FF
005#7FEF8000C40A37FF
006#7FF57FE0FD0A37FF
007#7FF87FE0CC0A37FF
008#801B7FE0830A37FF
001#7FD37FE7AD9997FF
002#7F167FE7AD9997FF
003#710B7FE7AD9997FF
004#837D9127AD9997FF
005#7FEF7FD0C40A37FF
006#7FF57FE0FD0A37FF
007#7FF88000CC0A37FF
008#801B7FE0830A37FF
001#7FD37FD7AD9997FF
002#7F168007AD9997FF
003#710B7FE7AD9997FF
004#83C290C7AD9997FF
005#7FEF7FE0C40A37FF
006#7FF57FE0FD0A37FF
007#7FF87FD0CC0A37FF
008#801B7FE0830A37FF
001#7FD37FE7AD9997FF
002#7F167FE7AD9997FF
003#710B7FE7AD9997FF
004#840E9127AD9997FF
005#7FED7FE0C40A37FF
006#7FF68000FD0A37FF
007#7FF87FE0CC0A37FF
008#801B8000830A37FF
001#7FD37FE7AD9997FF
002#7F167FE7AD9997FF
003#710C7FE7AD9997FF
004#84509187AD9997FF
005#7FEF7FD0C40A37FF
006#7FF57FE0FD0A37FF
007#7FF87FD0CC0A37FF
008#801B7FE0830A37FF
001#7FD37FE7AD9997FF
002#7F167FE7AD9997FF
003#710B7FE7AD9997FF
004#84959127AD9997FF
005#7FEF7FE0C40A37FF
006#7FF67FE0FD0A37FF
007#7FF87FE0CC0A37FF
008#801B7FD0830A37FF
001#7FD37FE7AD9997FF
002#7F168007AD9997FF
003#710B7FE7AD9997FF
004#84DD9167AD9997FF
005#7FEF7FE0C40A37FF
006#7FF57FE0FD0A37FF
007#7FF87FE0CC0A37FF
008#801B7FE0830A37FF
001#7FD37FE7AD9997FF
002#7F167FE7AD9997FF
003#710B7FE7AD9997FF
004#852E91E7AD9997FF
005#7FEF8000C40A37FF
006#7FF57FE0FD0A37FF
007#7FF87FE0CC0A37FF
008#801B7FE0830A37FF
001#7FD38007AD9997FF
002#7F167FE7AD9997FF
003#710B7FE7AD9997FF
004#857791E7AD9997FF
005#7FED7FE0C40A37FF
006#7FF68000FD0A37FF
007#7FF88010CC0A37FF
008#801B7FD0830A37FF
001#7FD37FE7AD9997FF
002#7F167FE7AD9997FF
003#710C7FE7AD9997FF
004#85C29247AD9997FF
005#7FED7FE0C40A37FF
006#7FF57FE0FD0A37FF
007#7FF87FD0CC0A37FF
008#801B8000830A37FF
001#7FD37FE7AD9997FF
002#7F167FE7AD9997FF
003#710B7FE7AD9997FF
004#86149207AD9997FF
005#7FEF7FE0C40A37FF
006#7FF57FE0FD0A37FF
007#7FF87FE0CC0A37FF
008#801B7FE0830A37FF
001#7FD38007AD9997FF
002#7F168007AD9997FF
003#710B7FE7AD9997FF
004#865791F7AD9997FF
005#7FED7FE0C40A37FF
006#7FF57FE0FD0A37FF
007#7FF87FE0CC0A37FF
008#801B7FE0830A37FF
001#7FD37FE7AD9997FF
002#7F167FE7AD9997FF
003#710B7FE7AD9997FF
004#869B9297AD9997FF
005#7FED7FE0C40A37FF
006#7FF67FE0FD0A37FF
007#7FF88000CC0A37FF
008#801B7FD0830A37FF
001#7FD37FE7AD9997FF
002#7F167FE7AD9997FF
003#710B7FE7AD9997FF
004#86F59247AD9997FF
005#7FEF8000C40A37FF
006#7FF57FE0FD0A37FF
007#7FF87FE0CC0A37FF
008#801B7FE0830A37FF
001#7FD37FE7AD9997FF
002#7F167FE7AD9997FF
003#710B7FE7AD9997FF
004#873A9267AD9997FF
005#7FED7FE0C40A37FF
006#7FF58000FD0A37FF
007#7FF87FE0CC0A37FF
008#801B7FE0830A37FF
001#7FD38007AD9997FF
002#7F167FE7AD9997FF
003#710B8007AD9997FF
004#878492A7AD9997FF
005#7FED7FD0C40A37FF
006#7FF67FE0FD0A37FF
007#7FF87FD0CC0A37FF
008#801B7FE0830A37FF
001#7FD37FE7AD9997FF
002#7F167FE7AD9997FF
003#710B7FE7AD9997FF
004#87CB9237AD9997FF
005#7FED7FE0C40A37FF
006#7FF57FD0FD0A37FF
007#7FF87FE0CC0A37FF
008#801B7FE0830A37FF
001#7FD37FE7AD9997FF
002#7F168007AD9997FF
003#710B7FE7AD9997FF
004#88139247AD9997FF
005#7FED7FD0C40A37FF
006#7FF67FD0FD0A37FF
007#7FF87FD0CC0A37FF
008#801B7FE0830A37FF
001#7FD37FE7AD9997FF
002#7F167FE7AD9997FF
003#710B7FE7AD9997FF
004#885F92A7AD9997FF
005#7FED7FD0C40A37FF
006#7FF58000FD0A37FF
007#7FF87FE0CC0A37FF
008#801B7FE0830A37FF
001#7FD37FE7AD9997FF
002#7F167FE7AD9997FF
003#710B7FE7AD9997FF
004#88B49287AD9997FF
005#7FED7FD0C40A37FF
006#7FF67FE0FD0A37FF
007#7FF88000CC0A37FF
008#801B7FD0830A37FF
001#7FD37FE7AD9997FF
002#7F167FE7AD9997FF
003#710B7FE7AD9997FF
004#88F992B7AD9997FF
005#7FEF7FD0C40A37FF
006#7FF67FE0FD0A37FF
007#7FF87FE0CC0A37FF
008#801B7FD0830A37FF
001#7FD37FE7AD9997FF
002#7F167FE7AD9997FF
003#710B8007AD9997FF
004#89479277AD9997FF
005#7FED7FD0C40A37FF
006#7FF68010FD0A37FF
007#7FF87FE0CC0A37FF
008#801B7FE0830A37FF
001#7FD37FE7AD9997FF
002#7F167FE7AD9997FF
003#710B7FE7AD9997FF
004#89909247AD9997FF
005#7FED7FE0C40A37FF
006#7FF57FE0FD0A37FF
007#7FF88000CC0A37FF
008#801B7FD0830A37FF
001#7FD37FE7AD9997FF
002#7F167FE7AD9997FF
003#710B8007AD9997FF
004#89DC92A7AD9997FF
005#7FEF7FD0C40A37FF
006#7FF57FE0FD0A37FF
007#7FF88000CC0A37FF
008#801B7FE0830A37FF
001#7FD37FE7AD9997FF
002#7F167FE7AD9997FF
003#710B7FE7AD9997FF
004#8A289247AD9997FF
005#7FED7FE0C40A37FF
006#7FF67FD0FD0A37FF
007#7FF87FE0CC0A37FF
008#801B7FD0830A37FF
001#7FD37FE7AD9997FF
002#7F167FE7AD9997FF
003#710B7FE7AD9997FF
004#8A7291F7AD9997FF
005#7FEF7FE0C40A37FF
006#7FF58000FD0A37FF
007#7FF88000CC0A37FF
008#801B8000830A37FF
001#7FD37FE7AD9997FF
002#7F167FE7AD9997FF
003#710B7FE7AD9997FF
004#8ABA91E7AD9997FF
005#7FEF7FD0C40A37FF
006#7FF57FE0FD0A37FF
007#7FF87FE0CC0A37FF
008#801B7FE0830A37FF
001#7FD37FE7AD9997FF
002#7F167FE7AD9997FF
003#710B7FE7AD9997FF
004#8B039197AD9997FF
005#7FEF8000C40A37FF
006#7FF57FE0FD0A37FF
007#7FF87FD0CC0A37FF
008#801B7FE0830A37FF
001#7FD37FD7AD9997FF
002#7F167FE7AD9997FF
003#710B7FE7AD9997FF
004#8B539167AD9997FF
005#7FEF7FE0C40A37FF
006#7FF58000FD0A37FF
007#7FF87FE0CC0A37FF
008#801B7FD0830A37FF
001#7FD37FE7AD9997FF
002#7F167FE7AD9997FF
003#710B7FE7AD9997FF
004#8B949197AD9997FF
005#7FEF7FE0C40A37FF
006#7FF58000FD0A37FF
007#7FF87FE0CC0A37FF
008#801B7FE0830A37FF
001#7FD37FE7AD9997FF
002#7F167FE7AD9997FF
003#710B7FE7AD9997FF
004#8BD99117AD9997FF
005#7FED8000C40A37FF
006#7FF67FD0FD0A37FF
007#7FF87FE0CC0A37FF
008#801B7FE0830A37FF
001#7FD37FD7AD9997FF
002#7F167FE7AD9997FF
003#710B7FE7AD9997FF
004#8C1F90C7AD9997FF
005#7FEF7FE0C40A37FF
006#7FF67FE0FD0A37FF
007#7FF87FE0CC0A37FF
008#801B7FE0830A37FF
001#7FD37FE7AD9997FF
002#7F167FD7AD9997FF
003#710B7FE7AD9997FF
004#8C659107AD9997FF
005#7FEF8000C40A37FF
006#7FF57FD0FD0A37FF
007#7FF88000CC0A37FF
008#801B7FE0830A37FF
001#7FD37FE7AD9997FF
002#7F167FE7AD9997FF
003#710B7FE7AD9997FF
004#8CB09097AD9997FF
005#7FED7FE0C40A37FF
006#7FF67FD0FD0A37FF
007#7FF87FD0CC0A37FF
008#801B7FE0830A37FF
001#7FD38007AD9997FF
002#7F167FE7AD9997FF
003#710B8007AD9997FF
004#8CF39047AD9997FF
005#7FEF8000C40A37FF
006#7FF57FE0FD0A37FF
007#7FF77FC0CC0A37FF
008#801B8000830A37FF
001#7FD37FE7AD9997FF
002#7F167FE7AD9997FF
003#710B7FE7AD9997FF
004#8D309097AD9997FF
005#7FED7FD0C40A37FF
006#7FF67FD0FD0A37FF
007#7FF87FE0CC0A37FF
008#801B7FD0830A37FF
001#7FD37FE7AD9997FF
002#7F167FE7AD9997FF
003#710B7FD7AD9997FF
004#8D729027AD9997FF
005#7FEF7FD0C40A37FF
006#7FF67FE0FD0A37FF
007#7FF87FD0CC0A37FF
008#801B8000830A37FF
001#7FD38007AD9997FF
002#7F167FE7AD9997FF
003#710B7FD7AD9997FF
004#8DBA8F77AD9997FF
005#7FEF7FE0C40A37FF
006#7FF57FD0FD0A37FF
007#7FF77FD0CC0A37FF
008#801B8000830A37FF
001#7FD37FE7AD9997FF
002#7F167FE7AD9997FF
003#710B7FD7AD9997FF
004#8DF38FA7AD9997FF
005#7FED7FD0C40A37FF
006#7FF57FD0FD0A37FF
007#7FF77FE0CC0A37FF
008#801B7FE0830A37FF
001#7FD37FE7AD9997FF
002#7F167FE7AD9997FF
003#710B8007AD9997FF
004#8E338F37AD9997FF
005#7FEF8000C40A37FF
006#7FF67FE0FD0A37FF
007#7FF78000CC0A37FF
008#801B7FE0830A37FF
001#7FD37FE7AD9997FF
002#7F167FE7AD9997FF
003#710B7FE7AD9997FF
004#8E758E77AD9997FF
005#7FEF7FE0C40A37FF
006#7FF58000FD0A37FF
007#7FF77FE0CC0A37FF
008#801B7FE0830A37FF
001#7FD37FE7AD9997FF
002#7F167FD7AD9997FF
003#710B7FE7AD9997FF
004#8EAA8EB7AD9997FF
005#7FED7FC0C40A37FF
006#7FF67FE0FD0A37FF
007#7FF77FE0CC0A37FF
008#801B7FE0830A37FF
001#7FD37FE7AD9997FF
002#7F167FE7AD9997FF
003#710B7FE7AD9997FF
004#8EE48E17AD9997FF
005#7FEF7FE0C40A37FF
006#7FF57FE0FD0A37FF
007#7FF78000CC0A37FF
008#801B7FE0830A37FF
001#7FD37FE7AD9997FF
002#7F167FE7AD9997FF
003#710B7FE7AD9997FF
004#8F1F8CD7AD9997FF
005#7FEF8000C40A37FF
006#7FF58000FD0A37FF
007#7FF77FD0CC0A37FF
008#801B7FE0830A37FF
001#7FD37FE7AD9997FF
002#7F167FE7AD9997FF
003#710B7FE7AD9997FF
004#8F4D8C67AD9997FF
005#7FEF7FE0C40A37FF
006#7FF57FE0FD0A37FF
007#7FF77FE0CC0A37FF
008#801B7FD0830A37FF
001#7FD37FE7AD9997FF
002#7F167FE7AD9997FF
003#710B7FE7AD9997FF
004#8F868C27AD9997FF
005#7FEF7FE0C40A37FF
006#7FF68000FD0A37FF
007#7FF77FE0CC0A37FF
008#801B7FD0830A37FF
001#7FD37FE7AD9997FF
002#7F167FE7AD9997FF
003#710B8007AD9997FF
004#8FB08B77AD9997FF
005#7FED7FD0C40A37FF
006#7FF67FD0FD0A37FF
007#7FF78000CC0A37FF
008#801B7FD0830A37FF
001#7FD37FE7AD9997FF
002#7F167FE7AD9997FF
003#710B7FE7AD9997FF
004#8FDE89A7AD9997FF
005#7FED7FE0C40A37FF
006#7FF57FD0FD0A37FF
007#7FF77FE0CC0A37FF
008#801B7FE0830A37FF
001#7FD37FE7AD9997FF
002#7F167FD7AD9997FF
003#710B7FD7AD9997FF
004#90008907AD9997FF
005#7FEF7FE0C40A37FF
006#7FF57FE0FD0A37FF
007#7FF78000CC0A37FF
008#801B7FE0830A37FF
001#7FD37FE7AD9997FF
002#7F167FE7AD9997FF
003#710B7FE7AD9997FF
004#902888D7AD9997FF
005#7FEF8000C40A37FF
006#7FF57FE0FD0A37FF
007#7FF77FE0CC0A37FF
008#801B7FD0830A37FF
001#7FD37FE7AD9997FF
002#7F167FE7AD9997FF
003#710B7FE7AD9997FF
004#90488857AD9997FF
005#7FEF8000C40A37FF
006#7FF57FE0FD0A37FF
007#7FF77FD0CC0A37FF
008#801B8000830A37FF
001#7FD38007AD9997FF
002#7F168007AD9997FF
003#710B8007AD9997FF
004#90658717AD9997FF
005#7FED7FD0C40A37FF
006#7FF57FE0FD0A37FF
007#7FF77FD0CC0A37FF
008#801B7FE0830A37FF
001#7FD37FE7AD9997FF
002#7F167FD7AD9997FF
003#710B7FE7AD9997FF
004#90818637AD9997FF
005#7FED8000C40A37FF
006#7FF67FE0FD0A37FF
007#7FF77FE0CC0A37FF
008#801B7FE0830A37FF
001#7FD37FE7AD9997FF
002#7F167FE7AD9997FF
003#710B7FE7AD9997FF
004#909785B7AD9997FF
005#7FEF7FD0C40A37FF
006#7FF57FE0FD0A37FF
007#7FF67FD0CC0A37FF
008#801B8000830A37FF
001#7FD37FE7AD9997FF
002#7F167FE7AD9997FF
003#710B7FE7AD9997FF
004#90AE84E7AD9997FF
005#7FED8000C40A37FF
006#7FF58010FD0A37FF
007#7FF77FE0CC0A37FF
008#801B7FE0830A37FF
001#7FD37FE7AD9997FF
002#7F167FD7AD9997FF
003#710B7FE7AD9997FF
004#90C083E7AD9997FF
005#7FED7FE0C40A37FF
006#7FF67FE0FD0A37FF
007#7FF77FE0CC0A37FF
008#801B7FE0830A37FF
001#7FD37FE7AD9997FF
002#7F167FE7AD9997FF
003#710B7FE7AD9997FF
004#90CE8307AD9997FF
005#7FED7FE0C40A37FF
006#7FF67FE0FD0A37FF
007#7FF77FD0CC0A37FF
008#801B7FE0830A37FF
001#7FD38007AD9997FF
002#7F167FE7AD9997FF
003#710B7FE7AD9997FF
004#90D98297AD9997FF
005#7FEF7FE0C40A37FF
006#7FF57FE0FD0A37FF
007#7FF77FD0CC0A37FF
008#801B7FE0830A37FF
001#7FD38007AD9997FF
002#7F167FE7AD9997FF
003#710B7FE7AD9997FF
004#90E181B7AD9997FF
005#7FEF7FE0C40A37FF
006#7FF68000FD0A37FF
007#7FF77FE0CC0A37FF
008#801B7FE0830A37FF
001#7FD37FE7AD9997FF
002#7F168007AD9997FF
003#710B7FE7AD9997FF
004#90E78187AD9997FF
005#7FEF7FE0C40A37FF
006#7FF57FD0FD0A37FF
007#7FF77FE0CC0A37FF
008#801B8000830A37FF
001#7FD37FE7AD9997FF
002#7F167FE7AD9997FF
003#710B8007AD9997FF
004#90EC80C7AD9997FF
005#7FED7FE0C40A37FF
006#7FF67FE0FD0A37FF
007#7FF77FE0CC0A37FF
008#801B8000830A37FF
001#7FD37FE7AD9997FF
002#7F167FE7AD9997FF
003#710B7FE7AD9997FF
004#90F080B7AD9997FF
005#7FED7FD0C40A37FF
006#7FF57FE0FD0A37FF
007#7FF77FE0CC0A37FF
008#801B7FD0830A37FF
001#7FD37FE7AD9997FF
002#7F168007AD9997FF
003#710B7FE7AD9997FF
004#90F18027AD9997FF
005#7FEF7FE0C40A37FF
006#7FF67FE0FD0A37FF
007#7FF77FD0CC0A37FF
008#801B7FE0830A37FF
001#7FD37FE7AD9997FF
002#7F167FE7AD9997FF
003#710B7FE7AD9997FF
004#90F28047AD9997FF
005#7FED7FE0C40A37FF
006#7FF58010FD0A37FF
007#7FF77FE0CC0A37FF
008#801B7FC0830A37FF
001#7FD38007AD9997FF
002#7F167FE7AD9997FF
003#710B7FE7AD9997FF
004#90F27FE7AD9997FF
005#7FED7FE0C40A37FF
006#7FF67FD0FD0A37FF
007#7FF77FD0CC0A37FF
008#801B7FE0830A37FF
001#7FD37FE7AD9997FF
002#7F167FE7AD9997FF
003#710B7FE7AD9997FF
004#90F27FE7AD9997FF
005#7FED7FE0C40A37FF
006#7FF67FE0FD0A37FF
007#7FF77FE0CC0A37FF
008#801B7FE0830A37FF
001#7FD37FE7AD9997FF
002#7F167FE7AD9997FF
003#710B8007AD9997FF
004#90F27FE7AD9997FF
005#7FED7FE0C40A37FF
006#7FF57FE0FD0A37FF
007#7FF77FE0CC0A37FF
008#801B7FD0830A37FF
001#7FD38007AD9997FF
002#7F167FE7AD9997FF
003#710B7FE7AD9997FF
004#90F27FD7AD9997FF
005#7FEF7FE0C40A37FF
006#7FF67FE0FD0A37FF
007#7FF77FC0CC0A37FF
008#801B7FE0830A37FF
001#7FD37FE7AD9997FF
002#7F167FE7AD9997FF
003#710B8007AD9997FF
004#90F27FE7AD9997FF
005#7FED7FE0C40A37FF
006#7FF68010FD0A37FF
007#7FF77FE0CC0A37FF
008#801B7FE0830A37FF
001#7FD37FE7AD9997FF
002#7F167FE7AD9997FF
003#710B7FD7AD9997FF
004#90F27FE7AD9997FF
005#7FEF7FE0C40A37FF
006#7FF57FD0FD0A37FF
007#7FF77FE0CC0A37FF
008#801B7FE0830A37FF
001#7FD37FE7AD9997FF
002#7F167FE7AD9997FF
003#710B8007AD9997FF
004#90F28007AD9997FF
005#7FEF7FD0C40A37FF
006#7FF67FE0FD0A37FF
007#7FF77FE0CC0A37FF
008#801B7FE0830A37FF
001#7FD37FD7AD9997FF
002#7F167FE7AD9997FF
003#710B7FD7AD9997FF
004#90F27FE7AD9997FF
005#7FEF7FD0C40A37FF
006#7FF57FE0FD0A37FF
007#7FF77FD0CC0A37FF
008#801B8000830A37FF
001#7FD37FE7AD9997FF
002#7F167FE7AD9997FF
003#710B8007AD9997FF
004#90F27FD7AD9997FF
005#7FEF7FD0C40A37FF
006#7FF68000FD0A37FF
007#7FF78000CC0A37FF
008#801B7FD0830A37FF
001#7FD37FD7AD9997FF
002#7F167FE7AD9997FF
003#710B7FE7AD9997FF
004#90F27FE7AD9997FF
005#7FEF7FE0C40A37FF
006#7FF68000FD0A37FF
007#7FF77FE0CC0A37FF
008#801B8000830A37FF
001#7FD37FE7AD9997FF
002#7F167FE7AD9997FF
003#710B7FE7AD9997FF
004#90F27FE7AD9997FF
005#7FEF7FE0C40A37FF
006#7FF57FD0FD0A37FF
007#7FF77FE0CC0A37FF
008#801B8000830A37FF
001#7FD37FE7AD9997FF
002#7F167FD7AD9997FF
003#710B7FE7AD9997FF
004#90F27FE7AD9997FF
005#7FEF7FE0C40A37FF
006#7FF67FE0FD0A37FF
007#7FF78000CC0A37FF
008#801B7FE0830A37FF
001#7FD37FE7AD9997FF
002#7F167FE7AD9997FF
003#710B8007AD9997FF
004#90F27FD7AD9997FF
005#7FEF8000C40A37FF
006#7FF57FE0FD0A37FF
007#7FF77FE0CC0A37FF
008#801B7FD0830A37FF
001#7FD37FD7AD9997FF
002#7F167FE7AD9997FF
003#710B7FE7AD9997FF
004#90F27FE7AD9997FF
005#7FEF8000C40A37FF
006#7FF58000FD0A37FF
007#7FF77FE0CC0A37FF
008#801B7FD0830A37FF
001#7FD37FE7AD9997FF
002#7F167FE7AD9997FF
003#710B7FE7AD9997FF
004#90F27FE7AD9997FF
005#7FEF8000C40A37FF
006#7FF67FE0FD0A37FF
007#7FF78000CC0A37FF
008#801B7FE0830A37FF
001#7FD37FE7AD9997FF
002#7F167FD7AD9997FF
003#710B7FE7AD9997FF
004#90F27FD7AD9997FF
005#7FEF7FE0C40A37FF
006#7FF67FE0FD0A37FF
007#7FF77FE0CC0A37FF
008#801B7FD0830A37FF
001#7FD37FD7AD9997FF
002#7F167FE7AD9997FF
003#710B7FE7AD9997FF
004#90F27FE7AD9997FF
005#7FEF7FE0C40A37FF
006#7FF67FE0FD0A37FF
007#7FF77FE0CC0A37FF
008#801B7FE0830A37FF
001#7FD37FE7AD9997FF
002#7F167FE7AD9997FF
003#710B7FE7AD9997FF
004#90F27FD7AD9997FF
005#7FEF7FE0C40A37FF
006#7FF67FD0FD0A37FF
007#7FF77FE0CC0A37FF
008#801B7FE0830A37FF
001#7FD37FE7AD9997FF
002#7F167FE7AD9997FF
003#710B7FE7AD9997FF
004#90F27FE7AD9997FF
005#7FED7FD0C40A37FF
006#7FF67FE0FD0A37FF
007#7FF77FE0CC0A37FF
008#801B7FE0830A37FF
001#7FD37FE7AD9997FF
002#7F167FE7AD9997FF
003#710B7FE7AD9997FF
004#90F27FE7AD9997FF
005#7FEF7FE0C40A37FF
006#7FF68000FD0A37FF
007#7FF77FE0CC0A37FF
008#801B8000830A37FF
001#7FD37FE7AD9997FF
002#7F167FE7AD9997FF
003#710B7FE7AD9997FF
004#90F27FE7AD9997FF
005#7FEF8000C40A37FF
006#7FF57FD0FD0A37FF
007#7FF77FE0CC0A37FF
008#801B7FE0830A37FF
001#7FD37FE7AD9997FF
002#7F167FE7AD9997FF
003#710B7FE7AD9997FF
004#90F27FE7AD9997FF
005#7FEF7FE0C40A37FF
006#7FF68000FD0A37FF
007#7FF77FD0CC0A37FF
008#801B7FD0830A37FF
001#7FD37FE7AD9997FF
002#7F168007AD9997FF
003#710B7FE7AD9997FF
004#90F27FE7AD9997FF
005#7FEF7FE0C40A37FF
006#7FF67FE0FD0A37FF
007#7FF78000CC0A37FF
008#801B7FD0830A37FF
001#7FD37FD7AD9997FF
002#7F168007AD9997FF
003#710B7FE7AD9997FF
004#90F27FE7AD9997FF
005#7FEF7FE0C40A37FF
006#7FF67FE0FD0A37FF
007#7FF78000CC0A37FF
008#801B7FD0830A37FF
001#7FD37FE7AD9997FF
002#7F168007AD9997FF
003#710B7FE7AD9997FF
004#90F27FE7AD9997FF
005#7FEF8000C40A37FF
006#7FF68000FD0A37FF
007#7FF77FE0CC0A37FF
008#801B7FE0830A37FF
001#7FD37FE7AD9997FF
002#7F167FE7AD9997FF
003#710C8007AD9997FF
004#90F27FE7AD9997FF
005#7FEF7FE0C40A37FF
006#7FF67FE0FD0A37FF
007#7FF77FD0CC0A37FF
008#801B7FE0830A37FF
001#7FD37FE7AD9997FF
002#7F167FE7AD9997FF
003#710C7FE7AD9997FF
004#90F27FE7AD9997FF
005#7FEF7FE0C40A37FF
006#7FF67FE0FD0A37FF
007#7FF77FD0CC0A37FF
008#801B7FE0830A37FF
001#7FD37FE7AD9997FF
002#7F167FE7AD9997FF
003#710C7FE7AD9997FF
004#90F27FE7AD9997FF
005#7FEF8000C40A37FF
006#7FF67FE0FD0A37FF
007#7FF77FE0CC0A37FF
008#801B7FE0830A37FF
001#7FD37FE7AD9997FF
002#7F167FE7AD9997FF
003#710C7FE7AD9997FF
004#90F27FE7AD9997FF
005#7FEF7FE0C40A37FF
006#7FF67FD0FD0A37FF
007#7FF77FE0CC0A37FF
008#801B7FD0830A37FF
001#7FD37FE7AD9997FF
002#7F167FE7AD9997FF
003#710C7FE7AD9997FF
004#90F27FE7AD9997FF
005#7FED7FD0C40A37FF
006#7FF68010FD0A37FF
007#7FF77FE0CC0A37FF
008#801B7FE0830A37FF
001#7FD37FE7AD9997FF
002#7F167FE7AD9997FF
003#710C7FE7AD9997FF
004#90F27FE7AD9997FF
005#7FEF7FE0C40A37FF
006#7FF57FE0FD0A37FF
007#7FF78000CC0A37FF
008#801B8000830A37FF
001#7FD37FE7AD9997FF
002#7F167FE7AD9997FF
003#710B7FE7AD9997FF
004#90F28007AD9997FF
005#7FED7FE0C40A37FF
006#7FF68000FD0A37FF
007#7FF77FE0CC0A37FF
008#801B7FE0830A37FF
001#7FD37FE7AD9997FF
002#7F167FD7AD9997FF
003#710B7FE7AD9997FF
004#90F27FE7AD9997FF
005#7FEF8000C40A37FF
006#7FF68000FD0A37FF
007#7FF77FE0CC0A37FF
008#801B7FE0830A37FF
001#7FD37FE7AD9997FF
002#7F177FE7AD9997FF
003#710B7FE7AD9997FF
004#90F27FE7AD9997FF
005#7FEF7FE0C40A37FF
006#7FF67FE0FD0A37FF
007#7FF77FE0CC0A37FF
008#801B7FE0830A37FF
001#7FD37FE7AD9997FF
002#7F177FE7AD9997FF
003#710C7FE7AD9997FF
004#90F27FE7AD9997FF
005#7FEF7FE0C40A37FF
006#7FF67FE0FD0A37FF
007#7FF77FE0CC0A37FF
008#801B7FE0830A37FF
001#7FD37FE7AD9997FF
002#7F177FE7AD9997FF
003#710C7FE7AD9997FF
004#90F28007AD9997FF
005#7FED7FD0C40A37FF
006#7FF67FE0FD0A37FF
007#7FF77FE0CC0A37FF
008#801B8000830A37FF
001#7FD37FE7AD9997FF
002#7F178007AD9997FF
003#710C7FE7AD9997FF
004#90F27FE7AD9997FF
005#7FEF7FE0C40A37FF
006#7FF68000FD0A37FF
007#7FF77FE0CC0A37FF
008#801B7FE0830A37FF
001#7FD37FE7AD9997FF
002#7F177FE7AD9997FF
003#710B7FD7AD9997FF
004#90F27FE7AD9997FF
005#7FEF7FE0C40A37FF
006#7FF68000FD0A37FF
007#7FF77FE0CC0A37FF
008#801B7FD0830A37FF
001#7FD37FE7AD9997FF
002#7F177FE7AD9997FF
003#710B7FD7AD9997FF
004#90F27FE7AD9997FF
005#7FEF7FE0C40A37FF
006#7FF67FE0FD0A37FF
007#7FF77FE0CC0A37FF
008#801B7FE0830A37FF
001#7FD37FE7AD9997FF
002#7F177FE7AD9997FF
003#710B8007AD9997FF
004#90F27FE7AD9997FF
005#7FED7FD0C40A37FF
006#7FF67FE0FD0A37FF
007#7FF77FE0CC0A37FF
008#801B7FE0830A37FF
001#7FD37FE7AD9997FF
002#7F177FE7AD9997FF
003#710B7FD7AD9997FF
004#90F27FE7AD9997FF
005#7FEF8000C40A37FF
006#7FF67FD0FD0A37FF
007#7FF77FD0CC0A37FF
008#801B7FE0830A37FF
001#7FD38007AD9997FF
002#7F178007AD9997FF
003#710C7FE7AD9997FF
004#90F27FE7AD9997FF
005#7FEF7FE0C40A37FF
006#7FF68000FD0A37FF
007#7FF78000CC0A37FF
008#801B7FE0830A37FF
001#7FD37FE7AD9997FF
002#7F177FE7AD9997FF
003#710C8007AD9997FF
004#90F27FE7AD9997FF
005#7FED7FE0C40A37FF
006#7FF67FE0FD0A37FF
007#7FF78000CC0A37FF
008#801B7FE0830A37FF
001#7FD37FD7AD9997FF
002#7F177FE7AD9997FF
003#710C7FE7AD9997FF
004#90F27FE7AD9997FF
005#7FED7FE0C40A37FF
006#7FF67FE0FD0A37FF
007#7FF77FE0CC0A37FF
008#801B7FE0830A37FF
001#7FD37FE7AD9997FF
002#7F178007AD9997FF
003#710C7FD7AD9997FF
004#90F27FE7AD9997FF
005#7FEF7FE0C40A37FF
006#7FF67FE0FD0A37FF
007#7FF77FE0CC0A37FF
008#801B7FE0830A37FF
001#7FD37FE7AD9997FF
002#7F177FE7AD9997FF
003#710C7FE7AD9997FF
004#90F27FE7AD9997FF
005#7FED7FD0C40A37FF
006#7FF68000FD0A37FF
007#7FF77FE0CC0A37FF
008#801B7FD0830A37FF
001#7FD37FD7AD9997FF
002#7F177FE7AD9997FF
003#710C7FE7AD9997FF
004#90F27FD7AD9997FF
005#7FED7FE0C40A37FF
006#7FF67FE0FD0A37FF
007#7FF77FD0CC0A37FF
008#801B7FE0830A37FF
001#7FD38007AD9997FF
002#7F177FE7AD9997FF
003#710B8007AD9997FF
004#90F27FE7AD9997FF
005#7FEF7FE0C40A37FF
006#7FF67FE0FD0A37FF
007#7FF77FE0CC0A37FF
008#801B7FE0830A37FF
001#7FD37FD7AD9997FF
002#7F177FE7AD9997FF
003#710C8007AD9997FF
004#90F27FE7AD9997FF
005#7FEF7FE0C40A37FF
006#7FF67FE0FD0A37FF
007#7FF77FE0CC0A37FF
008#801B7FD0830A37FF
001#7FD37FE7AD9997FF
002#7F177FE7AD9997FF
003#710B8007AD9997FF
004#90F27FE7AD9997FF
005#7FEF7FE0C40A37FF
006#7FF68000FD0A37FF
007#7FF77FE0CC0A37FF
008#801B7FE0830A37FF
001#7FD37FE7AD9997FF
002#7F177FE7AD9997FF
003#710C8007AD9997FF
004#90F27FE7AD9997FF
005#7FED7FE0C40A37FF
006#7FF67FE0FD0A37FF
007#7FF77FE0CC0A37FF
008#801B7FE0830A37FF
001#7FD38007AD9997FF
002#7F177FE7AD9997FF
003#710C8007AD9997FF
004#90F27FD7AD9997FF
005#7FED7FE0C40A37FF
006#7FF67FE0FD0A37FF
007#7FF77FE0CC0A37FF
008#801B7FD0830A37FF
001#7FD37FE7AD9997FF
002#7F177FE7AD9997FF
003#710C8007AD9997FF
004#90F27FE7AD9997FF
005#7FED7FE0C40A37FF
006#7FF67FE0FD0A37FF
007#7FF77FD0CC0A37FF
008#801B7FE0830A37FF
001#7FD37FE7AD9997FF
002#7F177FD7AD9997FF
003#710C8007AD9997FF
004#90F27FD7AD9997FF
005#7FED7FD0C40A37FF
006#7FF67FE0FD0A37FF
007#7FF77FE0CC0A37FF
008#801B7FD0830A37FF
001#7FD37FE7AD9997FF
002#7F177FE7AD9997FF
003#710C8007AD9997FF
004#90F27FE7AD9997FF
005#7FED7FE0C40A37FF
006#7FF57FD0FD0A37FF
007#7FF77FD0CC0A37FF
008#801B7FE0830A37FF
001#7FD37FD7AD9997FF
002#7F177FE7AD9997FF
003#710C8027AD9997FF
004#90F27FE7AD9997FF
005#7FED8000C40A37FF
006#7FF57FE0FD0A37FF
007#7FF77FE0CC0A37FF
008#801B7FD0830A37FF
001#7FD37FE7AD9997FF
002#7F177FE7AD9997FF
003#710E7FE7AD9997FF
004#90F27FE7AD9997FF
005#7FED7FD0C40A37FF
006#7FF57FE0FD0A37FF
007#7FF77FD0CC0A37FF
008#801B7FE0830A37FF
001#7FD37FE7AD9997FF
002#7F177FE7AD9997FF
003#710E7FE7AD9997FF
004#90F27FE7AD9997FF
005#7FED7FD0C40A37FF
006#7FF68000FD0A37FF
007#7FF78000CC0A37FF
008#801B7FD0830A37FF
001#7FD37FE7AD9997FF
002#7F177FE7AD9997FF
003#710E8007AD9997FF
004#90F27FE7AD9997FF
005#7FED7FE0C40A37FF
006#7FF57FE0FD0A37FF
007#7FF77FD0CC0A37FF
008#801B8000830A37FF
001#7FD38007AD9997FF
002#7F177FE7AD9997FF
003#710E7FE7AD9997FF
004#90F27FE7AD9997FF
005#7FED7FE0C40A37FF
006#7FF57FD0FD0A37FF
007#7FF77FE0CC0A37FF
008#801B7FD0830A37FF
001#7FD38007AD9997FF
002#7F177FE7AD9997FF
003#710E8007AD9997FF
004#90F27FE7AD9997FF
005#7FED7FE0C40A37FF
006#7FF57FB0FD0A37FF
007#7FF77FE0CC0A37FF
008#801B7FE0830A37FF
001#7FD37FE7AD9997FF
002#7F167FE7AD9997FF
003#710E8017AD9997FF
004#90F27FD7AD9997FF
005#7FED7FE0C40A37FF
006#7FF37FB0FD0A37FF
007#7FF77FE0CC0A37FF
008#801B8000830A37FF
001#7FD37FD7AD9997FF
002#7F167FE7AD9997FF
003#711381A7AD9997FF
004#90F27FE7AD9997FF
005#7FED7FE0C40A37FF
006#7FE67E30FD0A37FF
007#7FF77FD0CC0A37FF
008#801B7FE0830A37FF
001#7FD37FE7AD9997FF
002#7F177FE7AD9997FF
003#711C8227AD9997FF
004#90F27FE7AD9997FF
005#7FED8000C40A37FF
006#7FCD7DF0FD0A37FF
007#7FF77FD0CC0A37FF
008#801B7FE0830A37FF
001#7FD37FE7AD9997FF
002#7F167FD7AD9997FF
003#71238177AD9997FF
004#90F27FE7AD9997FF
005#7FED7FE0C40A37FF
006#7FBB7E70FD0A37FF
007#7FF77FE0CC0A37FF
008#801B7FE0830A37FF
001#7FD37FE7AD9997FF
002#7F177FE7AD9997FF
003#71278137AD9997FF
004#90F27FE7AD9997FF
005#7FED7FD0C40A37FF
006#7FAE7EF0FD0A37FF
007#7FF77FD0CC0A37FF
008#801B7FE0830A37FF
001#7FD37FE7AD9997FF
002#7F177FE7AD9997FF
003#71308207AD9997FF
004#90F27FE7AD9997FF
005#7FED7FE0C40A37FF
006#7FB08020FD0A37FF
007#7FF57F80CC0A37FF
008#801B7FE0830A37FF
001#7FD37FD7AD9997FF
002#7F167FE7AD9997FF
003#71317FA7AD9997FF
004#90F27FE7AD9997FF
005#7FEF7FE0C40A37FF
006#7FB17FD0FD0A37FF
007#7FE77E80CC0A37FF
008#801B8000830A37FF
001#7FD37FE7AD9997FF
002#7F167FE7AD9997FF
003#71318007AD9997FF
004#90F27FD7AD9997FF
005#7FED7FE0C40A37FF
006#7FB18010FD0A37FF
007#7FC97CE0CC0A37FF
008#801B8000830A37FF
001#7FD37FE7AD9997FF
002#7F167FE7AD9997FF
003#71318007AD9997FF
004#90F27FE7AD9997FF
005#7FEF7FE0C40A37FF
006#7FB17FE0FD0A37FF
007#7F937B60CC0A37FF
008#801B7FD0830A37FF
001#7FD37FE7AD9997FF
002#7F167FE7AD9997FF
003#71317FE7AD9997FF
004#90F27FD7AD9997FF
005#7FEF7FE0C40A37FF
006#7FB17FE0FD0A37FF
007#7F4879E0CC0A37FF
008#801B7FE0830A37FF
001#7FD37FE7AD9997FF
002#7F177FE7AD9997FF
003#71317FD7AD9997FF
004#90F27FE7AD9997FF
005#7FEF7FE0C40A37FF
006#7FB17FE0FD0A37FF
007#7F0378D0CC0A37FF
008#801B7FE0830A37FF
001#7FD37FE7AD9997FF
002#7F167FE7AD9997FF
003#71317FE7AD9997FF
004#90F27FE7AD9997FF
005#7FEF7FE0C40A37FF
006#7FB18000FD0A37FF
007#7E937750CC0A37FF
008#801B7FD0830A37FF
001#7FD37FD7AD9997FF
002#7F168007AD9997FF
003#71317FE7AD9997FF
004#90F27FE7AD9997FF
005#7FEF7FD0C40A37FF
006#7FB17FE0FD0A37FF
007#7E137640CC0A37FF
008#801B7FE0830A37FF
001#7FD37FE7AD9997FF
002#7F167FE7AD9997FF
003#71317FE7AD9997FF
004#90F27FE7AD9997FF
005#7FEF7FE0C40A37FF
006#7FB18010FD0A37FF
007#7D9475B0CC0A37FF
008#801B7FE0830A37FF
001#7FD38007AD9997FF
002#7F167FE7AD9997FF
003#71317FD7AD9997FF
004#90F27FE7AD9997FF
005#7FEF8000C40A37FF
006#7FB18000FD0A37FF
007#7D2475A0CC0A37FF
008#801B8000830A37FF
001#7FD37FE7AD9997FF
002#7F167FE7AD9997FF
003#71317FE7AD9997FF
004#90F28007AD9997FF
005#7FEF7FE0C40A37FF
006#7FB17FE0FD0A37FF
007#7C987570CC0A37FF
008#801B7FE0830A37FF
001#7FD37FE7AD9997FF
002#7F167FE7AD9997FF
003#71318007AD9997FF
004#90F28007AD9997FF
005#7FEF8000C40A37FF
006#7FB18000FD0A37FF
007#7C157550CC0A37FF
008#801B7FE0830A37FF
001#7FD37FE7AD9997FF
002#7F167FE7AD9997FF
003#71317FE7AD9997FF
004#90F27FE7AD9997FF
005#7FF18010C40A37FF
006#7FB17FE0FD0A37FF
007#7B9F7550CC0A37FF
008#801B7FD0830A37FF
001#7FD37FD7AD9997FF
002#7F167FE7AD9997FF
003#71317FE7AD9997FF
004#90F27FE7AD9997FF
005#7FF88120C40A37FF
006#7FB18000FD0A37FF
007#7B1A7510CC0A37FF
008#801B7FE0830A37FF
001#7FD37FE7AD9997FF
002#7F167FE7AD9997FF
003#71317FE7AD9997FF
004#90F27FE7AD9997FF
005#800B8120C40A37FF
006#7FB17FE0FD0A37FF
007#7A8474F0CC0A37FF
008#801B7FD0830A37FF
001#7FD37FE7AD9997FF
002#7F167FE7AD9997FF
003#71317FE7AD9997FF
004#90F27FE7AD9997FF
005#80118050C40A37FF
006#7FB17FD0FD0A37FF
007#7A097510CC0A37FF
008#801B8000830A37FF
001#7FD37FE7AD9997FF
002#7F167FE7AD9997FF
003#71317FE7AD9997FF
004#90F27FE7AD9997FF
005#80148010C40A37FF
006#7FB17FE0FD0A37FF
007#798875A0CC0A37FF
008#801B8000830A37FF
001#7FD37FE7AD9997FF
002#7F167FE7AD9997FF
003#71317FD7AD9997FF
004#90F27FE7AD9997FF
005#80137FD0C40A37FF
006#7FB27FE0FD0A37FF
007#79127650CC0A37FF
008#801B7FD0830A37FF
001#7FD37FE7AD9997FF
002#7F167FE7AD9997FF
003#71317FD7AD9997FF
004#90F27FE7AD9997FF
005#80137FE0C40A37FF
006#7FB27FE0FD0A37FF
007#789576C0CC0A37FF
008#801B7FE0830A37FF
001#7FD37FE7AD9997FF
002#7F167FD7AD9997FF
003#71317FD7AD9997FF
004#90F37FE7AD9997FF
005#80137FE0C40A37FF
006#7FB38010FD0A37FF
007#782176D0CC0A37FF
008#801B7FE0830A37FF
001#7FD37FE7AD9997FF
002#7F168007AD9997FF
003#71317FE7AD9997FF
004#90F38047AD9997FF
005#80137FE0C40A37FF
006#7FB48030FD0A37FF
007#77BD76D0CC0A37FF
008#801B7FD0830A37FF
001#7FD37FE7AD9997FF
002#7F167FE7AD9997FF
003#71317FE7AD9997FF
004#90F680E7AD9997FF
005#80137FD0C40A37FF
006#7FBB8030FD0A37FF
007#77527790CC0A37FF
008#801B7FE0830A37FF
001#7FD37FD7AD9997FF
002#7F167FE7AD9997FF
003#71318007AD9997FF
004#90F980E7AD9997FF
005#80138000C40A37FF
006#7FBB7FE0FD0A37FF
007#76E477B0CC0A37FF
008#801B7FD0830A37FF
001#7FD37FE7AD9997FF
002#7F157FE7AD9997FF
003#71318007AD9997FF
004#90FC8027AD9997FF
005#80137FD0C40A37FF
006#7FBA7FC0FD0A37FF
007#76887890CC0A37FF
008#801B7FE0830A37FF
001#7FD37FE7AD9997FF
002#7F127FA7AD9997FF
003#71317FE7AD9997FF
004#90FC7FD7AD9997FF
005#80137FE0C40A37FF
006#7FBA8000FD0A37FF
007#76327870CC0A37FF
008#801B7FE0830A37FF
001#7FD37FE7AD9997FF
002#7F0E7FB7AD9997FF
003#71317FD7AD9997FF
004#90FC7FE7AD9997FF
005#80137FC0C40A37FF
006#7FBA7FE0FD0A37FF
007#75DA78C0CC0A37FF
008#801B7FE0830A37FF
001#7FD37FE7AD9997FF
002#7F097FB7AD9997FF
003#71317FD7AD9997FF
004#90FC7FE7AD9997FF
005#80137FC0C40A37FF
006#7FBA7FE0FD0A37FF
007#758D7960CC0A37FF
008#801B7FD0830A37FF
001#7FD37FE7AD9997FF
002#7F077FA7AD9997FF
003#71317FD7AD9997FF
004#90FC7FE7AD9997FF
005#80117FC0C40A37FF
006#7FBA8000FD0A37FF
007#754179C0CC0A37FF
008#801B7FE0830A37FF
001#7FD38007AD9997FF
002#7F027FA7AD9997FF
003#71317FE7AD9997FF
004#90FC7FE7AD9997FF
005#80097F90C40A37FF
006#7FBA7FE0FD0A37FF
007#74EC7980CC0A37FF
008#801B7FE0830A37FF
001#7FD37FE7AD9997FF
002#7EFB7F97AD9997FF
003#71317FE7AD9997FF
004#90FC7FE7AD9997FF
005#80087FD0C40A37FF
006#7FBA7FE0FD0A37FF
007#74A97A30CC0A37FF
008#801B7FE0830A37FF
001#7FD38007AD9997FF
002#7EF67FA7AD9997FF
003#71317FE7AD9997FF
004#90FC7FE7AD9997FF
005#80087FE0C40A37FF
006#7FBA7FC0FD0A37FF
007#745A7AC0CC0A37FF
008#801B7FE0830A37FF
001#7FD37FE7AD9997FF
002#7EF27FA7AD9997FF
003#71317FE7AD9997FF
004#90FC7FE7AD9997FF
005#80088000C40A37FF
006#7FBA7FD0FD0A37FF
007#74217AA0CC0A37FF
008#801B7FE0830A37FF
001#7FD37FE7AD9997FF
002#7EEE7FA7AD9997FF
003#71317FE7AD9997FF
004#90FC7FE7AD9997FF
005#80097FD0C40A37FF
006#7FBA7FD0FD0A37FF
007#73EB7B00CC0A37FF
008#801B7FE0830A37FF
001#7FD37FE7AD9997FF
002#7EEC7FC7AD9997FF
003#71317FD7AD9997FF
004#90FC7FE7AD9997FF
005#80087FD0C40A37FF
006#7FBA7FE0FD0A37FF
007#73B07AF0CC0A37FF
008#801B7FE0830A37FF
001#7FD37FE7AD9997FF
002#7EEB7FE7AD9997FF
003#71318007AD9997FF
004#90FC8007AD9997FF
005#80077FC0C40A37FF
006#7FBA7FE0FD0A37FF
007#737F7BF0CC0A37FF
008#801B7FD0830A37FF
001#7FD37FE7AD9997FF
002#7EEB7FE7AD9997FF
003#71318007AD9997FF
004#90FC7FE7AD9997FF
005#80037F80C40A37FF
006#7FBA7FE0FD0A37FF
007#734A7BE0CC0A37FF
008#801B7FD0830A37FF
001#7FD37FE7AD9997FF
002#7EEC8007AD9997FF
003#71317FD7AD9997FF
004#90FC7FE7AD9997FF
005#80017FC0C40A37FF
006#7FBA7FE0FD0A37FF
007#73137BF0CC0A37FF
008#801B7FE0830A37FF
001#7FD37FE7AD9997FF
002#7EEC7FE7AD9997FF
003#71317FE7AD9997FF
004#90FB7FD7AD9997FF
005#80018000C40A37FF
006#7FBA7FD0FD0A37FF
007#72ED7C50CC0A37FF
008#801B7FE0830A37FF
001#7FD37FE7AD9997FF
002#7EEC7FE7AD9997FF
003#71317FE7AD9997FF
004#90FB7FD7AD9997FF
005#80017FE0C40A37FF
006#7FBA8000FD0A37FF
007#72C37D00CC0A37FF
008#801B7FE0830A37FF
001#7FD37FE7AD9997FF
002#7EEC7FE7AD9997FF
003#71317FE7AD9997FF
004#90FB7FD7AD9997FF
005#80017FD0C40A37FF
006#7FBB8000FD0A37FF
007#729E7CD0CC0A37FF
008#801B7FD0830A37FF
001#7FD37FE7AD9997FF
002#7EEC7FE7AD9997FF
003#71317FE7AD9997FF
004#90FB7FD7AD9997FF
005#80007FE0C40A37FF
006#7FBA7FE0FD0A37FF
007#727A7D50CC0A37FF
008#801B7FE0830A37FF
001#7FD37FE7AD9997FF
002#7EEC7FE7AD9997FF
003#71317FE7AD9997FF
004#90FB7FD7AD9997FF
005#80018000C40A37FF
006#7FBB8000FD0A37FF
007#725C7CE0CC0A37FF
008#801B7FD0830A37FF
001#7FD37FE7AD9997FF
002#7EEC7FE7AD9997FF
003#71317FE7AD9997FF
004#90FB8007AD9997FF
005#80007FD0C40A37FF
006#7FBB8000FD0A37FF
007#723C7D70CC0A37FF
008#801B7FE0830A37FF
001#7FD37FE7AD9997FF
002#7EED7FE7AD9997FF
003#71317FD7AD9997FF
004#90FB7FE7AD9997FF
005#80007FD0C40A37FF
006#7FBB7FE0FD0A37FF
007#721A7D50CC0A37FF
008#801B7FD0830A37FF
001#7FD37FE7AD9997FF
002#7EED7FE7AD9997FF
003#71317FE7AD9997FF
004#90FB7FE7AD9997FF
005#80007FB0C40A37FF
006#7FBB7FE0FD0A37FF
007#71FF7DB0CC0A37FF
008#801B7FE0830A37FF
001#7FD37FE7AD9997FF
002#7EED7FE7AD9997FF
003#71307FD7AD9997FF
004#90FB7FE7AD9997FF
005#7FFF7FD0C40A37FF
006#7FBB7FE0FD0A37FF
007#71E67D90CC0A37FF
008#801B7FE0830A37FF
001#7FD38007AD9997FF
002#7EEC7FE7AD9997FF
003#712E7F47AD9997FF
004#90FB8007AD9997FF
005#7FFF7FD0C40A37FF
006#7FBB7FD0FD0A37FF
007#71C67D70CC0A37FF
008#801B7FE0830A37FF
001#7FD38007AD9997FF
002#7EED7FE7AD9997FF
003#712F7FE7AD9997FF
004#90FB7FE7AD9997FF
005#7FFF7FE0C40A37FF
006#7FBB7FE0FD0A37FF
007#71AE7E10CC0A37FF
008#801B7FE0830A37FF
001#7FD37FE7AD9997FF
002#7EEC7FE7AD9997FF
003#712F8007AD9997FF
004#90FB7FE7AD9997FF
005#80007FE0C40A37FF
006#7FBB7FD0FD0A37FF
007#719B7EA0CC0A37FF
008#801B7FE0830A37FF
001#7FD37FE7AD9997FF
002#7EEC7FD7AD9997FF
003#712F8007AD9997FF
004#90FB7FE7AD9997FF
005#80007FE0C40A37FF
006#7FBB7FE0FD0A37FF
007#718C7E20CC0A37FF
008#801B7FE0830A37FF
001#7FD37FE7AD9997FF
002#7EEB7FE7AD9997FF
003#712F8007AD9997FF
004#90FB7FE7AD9997FF
005#80007FE0C40A37FF
006#7FBB8000FD0A37FF
007#71787E80CC0A37FF
008#801B8000830A37FF
001#7FD37FE7AD9997FF
002#7EEB7FE7AD9997FF
003#712F7FE7AD9997FF
004#90FC8007AD9997FF
005#80008000C40A37FF
006#7FBB8000FD0A37FF
007#716C7EC0CC0A37FF
008#801B7FE0830A37FF
001#7FD37FE7AD9997FF
002#7EE97FD7AD9997FF
003#712F8007AD9997FF
004#90FC7FE7AD9997FF
005#80018000C40A37FF
006#7FBB7FE0FD0A37FF
007#715D7EC0CC0A37FF
008#801B7FD0830A37FF
001#7FD37FE7AD9997FF
002#7EE87FB7AD9997FF
003#712F7FE7AD9997FF
004#90FE80E7AD9997FF
005#80017FE0C40A37FF
006#7FBB7FE0FD0A37FF
007#714C7E50CC0A37FF
008#801B8000830A37FF
001#7FD37FE7AD9997FF
002#7EE47FB7AD9997FF
003#712F7FE7AD9997FF
004#91058117AD9997FF
005#80017FE0C40A37FF
006#7FBB7FD0FD0A37FF
007#71357E20CC0A37FF
008#801B7FE0830A37FF
001#7FD37FE7AD9997FF
002#7EDF7F97AD9997FF
003#712F7FE7AD9997FF
004#910E8347AD9997FF
005#80017FE0C40A37FF
006#7FBB7FD0FD0A37FF
007#712A7EF0CC0A37FF
008#801B7FE0830A37FF
001#7FD37FE7AD9997FF
002#7ED67F57AD9997FF
003#712F7FE7AD9997FF
004#91248517AD9997FF
005#80017FE0C40A37FF
006#7FBB7FE0FD0A37FF
007#711F7F80CC0A37FF
008#801B8000830A37FF
001#7FD37FE7AD9997FF
002#7ECD7F27AD9997FF
003#712F7FE7AD9997FF
004#91378557AD9997FF
005#80007FD0C40A37FF
006#7FBB7FE0FD0A37FF
007#711E7FE0CC0A37FF
008#801B8000830A37FF
001#7FD37FE7AD9997FF
002#7EBA7ED7AD9997FF
003#712F7FE7AD9997FF
004#91558677AD9997FF
005#80007FE0C40A37FF
006#7FBB7FE0FD0A37FF
007#711F8040CC0A37FF
008#801B8000830A37FF
001#7FD37FE7AD9997FF
002#7EA37E87AD9997FF
003#712F7FE7AD9997FF
004#916F86A7AD9997FF
005#80007FE0C40A37FF
006#7FBB7FE0FD0A37FF
007#71248070CC0A37FF
008#801B7FE0830A37FF
001#7FD37FE7AD9997FF
002#7E867E47AD9997FF
003#712F7FE7AD9997FF
004#91898617AD9997FF
005#7FFF7FD0C40A37FF
006#7FBB8010FD0A37FF
007#71268030CC0A37FF
008#801B7FD0830A37FF
001#7FD37FE7AD9997FF
002#7E637DF7AD9997FF
003#712F7FE7AD9997FF
004#91A286D7AD9997FF
005#7FFF7FE0C40A37FF
006#7FBB7FE0FD0A37FF
007#71308080CC0A37FF
008#801B7FE0830A37FF
001#7FD37FE7AD9997FF
002#7E3C7DB7AD9997FF
003#712F7FE7AD9997FF
004#91BD8657AD9997FF
005#7FFF7FD0C40A37FF
006#7FBB7FE0FD0A37FF
007#71408150CC0A37FF
008#801B8000830A37FF
001#7FD37FE7AD9997FF
002#7E0A7D57AD9997FF
003#712F7FD7AD9997FF
004#91D98677AD9997FF
005#7FFF7FE0C40A37FF
006#7FBB7FE0FD0A37FF
007#715481A0CC0A37FF
008#801B7FE0830A37FF
001#7FD37FE7AD9997FF
002#7DDE7D27AD9997FF
003#712F7FE7AD9997FF
004#91EE85A7AD9997FF
005#7FFF7FE0C40A37FF
006#7FBB7FE0FD0A37FF
007#716C8280CC0A37FF
008#801B7FE0830A37FF
001#7FD38007AD9997FF
002#7DAB7D17AD9997FF
003#712F7FE7AD9997FF
004#92058587AD9997FF
005#7FFF8000C40A37FF
006#7FBB7FE0FD0A37FF
007#71908300CC0A37FF
008#801B7FD0830A37FF
001#7FD37FE7AD9997FF
002#7D727CD7AD9997FF
003#712F7FE7AD9997FF
004#921B8527AD9997FF
005#7FF97F40C40A37FF
006#7FBB7FD0FD0A37FF
007#71B68330CC0A37FF
008#801B7FE0830A37FF
001#7FD37FD7AD9997FF
002#7D377CA7AD9997FF
003#712F7FE7AD9997FF
004#922F84C7AD9997FF
005#7FEF7F00C40A37FF
006#7FBB7FE0FD0A37FF
007#71E18370CC0A37FF
008#801B7FD0830A37FF
001#7FD37FE7AD9997FF
002#7CFA7CA7AD9997FF
003#712F7FE7AD9997FF
004#92418437AD9997FF
005#7FDE7E30C40A37FF
006#7FBB7FE0FD0A37FF
007#720F8390CC0A37FF
008#801B7FE0830A37FF
001#7FD37FE7AD9997FF
002#7CB67C77AD9997FF
003#712F8007AD9997FF
004#925183F7AD9997FF
005#7FC57DF0C40A37FF
006#7FBC8000FD0A37FF
007#72398370CC0A37FF
008#801B8000830A37FF
001#7FD37FE7AD9997FF
002#7C7A7C87AD9997FF
003#712F7FE7AD9997FF
004#92608347AD9997FF
005#7FAB7E00C40A37FF
006#7FBC8000FD0A37FF
007#726983D0CC0A37FF
008#801B7FE0830A37FF
001#7FD37FE7AD9997FF
002#7C367C37AD9997FF
003#712F7FD7AD9997FF
004#926B82B7AD9997FF
005#7F927DF0C40A37FF
006#7FBD8000FD0A37FF
007#729A83C0CC0A37FF
008#801B7FE0830A37FF
001#7FD37FE7AD9997FF
002#7BF17C47AD9997FF
003#712F7FE7AD9997FF
004#92778277AD9997FF
005#7F7C7E30C40A37FF
006#7FC380D0FD0A37FF
007#72C683A0CC0A37FF
008#801B7FE0830A37FF
001#7FD37FE7AD9997FF
002#7BAA7C07AD9997FF
003#712F7FE7AD9997FF
004#927F8257AD9997FF
005#7F697EA0C40A37FF
006#7FD38120FD0A37FF
007#72F483A0CC0A37FF
008#801B7FD0830A37FF
001#7FD37FE7AD9997FF
002#7B607BD7AD9997FF
003#712F7FE7AD9997FF
004#92878157AD9997FF
005#7F5A7F00C40A37FF
006#7FE781B0FD0A37FF
007#732183A0CC0A37FF
008#801B7FE0830A37FF
001#7FD37FE7AD9997FF
002#7B147BC7AD9997FF
003#712F7FE7AD9997FF
004#928B80B7AD9997FF
005#7F557FA0C40A37FF
006#7FFD81F0FD0A37FF
007#734782C0CC0A37FF
008#801B7FE0830A37FF
001#7FD37FE7AD9997FF
002#7AC47B97AD9997FF
003#712F7FE7AD9997FF
004#928C7FE7AD9997FF
005#7F507F40C40A37FF
006#800D8100FD0A37FF
007#73688290CC0A37FF
008#801B7FE0830A37FF
001#7FD37FE7AD9997FF
002#7A727B77AD9997FF
003#712F7FE7AD9997FF
004#928C7FE7AD9997FF
005#7F497F60C40A37FF
006#80168050FD0A37FF
007#738381F0CC0A37FF
008#801B7FE0830A37FF
001#7FD37FE7AD9997FF
002#7A177B67AD9997FF
003#712F8007AD9997FF
004#928C7FE7AD9997FF
005#7F3F7F30C40A37FF
006#80167FE0FD0A37FF
007#739D8200CC0A37FF
008#801B7FE0830A37FF
001#7FD37FE7AD9997FF
002#79CC7B67AD9997FF
003#712F8007AD9997FF
004#928C7FE7AD9997FF
005#7F377F80C40A37FF
006#80178030FD0A37FF
007#73B181B0CC0A37FF
008#801B7FE0830A37FF
001#7FD38007AD9997FF
002#79767B47AD9997FF
003#712F8007AD9997FF
004#928C7FE7AD9997FF
005#7F2E7F80C40A37FF
006#802280C0FD0A37FF
007#73BF8100CC0A37FF
008#801B7FE0830A37FF
001#7FD37FE7AD9997FF
002#791E7B47AD9997FF
003#712F7FE7AD9997FF
004#928C7FE7AD9997FF
005#7F2E8010C40A37FF
006#803481B0FD0A37FF
007#73C78070CC0A37FF
008#801B7FD0830A37FF
001#7FD37FE7AD9997FF
002#78C27B57AD9997FF
003#712F7FE7AD9997FF
004#928C7FE7AD9997FF
005#7F2E7FD0C40A37FF
006#805081E0FD0A37FF
007#73D48120CC0A37FF
008#801B7FE0830A37FF
001#7FD38007AD9997FF
002#78747B57AD9997FF
003#712F7FE7AD9997FF
004#928C8007AD9997FF
005#7F2D7FD0C40A37FF
006#805C80B0FD0A37FF
007#73E38190CC0A37FF
008#801B7FD0830A37FF
001#7FD37FE7AD9997FF
002#781F7B57AD9997FF
003#712F7FE7AD9997FF
004#928B7FD7AD9997FF
005#7F2D7FD0C40A37FF
006#805C7FD0FD0A37FF
007#73F88170CC0A37FF
008#801B7FE0830A37FF
001#7FD38007AD9997FF
002#77CC7B67AD9997FF
003#712F7FE7AD9997FF
004#928B7FE7AD9997FF
005#7F2D7FE0C40A37FF
006#805C7FE0FD0A37FF
007#74068120CC0A37FF
008#801B7FE0830A37FF
001#7FD37FE7AD9997FF
002#77797B77AD9997FF
003#712F7FE7AD9997FF
004#928B7FE7AD9997FF
005#7F2C7FA0C40A37FF
006#805C7FD0FD0A37FF
007#74168180CC0A37FF
008#801B7FD0830A37FF
001#7FD37FE7AD9997FF
002#77207B97AD9997FF
003#712F7FD7AD9997FF
004#928C7FE7AD9997FF
005#7F277FD0C40A37FF
006#805C7FE0FD0A37FF
007#74338210CC0A37FF
008#801B7FE0830A37FF
001#7FD37FE7AD9997FF
002#76D67B87AD9997FF
003#712F7FE7AD9997FF
004#928C7FD7AD9997FF
005#7F278000C40A37FF
006#805C7FE0FD0A37FF
007#744881B0CC0A37FF
008#801B7FD0830A37FF
001#7FD37FE7AD9997FF
002#76807BA7AD9997FF
003#712F7FE7AD9997FF
004#928B7FD7AD9997FF
005#7F277FD0C40A37FF
006#805C7FE0FD0A37FF
007#74648250CC0A37FF
008#801B7FE0830A37FF
001#7FD37FE7AD9997FF
002#763A7BD7AD9997FF
003#712F8007AD9997FF
004#928B7FE7AD9997FF
005#7F277FE0C40A37FF
006#805C7FE0FD0A37FF
007#747E8260CC0A37FF
008#801B8000830A37FF
001#7FD37FE7AD9997FF
002#75E77BC7AD9997FF
003#712F7FE7AD9997FF
004#928C7FE7AD9997FF
005#7F277FD0C40A37FF
006#805B7FE0FD0A37FF
007#749B81F0CC0A37FF
008#801B7FE0830A37FF
001#7FD37FD7AD9997FF
002#75997BE7AD9997FF
003#712F7FE7AD9997FF
004#928B7FE7AD9997FF
005#7F277FE0C40A37FF
006#805C7FE0FD0A37FF
007#74B68240CC0A37FF
008#801B7FE0830A37FF
001#7FD37FE7AD9997FF
002#75577BF7AD9997FF
003#712F7FE7AD9997FF
004#928C7FE7AD9997FF
005#7F277FE0C40A37FF
006#805C7FD0FD0A37FF
007#74CF8210CC0A37FF
008#801B7FE0830A37FF
001#7FD37FE7AD9997FF
002#750C7BE7AD9997FF
003#712F7FE7AD9997FF
004#928C7FD7AD9997FF
005#7F277FE0C40A37FF
006#805C7FE0FD0A37FF
007#74E28180CC0A37FF
008#801B8000830A37FF
001#7FD27FE7AD9997FF
002#74BF7C17AD9997FF
003#712F7FE7AD9997FF
004#928B7FE7AD9997FF
005#7F287FD0C40A37FF
006#805C8010FD0A37FF
007#74FA81E0CC0A37FF
008#801B7FE0830A37FF
001#7FD38007AD9997FF
002#747A7C17AD9997FF
003#712F7FE7AD9997FF
004#928C8007AD9997FF
005#7F288000C40A37FF
006#806580E0FD0A37FF
007#750F81A0CC0A37FF
008#801B7FE0830A37FF
001#7FD37FE7AD9997FF
002#74347C17AD9997FF
003#712F7FE7AD9997FF
004#928B7FE7AD9997FF
005#7F278000C40A37FF
006#807981C0FD0A37FF
007#75188070CC0A37FF
008#801B7FE0830A37FF
001#7FD37FE7AD9997FF
002#73F77C47AD9997FF
003#712F7FE7AD9997FF
004#928B7FD7AD9997FF
005#7F277FE0C40A37FF
006#809081F0FD0A37FF
007#751C8030CC0A37FF
008#801B7FE0830A37FF
001#7FD37FE7AD9997FF
002#73B07C37AD9997FF
003#712F7FE7AD9997FF
004#928B7FD7AD9997FF
005#7F277FD0C40A37FF
006#809C80D0FD0A37FF
007#751E8020CC0A37FF
008#801B7FE0830A37FF
001#7FD37FE7AD9997FF
002#73697C77AD9997FF
003#712F7FE7AD9997FF
004#928B7FE7AD9997FF
005#7F278000C40A37FF
006#809C7FE0FD0A37FF
007#752780E0CC0A37FF
008#801B8000830A37FF
001#7FD37FE7AD9997FF
002#73277C87AD9997FF
003#712F7FE7AD9997FF
004#928B7FE7AD9997FF
005#7F277FE0C40A37FF
006#809C7FE0FD0A37FF
007#753E81F0CC0A37FF
008#801B7FE0830A37FF
001#7FD37FE7AD9997FF
002#72F07C87AD9997FF
003#712F7FE7AD9997FF
004#928C7FE7AD9997FF
005#7F288000C40A37FF
006#809C7FE0FD0A37FF
007#755481C0CC0A37FF
008#801B7FE0830A37FF
001#7FD38007AD9997FF
002#72AF7C67AD9997FF
003#712F7FE7AD9997FF
004#928B7FE7AD9997FF
005#7F287FE0C40A37FF
006#809C7FE0FD0A37FF
007#756080E0CC0A37FF
008#801B7FE0830A37FF
001#7FD38007AD9997FF
002#72767C87AD9997FF
003#712F7FD7AD9997FF
004#928B7FE7AD9997FF
005#7F277FE0C40A37FF
006#809E8000FD0A37FF
007#757081C0CC0A37FF
008#801B7FE0830A37FF
001#7FD28007AD9997FF
002#72357CC7AD9997FF
003#712F7FE7AD9997FF
004#928B8007AD9997FF
005#7F277FC0C40A37FF
006#809E7FE0FD0A37FF
007#759682D0CC0A37FF
008#801B7FE0830A37FF
001#7FD27FD7AD9997FF
002#71F17CA7AD9997FF
003#712F7FD7AD9997FF
004#928B7FE7AD9997FF
005#7F277FE0C40A37FF
006#809E8000FD0A37FF
007#75BA82C0CC0A37FF
008#801B8000830A37FF
001#7FD27FE7AD9997FF
002#71B97CE7AD9997FF
003#712F7FE7AD9997FF
004#928B7FE7AD9997FF
005#7F287FE0C40A37FF
006#80A08030FD0A37FF
007#75DF82E0CC0A37FF
008#801B7FE0830A37FF
001#7FD27FD7AD9997FF
002#71837CC7AD9997FF
003#712F7FE7AD9997FF
004#928B7FE7AD9997FF
005#7F277FE0C40A37FF
006#80A98100FD0A37FF
007#76028350CC0A37FF
008#801B7FE0830A37FF
001#7FD27FE7AD9997FF
002#71477D07AD9997FF
003#712F7FE7AD9997FF
004#928B8007AD9997FF
005#7F277FE0C40A37FF
006#80C38210FD0A37FF
007#763583D0CC0A37FF
008#801B7FE0830A37FF
001#7FD27FE7AD9997FF
002#710F7D17AD9997FF
003#712F7FD7AD9997FF
004#928B7FE7AD9997FF
005#7F277FD0C40A37FF
006#80DA8190FD0A37FF
007#76678400CC0A37FF
008#801B7FD0830A37FF
001#7FD27FE7AD9997FF
002#70DF7D27AD9997FF
003#712F7FE7AD9997FF
004#928B7FD7AD9997FF
005#7F277FD0C40A37FF
006#80E88130FD0A37FF
007#76988460CC0A37FF
008#801B7FE0830A37FF
001#7FD27FE7AD9997FF
002#70A67D07AD9997FF
003#712F7FD7AD9997FF
004#928B7FE7AD9997FF
005#7F277FE0C40A37FF
006#80FB8170FD0A37FF
007#76D484F0CC0A37FF
008#801B7FD0830A37FF
001#7FD28007AD9997FF
002#706F7D07AD9997FF
003#712F7FE7AD9997FF
004#928B7FD7AD9997FF
005#7F278000C40A37FF
006#81108160FD0A37FF
007#77148550CC0A37FF
008#801B7FE0830A37FF
001#7FD27FE7AD9997FF
002#70397D27AD9997FF
003#712F7FE7AD9997FF
004#928B7FE7AD9997FF
005#7F277FE0C40A37FF
006#81137FD0FD0A37FF
007#77578500CC0A37FF
008#801B7FE0830A37FF
001#7FD27FD7AD9997FF
002#70057D37AD9997FF
003#712E7FD7AD9997FF
004#928B7FD7AD9997FF
005#7F277FE0C40A37FF
006#81138000FD0A37FF
007#778F8490CC0A37FF
008#801B8000830A37FF
001#7FD27FD7AD9997FF
002#6FCD7D07AD9997FF
003#712C7EE7AD9997FF
004#928B7FE7AD9997FF
005#7F277FD0C40A37FF
006#81168030FD0A37FF
007#77C883D0CC0A37FF
008#801B8000830A37FF
001#7FD27FE7AD9997FF
002#6F9D7D27AD9997FF
003#71297F37AD9997FF
004#928B7FD7AD9997FF
005#7F278000C40A37FF
006#811C8050FD0A37FF
007#77EC8350CC0A37FF
008#801B7FE0830A37FF
001#7FD27FE7AD9997FF
002#6F667D27AD9997FF
003#71257F57AD9997FF
004#928B7FE7AD9997FF
005#7F277FE0C40A37FF
006#811C8010FD0A37FF
007#78108210CC0A37FF
008#801B7FD0830A37FF
001#7FD27FE7AD9997FF
002#6F357D27AD9997FF
003#711F7DF7AD9997FF
004#928A7F77AD9997FF
005#7F278000C40A37FF
006#811F8040FD0A37FF
007#781C80F0CC0A37FF
008#801B8000830A37FF
001#7FD27FE7AD9997FF
002#6EFE7D27AD9997FF
003#71187E27AD9997FF
004#92857ED7AD9997FF
005#7F277FE0C40A37FF
006#81288070FD0A37FF
007#78217FD0CC0A37FF
008#801B8000830A37FF
001#7FD27FE7AD9997FF
002#6ECA7D07AD9997FF
003#71107DF7AD9997FF
004#92827F87AD9997FF
005#7F277FE0C40A37FF
006#812C8070FD0A37FF
007#78208010CC0A37FF
008#801B7FE0830A37FF
001#7FD27FE7AD9997FF
002#6E9B7D17AD9997FF
003#71097DF7AD9997FF
004#927E7E97AD9997FF
005#7F277FD0C40A37FF
006#81368100FD0A37FF
007#78218000CC0A37FF
008#801B7FE0830A37FF
001#7FD27FE7AD9997FF
002#6E677D17AD9997FF
003#71047EC7AD9997FF
004#927B7F47AD9997FF
005#7F277FE0C40A37FF
006#81498150FD0A37FF
007#78218010CC0A37FF
008#801B7FD0830A37FF
001#7FD27FE7AD9997FF
002#6E3A7D27AD9997FF
003#71017F37AD9997FF
004#92797F07AD9997FF
005#7F257FD0C40A37FF
006#81598190FD0A37FF
007#78218010CC0A37FF
008#801B8000830A37FF
001#7FD27FD7AD9997FF
002#6E047D47AD9997FF
003#70FA7E97AD9997FF
004#92747E87AD9997FF
005#7F247FA0C40A37FF
006#81688100FD0A37FF
007#78217FE0CC0A37FF
008#801B7FE0830A37FF
001#7FD27FE7AD9997FF
002#6DD57D67AD9997FF
003#70F67F17AD9997FF
004#926F7EF7AD9997FF
005#7F1F7F50C40A37FF
006#816B7FB0FD0A37FF
007#78207FE0CC0A37FF
008#801B7FE0830A37FF
001#7FD27FE7AD9997FF
002#6DA87D87AD9997FF
003#70F58017AD9997FF
004#926C7FA7AD9997FF
005#7F197F70C40A37FF
006#816B7FE0FD0A37FF
007#78217FE0CC0A37FF
008#801B7FE0830A37FF
001#7FD27FE7AD9997FF
002#6D767DA7AD9997FF
003#70F57FE7AD9997FF
004#926C7FC7AD9997FF
005#7F0D7F20C40A37FF
006#816B7FE0FD0A37FF
007#78248030CC0A37FF
008#801B7FE0830A37FF
001#7FD27FE7AD9997FF
002#6D507DC7AD9997FF
003#70F57FE7AD9997FF
004#926C7FD7AD9997FF
005#7EFE7E40C40A37FF
006#816B7FE0FD0A37FF
007#78288080CC0A37FF
008#801B7FE0830A37FF
001#7FD27FE7AD9997FF
002#6D257DD7AD9997FF
003#70F57FD7AD9997FF
004#926C7FE7AD9997FF
005#7EE47DF0C40A37FF
006#816B8000FD0A37FF
007#782A7FC0CC0A37FF
008#801B7FE0830A37FF
001#7FD27FE7AD9997FF
002#6CFB7DC7AD9997FF
003#70F57FE7AD9997FF
004#926C7FE7AD9997FF
005#7ED37EB0C40A37FF
006#816B7FE0FD0A37FF
007#782A8000CC0A37FF
008#801B7FE0830A37FF
001#7FD27FE7AD9997FF
002#6CD07DE7AD9997FF
003#70F57FE7AD9997FF
004#926B7FB7AD9997FF
005#7EC27E50C40A37FF
006#816B7FE0FD0A37FF
007#782B8000CC0A37FF
008#801B7FE0830A37FF
001#7FD27FE7AD9997FF
002#6CAB7DE7AD9997FF
003#70F57FE7AD9997FF
004#92677EB7AD9997FF
005#7EA87DA0C40A37FF
006#816B7FE0FD0A37FF
007#782B7FC0CC0A37FF
008#801B7FE0830A37FF
001#7FD27FD7AD9997FF
002#6C867DF7AD9997FF
003#70F57FE7AD9997FF
004#92657F37AD9997FF
005#7E937E60C40A37FF
006#816B7FE0FD0A37FF
007#782A7FE0CC0A37FF
008#801B7FE0830A37FF
001#7FD27FE7AD9997FF
002#6C637DB7AD9997FF
003#70F58007AD9997FF
004#92617EA7AD9997FF
005#7E8C7F50C40A37FF
006#816B7FD0FD0A37FF
007#782B7FB0CC0A37FF
008#801B7FD0830A37FF
001#7FD27FE7AD9997FF
002#6C3D7DB7AD9997FF
003#70F57FE7AD9997FF
004#92597E37AD9997FF
005#7E877F90C40A37FF
006#816B7FE0FD0A37FF
007#782B8010CC0A37FF
008#801B8000830A37FF
001#7FD28007AD9997FF
002#6C167DF7AD9997FF
003#70F57FE7AD9997FF
004#924F7CF7AD9997FF
005#7E877FD0C40A37FF
006#816D8020FD0A37FF
007#782B8010CC0A37FF
008#801B7FE0830A37FF
001#7FD27FE7AD9997FF
002#6BF77E17AD9997FF
003#70F57FE7AD9997FF
004#92437D07AD9997FF
005#7E877FE0C40A37FF
006#816D7FD0FD0A37FF
007#78297FE0CC0A37FF
008#801B7FE0830A37FF
001#7FD27FE7AD9997FF
002#6BD67E37AD9997FF
003#70F57FE7AD9997FF
004#92387CE7AD9997FF
005#7E877FE0C40A37FF
006#816D7FE0FD0A37FF
007#78298000CC0A37FF
008#801B7FE0830A37FF
001#7FD27FE7AD9997FF
002#6BB67E37AD9997FF
003#70F57FE7AD9997FF
004#92287C27AD9997FF
005#7E877FE0C40A37FF
006#816F8020FD0A37FF
007#78297FC0CC0A37FF
008#801B7FE0830A37FF
001#7FD27FE7AD9997FF
002#6B997E37AD9997FF
003#70F57FE7AD9997FF
004#92167B07AD9997FF
005#7E877FD0C40A37FF
006#817A80F0FD0A37FF
007#78297FD0CC0A37FF
008#801B7FD0830A37FF
001#7FD27FE7AD9997FF
002#6B7C7E67AD9997FF
003#70F57FE7AD9997FF
004#91FF7A97AD9997FF
005#7E877FB0C40A37FF
006#817F7FE0FD0A37FF
007#78287FD0CC0A37FF
008#801B7FE0830A37FF
001#7FD27FD7AD9997FF
002#6B617E77AD9997FF
003#70F57FE7AD9997FF
004#91EA79E7AD9997FF
005#7E877FE0C40A37FF
006#817F7FD0FD0A37FF
007#78287FC0CC0A37FF
008#801B7FD0830A37FF
001#7FD27FE7AD9997FF
002#6B457E87AD9997FF
003#70F57FE7AD9997FF
004#91CD7967AD9997FF
005#7E877FE0C40A37FF
006#817F7FD0FD0A37FF
007#78287FD0CC0A37FF
008#801B7FE0830A37FF
001#7FD27FE7AD9997FF
002#6B287E87AD9997FF
003#70F57FE7AD9997FF
004#91B07977AD9997FF
005#7E847F90C40A37FF
006#817F7FD0FD0A37FF
007#781D7EB0CC0A37FF
008#801B7FE0830A37FF
001#7FD27FD7AD9997FF
002#6B127E57AD9997FF
003#70F57FE7AD9997FF
004#919978A7AD9997FF
005#7E777E40C40A37FF
006#817F7FD0FD0A37FF
007#780D7E40CC0A37FF
008#801B8000830A37FF
001#7FD27FE7AD9997FF
002#6AF47E57AD9997FF
003#70F57FE7AD9997FF
004#91797827AD9997FF
005#7E5B7D80C40A37FF
006#817F8000FD0A37FF
007#77E77C80CC0A37FF
008#801B7FE0830A37FF
001#7FD27FE7AD9997FF
002#6AD77E27AD9997FF
003#70F57FE7AD9997FF
004#91597797AD9997FF
005#7E3C7D60C40A37FF
006#817F7FE0FD0A37FF
007#77B37B00CC0A37FF
008#801B7FE0830A37FF
001#7FD27FE7AD9997FF
002#6AB77E27AD9997FF
003#70F57FE7AD9997FF
004#913275D7AD9997FF
005#7E1B7D10C40A37FF
006#817F7FE0FD0A37FF
007#776D79F0CC0A37FF
008#801B7FE0830A37FF
001#7FD27FE7AD9997FF
002#6A977E27AD9997FF
003#70F57FE7AD9997FF
004#91077577AD9997FF
005#7DFF7D80C40A37FF
006#817F7FD0FD0A37FF
007#771B7900CC0A37FF
008#801B7FE0830A37FF
001#7FD17FE7AD9997FF
002#6A737E27AD9997FF
003#70F57FE7AD9997FF
004#90D77537AD9997FF
005#7DE37DF0C40A37FF
006#817F7FE0FD0A37FF
007#76BE7910CC0A37FF
008#801B7FD0830A37FF
001#7FD17FE7AD9997FF
002#6A567E17AD9997FF
003#70F57FE7AD9997FF
004#90AF7507AD9997FF
005#7DCC7DF0C40A37FF
006#817F7FE0FD0A37FF
007#76767970CC0A37FF
008#801B7FE0830A37FF
001#7FD17FE7AD9997FF
002#6A387E37AD9997FF
003#70F57FE7AD9997FF
004#908074E7AD9997FF
005#7DBD7F00C40A37FF
006#817F7FD0FD0A37FF
007#762C7A10CC0A37FF
008#801B8000830A37FF
001#7FD17FD7AD9997FF
002#6A177E57AD9997FF
003#70F57FD7AD9997FF
004#904F7447AD9997FF
005#7DB87FD0C40A37FF
006#817F7FE0FD0A37FF
007#75EB7BD0CC0A37FF
008#801B7FE0830A37FF
001#7FD07FC7AD9997FF
002#6A007E97AD9997FF
003#70F57FE7AD9997FF
004#902574C7AD9997FF
005#7DBA8030C40A37FF
006#817F7FE0FD0A37FF
007#75C97CE0CC0A37FF
008#801B7FE0830A37FF
001#7FCB7FC7AD9997FF
002#69E97EB7AD9997FF
003#70F58007AD9997FF
004#8FF774C7AD9997FF
005#7DBA7FE0C40A37FF
006#817F7FE0FD0A37FF
007#75B87F60CC0A37FF
008#801B7FD0830A37FF
001#7FCA7FD7AD9997FF
002#69D07E87AD9997FF
003#70F57FA7AD9997FF
004#8FCF7647AD9997FF
005#7DBA7FD0C40A37FF
006#817F7FE0FD0A37FF
007#75BA8000CC0A37FF
008#801B8000830A37FF
001#7FCA7FE7AD9997FF
002#69B97EB7AD9997FF
003#70F27F17AD9997FF
004#8F9F7517AD9997FF
005#7DB87FC0C40A37FF
006#817F7FD0FD0A37FF
007#75BD8000CC0A37FF
008#801B7FD0830A37FF
001#7FCA7FE7AD9997FF
002#69A27EB7AD9997FF
003#70EA7DF7AD9997FF
004#8F7674A7AD9997FF
005#7DBA8020C40A37FF
006#817F8000FD0A37FF
007#75BB7FC0CC0A37FF
008#801B7FE0830A37FF
001#7FCA7FE7AD9997FF
002#698B7E77AD9997FF
003#70E47E77AD9997FF
004#8F4B7597AD9997FF
005#7DBA7FD0C40A37FF
006#817F7FE0FD0A37FF
007#75BA7FC0CC0A37FF
008#801B7FE0830A37FF
001#7FCA7FE7AD9997FF
002#69707E77AD9997FF
003#70E07E77AD9997FF
004#8F237687AD9997FF
005#7DB87FC0C40A37FF
006#817F8000FD0A37FF
007#75B87FE0CC0A37FF
008#801B8000830A37FF
001#7FCA7FE7AD9997FF
002#69537E87AD9997FF
003#70D47D27AD9997FF
004#8EFB76F7AD9997FF
005#7DBA8010C40A37FF
006#817F8000FD0A37FF
007#75B57F90CC0A37FF
008#801B8000830A37FF
001#7FCA7FE7AD9997FF
002#693B7E87AD9997FF
003#70CC7D97AD9997FF
004#8ED576D7AD9997FF
005#7DBA8000C40A37FF
006#817F7FE0FD0A37FF
007#75A97E80CC0A37FF
008#801B7FE0830A37FF
001#7FCA7FE7AD9997FF
002#69207E67AD9997FF
003#70C17D97AD9997FF
004#8EB77777AD9997FF
005#7DBA8000C40A37FF
006#817F7FE0FD0A37FF
007#758C7CF0CC0A37FF
008#801B7FE0830A37FF
001#7FCA7FE7AD9997FF
002#69047E57AD9997FF
003#70BA7DF7AD9997FF
004#8E917737AD9997FF
005#7DBA8010C40A37FF
006#817F7FE0FD0A37FF
007#75637C80CC0A37FF
008#801B7FE0830A37FF
001#7FCA7FE7AD9997FF
002#68EB7E97AD9997FF
003#70B37E67AD9997FF
004#8E7277E7AD9997FF
005#7DBA7FE0C40A37FF
006#817F7FE0FD0A37FF
007#75307B90CC0A37FF
008#801B7FE0830A37FF
001#7FCA7FD7AD9997FF
002#68D07E87AD9997FF
003#70B17FA7AD9997FF
004#8E547977AD9997FF
005#7DBA8000C40A37FF
006#817F7FE0FD0A37FF
007#74F77B10CC0A37FF
008#801B7FE0830A37FF
001#7FCA7FE7AD9997FF
002#68BA7EC7AD9997FF
003#70B18007AD9997FF
004#8E3C7A47AD9997FF
005#7DBA8000C40A37FF
006#817F7FD0FD0A37FF
007#74BF7B60CC0A37FF
008#801B8000830A37FF
001#7FCA7FE7AD9997FF
002#68A27EA7AD9997FF
003#70B18007AD9997FF
004#8E2A7BD7AD9997FF
005#7DBA7FE0C40A37FF
006#817F7FE0FD0A37FF
007#748B7BD0CC0A37FF
008#801B7FE0830A37FF
001#7FCA7FE7AD9997FF
002#68917F07AD9997FF
003#70B27FE7AD9997FF
004#8E1C7CA7AD9997FF
005#7DBA7FD0C40A37FF
006#817F8000FD0A37FF
007#74657D50CC0A37FF
008#801B7FE0830A37FF
001#7FCA7FE7AD9997FF
002#68807EF7AD9997FF
003#70B27FD7AD9997FF
004#8E167F57AD9997FF
005#7DBC8010C40A37FF
006#817F7FD0FD0A37FF
007#74517E80CC0A37FF
008#801B8000830A37FF
001#7FCA7FE7AD9997FF
002#68747F57AD9997FF
003#70B27FE7AD9997FF
004#8E178017AD9997FF
005#7DBC7FC0C40A37FF
006#817F7FD0FD0A37FF
007#74528050CC0A37FF
008#801B8000830A37FF
001#7FCA7FE7AD9997FF
002#68667F27AD9997FF
003#70B27FD7AD9997FF
004#8E177FE7AD9997FF
005#7DBC8000C40A37FF
006#817F7FE0FD0A37FF
007#74527FD0CC0A37FF
008#801B7FE0830A37FF
001#7FCA7FE7AD9997FF
002#685C7F47AD9997FF
003#70B28007AD9997FF
004#8E177FE7AD9997FF
005#7DBD8010C40A37FF
006#817D7FE0FD0A37FF
007#74527FD0CC0A37FF
008#801B7FE0830A37FF
001#7FCA7FE7AD9997FF
002#68517F57AD9997FF
003#70B27FE7AD9997FF
004#8E177FE7AD9997FF
005#7DC480A0C40A37FF
006#817D7FE0FD0A37FF
007#74517FE0CC0A37FF
008#801B8000830A37FF
001#7FCA7FE7AD9997FF
002#68477F67AD9997FF
003#70B27FE7AD9997FF
004#8E178007AD9997FF
005#7DC67FC0C40A37FF
006#817D7FD0FD0A37FF
007#74517FD0CC0A37FF
008#801B7FE0830A37FF
001#7FCB8007AD9997FF
002#683E7F67AD9997FF
003#70B28007AD9997FF
004#8E178007AD9997FF
005#7DC68000C40A37FF
006#817D8000FD0A37FF
007#74517FE0CC0A37FF
008#801B7FE0830A37FF
001#7FCA7FE7AD9997FF
002#68327F47AD9997FF
003#70B27FD7AD9997FF
004#8E177FE7AD9997FF
005#7DC78000C40A37FF
006#817D7FD0FD0A37FF
007#744E7F80CC0A37FF
008#801B8000830A37FF
001#7FCB8007AD9997FF
002#68287F47AD9997FF
003#70B27FE7AD9997FF
004#8E177FE7AD9997FF
005#7DC67FE0C40A37FF
006#817D8000FD0A37FF
007#74407EA0CC0A37FF
008#801B7FD0830A37FF
001#7FCB7FE7AD9997FF
002#681F7F67AD9997FF
003#70B27FE7AD9997FF
004#8E178007AD9997FF
005#7DC67FE0C40A37FF
006#817D7FE0FD0A37FF
007#742B7E40CC0A37FF
008#801B7FE0830A37FF
001#7FCB7FE7AD9997FF
002#68177F67AD9997FF
003#70B28007AD9997FF
004#8E178007AD9997FF
005#7DC77FE0C40A37FF
006#817D7FE0FD0A37FF
007#74187E50CC0A37FF
008#801B7FE0830A37FF
001#7FCA7FE7AD9997FF
002#680F7F67AD9997FF
003#70B27FE7AD9997FF
004#8E188027AD9997FF
005#7DC98040C40A37FF
006#817D7FE0FD0A37FF
007#74077EA0CC0A37FF
008#801B8000830A37FF
001#7FCA7FD7AD9997FF
002#68067F57AD9997FF
003#70B27FE7AD9997FF
004#8E198027AD9997FF
005#7DD18090C40A37FF
006#817D7FE0FD0A37FF
007#73F07E20CC0A37FF
008#801B7FE0830A37FF
001#7FCA7FE7AD9997FF
002#67FF7F57AD9997FF
003#70B27FE7AD9997FF
004#8E197FE7AD9997FF
005#7DD98060C40A37FF
006#817D7FE0FD0A37FF
007#73DF7EF0CC0A37FF
008#801B7FE0830A37FF
001#7FCB7FE7AD9997FF
002#67FA7F67AD9997FF
003#70B28007AD9997FF
004#8E197FE7AD9997FF
005#7DD98010C40A37FF
006#817D7FE0FD0A37FF
007#73DF8020CC0A37FF
008#801B7FE0830A37FF
001#7FCB7FE7AD9997FF
002#67F67F97AD9997FF
003#70B27FE7AD9997FF
004#8E198007AD9997FF
005#7DD97FD0C40A37FF
006#817D7FD0FD0A37FF
007#73DF8030CC0A37FF
008#801B8000830A37FF
001#7FCB7FE7AD9997FF
002#67F17FC7AD9997FF
003#70B27FE7AD9997FF
004#8E197FD7AD9997FF
005#7DD97FD0C40A37FF
006#817C7FD0FD0A37FF
007#73DF8000CC0A37FF
008#801B7FD0830A37FF
001#7FCB7FE7AD9997FF
002#67F08007AD9997FF
003#70B27FE7AD9997FF
004#8E197FE7AD9997FF
005#7DD97FD0C40A37FF
006#817A7FB0FD0A37FF
007#73E88080CC0A37FF
008#801B7FE0830A37FF
001#7FCB7FE7AD9997FF
002#67F07FE7AD9997FF
003#70B27FE7AD9997FF
004#8E197FE7AD9997FF
005#7DD98000C40A37FF
006#81707E80FD0A37FF
007#73E77FE0CC0A37FF
008#801B7FD0830A37FF
001#7FCB7FE7AD9997FF
002#67F18007AD9997FF
003#70B27FE7AD9997FF
004#8E197FE7AD9997FF
005#7DD97FE0C40A37FF
006#815B7E70FD0A37FF
007#73E67FC0CC0A37FF
008#801B7FE0830A37FF
001#7FCB7FD7AD9997FF
002#67F17FE7AD9997FF
003#70B27FE7AD9997FF
004#8E197FD7AD9997FF
005#7DD97FD0C40A37FF
006#81517F70FD0A37FF
007#73E78010CC0A37FF
008#801B7FE0830A37FF
001#7FCB7FE7AD9997FF
002#67F17FE7AD9997FF
003#70B27FE7AD9997FF
004#8E197FE7AD9997FF
005#7DD97FD0C40A37FF
006#814C7F60FD0A37FF
007#73E67FE0CC0A37FF
008#801B7FD0830A37FF
001#7FCB7FD7AD9997FF
002#67F17FE7AD9997FF
003#70B28007AD9997FF
004#8E197FE7AD9997FF
005#7DD98000C40A37FF
006#814C7FE0FD0A37FF
007#73E68000CC0A37FF
008#801B8000830A37FF
001#7FCB7FE7AD9997FF
002#67F07FD7AD9997FF
003#70B28007AD9997FF
004#8E197FE7AD9997FF
005#7DD97FD0C40A37FF
006#814C7FD0FD0A37FF
007#73E57FD0CC0A37FF
008#801B7FE0830A37FF
001#7FCA7FD7AD9997FF
002#67F07FE7AD9997FF
003#70B27FE7AD9997FF
004#8E197FE7AD9997FF
005#7DD97FD0C40A37FF
006#81497FD0FD0A37FF
007#73E57FE0CC0A37FF
008#801B7FE0830A37FF
001#7FCB7FE7AD9997FF
002#67F08007AD9997FF
003#70B27FE7AD9997FF
004#8E197FE7AD9997FF
005#7DD97FE0C40A37FF
006#81497FE0FD0A37FF
007#73E58000CC0A37FF
008#801B7FE0830A37FF
001#7FCB7FE7AD9997FF
002#67F07FE7AD9997FF
003#70B27FE7AD9997FF
004#8E197FE7AD9997FF
005#7DD97FE0C40A37FF
006#81497FE0FD0A37FF
007#73E57FD0CC0A37FF
008#801B7FE0830A37FF
001#7FCB8007AD9997FF
002#67EF7FE7AD9997FF
003#70B27FD7AD9997FF
004#8E197FE7AD9997FF
005#7DD97FE0C40A37FF
006#81497FE0FD0A37FF
007#73E57FE0CC0A37FF
008#801B7FD0830A37FF
001#7FCB7FE7AD9997FF
002#67EA7F97AD9997FF
003#70B28007AD9997FF
004#8E197FD7AD9997FF
005#7DD98000C40A37FF
006#81497FE0FD0A37FF
007#73E57FE0CC0A37FF
008#801B8000830A37FF
001#7FCB7FE7AD9997FF
002#67E77FB7AD9997FF
003#70B27FE7AD9997FF
004#8E197FE7AD9997FF
005#7DD97FE0C40A37FF
006#81497FE0FD0A37FF
007#73E68020CC0A37FF
008#801B7FE0830A37FF
001#7FCB7FE7AD9997FF
002#67DF7F87AD9997FF
003#70B27FD7AD9997FF
004#8E197FE7AD9997FF
005#7DD97FE0C40A37FF
006#81498000FD0A37FF
007#73E67FD0CC0A37FF
008#801B7FE0830A37FF
001#7FCB7FD7AD9997FF
002#67D47F57AD9997FF
003#70B28007AD9997FF
004#8E197FE7AD9997FF
005#7DD97FE0C40A37FF
006#814A8010FD0A37FF
007#73E57FD0CC0A37FF
008#801B7FE0830A37FF
001#7FCB7FE7AD9997FF
002#67C87F47AD9997FF
003#70B27FE7AD9997FF
004#8E197FE7AD9997FF
005#7DD97FE0C40A37FF
006#814C8000FD0A37FF
007#73E68010CC0A37FF
008#801B7FD0830A37FF
001#7FCB7FE7AD9997FF
002#67BB7F47AD9997FF
003#70B27FE7AD9997FF
004#8E198017AD9997FF
005#7DD98000C40A37FF
006#814C7FD0FD0A37FF
007#73E57FC0CC0A37FF
008#801B7FE0830A37FF
001#7FCB7FE7AD9997FF
002#67AA7ED7AD9997FF
003#70B28007AD9997FF
004#8E1A7FE7AD9997FF
005#7DD97FD0C40A37FF
006#814C7FE0FD0A37FF
007#73E47FB0CC0A37FF
008#801B8000830A37FF
001#7FCB7FE7AD9997FF
002#67957ED7AD9997FF
003#70B27FE7AD9997FF
004#8E1A7FE7AD9997FF
005#7DD87FD0C40A37FF
006#814C8000FD0A37FF
007#73E58020CC0A37FF
008#801B8000830A37FF
001#7FCB7FE7AD9997FF
002#67827EC7AD9997FF
003#70B27FE7AD9997FF
004#8E1A7FE7AD9997FF
005#7DD67FD0C40A37FF
006#814C7FD0FD0A37FF
007#73E67FE0CC0A37FF
008#801B7FE0830A37FF
001#7FCB7FE7AD9997FF
002#676F7F17AD9997FF
003#70B27FE7AD9997FF
004#8E1A7FE7AD9997FF
005#7DD68000C40A37FF
006#814C7FE0FD0A37FF
007#73E37FC0CC0A37FF
008#801B7FD0830A37FF
001#7FCB7FE7AD9997FF
002#675D7EF7AD9997FF
003#70B27FD7AD9997FF
004#8E1A7FD7AD9997FF
005#7DD67FC0C40A37FF
006#814C8000FD0A37FF
007#73E17FA0CC0A37FF
008#801B7FE0830A37FF
001#7FCB7FE7AD9997FF
002#674C7EF7AD9997FF
003#70B27FD7AD9997FF
004#8E1A7FE7AD9997FF
005#7DD47FC0C40A37FF
006#814C7FE0FD0A37FF
007#73D87F30CC0A37FF
008#801B7FD0830A37FF
001#7FCB7FE7AD9997FF
002#673C7F37AD9997FF
003#70B27FE7AD9997FF
004#8E1A7FE7AD9997FF
005#7DD17F60C40A37FF
006#814C7FE0FD0A37FF
007#73D67FC0CC0A37FF
008#801B7FE0830A37FF
001#7FCB7FE7AD9997FF
002#67327F57AD9997FF
003#70B27FD7AD9997FF
004#8E1A7FE7AD9997FF
005#7DC27E50C40A37FF
006#814C7FE0FD0A37FF
007#73D57FA0CC0A37FF
008#801B7FE0830A37FF
001#7FCB7FE7AD9997FF
002#672A7F67AD9997FF
003#70B27FE7AD9997FF
004#8E1A7FE7AD9997FF
005#7DB07E40C40A37FF
006#814C7FD0FD0A37FF
007#73D17F80CC0A37FF
008#801B7FE0830A37FF
001#7FCB7FD7AD9997FF
002#67237F97AD9997FF
003#70B27FE7AD9997FF
004#8E1A7FE7AD9997FF
005#7D9B7E00C40A37FF
006#814A7FE0FD0A37FF
007#73D07FE0CC0A37FF
008#801B7FD0830A37FF
001#7FCB7FE7AD9997FF
002#671D7FB7AD9997FF
003#70B27FE7AD9997FF
004#8E1A8007AD9997FF
005#7D817DC0C40A37FF
006#814A7FE0FD0A37FF
007#73D48000CC0A37FF
008#801B8000830A37FF
001#7FCA7FD7AD9997FF
002#671C7FE7AD9997FF
003#70B27FD7AD9997FF
004#8E1A7FE7AD9997FF
005#7D657D60C40A37FF
006#814A7FD0FD0A37FF
007#73D68050CC0A37FF
008#801B7FC0830A37FF
001#7FCA7FE7AD9997FF
002#671C7FE7AD9997FF
003#70B27FE7AD9997FF
004#8E1A7FE7AD9997FF
005#7D437D50C40A37FF
006#814A8000FD0A37FF
007#73DE80A0CC0A37FF
008#801B7FD0830A37FF
001#7FCA7FE7AD9997FF
002#671C7FE7AD9997FF
003#70B17FD7AD9997FF
004#8E1A7FE7AD9997FF
005#7D2E7EA0C40A37FF
006#814A8000FD0A37FF
007#73E880D0CC0A37FF
008#801B7FE0830A37FF
001#7FCA7FD7AD9997FF
002#671C8007AD9997FF
003#70B17FE7AD9997FF
004#8E1A7FE7AD9997FF
005#7D267F90C40A37FF
006#814A7FD0FD0A37FF
007#73EC8030CC0A37FF
008#801B7FE0830A37FF
001#7FCA7FD7AD9997FF
002#671D7FE7AD9997FF
003#70B17FD7AD9997FF
004#8E1A7FE7AD9997FF
005#7D278020C40A37FF
006#81497FC0FD0A37FF
007#73EF8000CC0A37FF
008#801B7FD0830A37FF
001#7FC57FA7AD9997FF
002#671D7FE7AD9997FF
003#70B28007AD9997FF
004#8E1A7FE7AD9997FF
005#7D288000C40A37FF
006#81477F60FD0A37FF
007#73EF8000CC0A37FF
008#801B8000830A37FF
001#7FC27FD7AD9997FF
002#671C7FE7AD9997FF
003#70B27FD7AD9997FF
004#8E1A7FE7AD9997FF
005#7D288020C40A37FF
006#81317DD0FD0A37FF
007#73EF8000CC0A37FF
008#801B7FE0830A37FF
001#7FBB7F87AD9997FF
002#671D7FE7AD9997FF
003#70B28007AD9997FF
004#8E1A7FE7AD9997FF
005#7D287FA0C40A37FF
006#81107D10FD0A37FF
007#73EF7FE0CC0A37FF
008#801B8000830A37FF
001#7FB87F87AD9997FF
002#671D7FE7AD9997FF
003#70B27FE7AD9997FF
004#8E1A7FE7AD9997FF
005#7D2D8080C40A37FF
006#80F37DF0FD0A37FF
007#73F08010CC0A37FF
008#801B7FD0830A37FF
001#7FAC7F57AD9997FF
002#671D7FE7AD9997FF
003#70B28007AD9997FF
004#8E1A7FE7AD9997FF
005#7D3780D0C40A37FF
006#80E37E80FD0A37FF
007#73F38020CC0A37FF
008#801B7FE0830A37FF
001#7FA57F77AD9997FF
002#671C7FD7AD9997FF
003#70B28007AD9997FF
004#8E1A7FE7AD9997FF
005#7D4780D0C40A37FF
006#80CB7E20FD0A37FF
007#73FC8070CC0A37FF
008#801B7FE0830A37FF
001#7F997F47AD9997FF
002#671D7FE7AD9997FF
003#70B28027AD9997FF
004#8E1A7FD7AD9997FF
005#7D478000C40A37FF
006#80C57FC0FD0A37FF
007#73FC7FD0CC0A37FF
008#801B7FE0830A37FF
001#7F8C7F47AD9997FF
002#671C7FE7AD9997FF
003#70B27FE7AD9997FF
004#8E1A8007AD9997FF
005#7D477FE0C40A37FF
006#80BF7F40FD0A37FF
007#73FC7FE0CC0A37FF
008#801B7FD0830A37FF
001#7F807F27AD9997FF
002#671C7FE7AD9997FF
003#70B27FE7AD9997FF
004#8E1A7FE7AD9997FF
005#7D477FE0C40A37FF
006#80BF7FE0FD0A37FF
007#73FE8020CC0A37FF
008#801B7FE0830A37FF
001#7F727F47AD9997FF
002#671C7FE7AD9997FF
003#70B27FE7AD9997FF
004#8E1A7FE7AD9997FF
005#7D477FE0C40A37FF
006#80BF8000FD0A37FF
007#73FE7FD0CC0A37FF
008#801B7FE0830A37FF
001#7F637ED7AD9997FF
002#671C8007AD9997FF
003#70B28017AD9997FF
004#8E1A7FE7AD9997FF
005#7D467FC0C40A37FF
006#80BF7FE0FD0A37FF
007#74008060CC0A37FF
008#801B7FE0830A37FF
001#7F527F07AD9997FF
002#671C7FD7AD9997FF
003#70B27FE7AD9997FF
004#8E1A7FE7AD9997FF
005#7D477FE0C40A37FF
006#80BF7FB0FD0A37FF
007#74088090CC0A37FF
008#801B7FE0830A37FF
001#7F487F57AD9997FF
002#671C7FE7AD9997FF
003#70B27FD7AD9997FF
004#8E1A7FE7AD9997FF
005#7D477FC0C40A37FF
006#80BC7FC0FD0A37FF
007#741C8200CC0A37FF
008#801B8000830A37FF
001#7F427F67AD9997FF
002#671C7FE7AD9997FF
003#70B17FD7AD9997FF
004#8E1A7FE7AD9997FF
005#7D477FB0C40A37FF
006#80B57F50FD0A37FF
007#743C8240CC0A37FF
008#801B7FE0830A37FF
001#7F367F77AD9997FF
002#671D8007AD9997FF
003#70B28007AD9997FF
004#8E1A7FE7AD9997FF
005#7D478020C40A37FF
006#80B57FC0FD0A37FF
007#74598240CC0A37FF
008#801B7FE0830A37FF
001#7F317FA7AD9997FF
002#671D7FE7AD9997FF
003#70B27FE7AD9997FF
004#8E1A7FE7AD9997FF
005#7D4B8020C40A37FF
006#80AC7EE0FD0A37FF
007#747882A0CC0A37FF
008#801B7FE0830A37FF
001#7F318007AD9997FF
002#671D7FE7AD9997FF
003#70B27FE7AD9997FF
004#8E1A7FE7AD9997FF
005#7D518090C40A37FF
006#809E7E90FD0A37FF
007#749181E0CC0A37FF
008#801B7FD0830A37FF
001#7F317FE7AD9997FF
002#671D8007AD9997FF
003#70B28007AD9997FF
004#8E197FE7AD9997FF
005#7D508000C40A37FF
006#80857DF0FD0A37FF
007#74A98190CC0A37FF
008#801B7FE0830A37FF
001#7F317FE7AD9997FF
002#671C7FD7AD9997FF
003#70B27FD7AD9997FF
004#8E197FE7AD9997FF
005#7D518000C40A37FF
006#807B7F70FD0A37FF
007#74B880F0CC0A37FF
008#801B7FE0830A37FF
001#7F317FE7AD9997FF
002#671C7FE7AD9997FF
003#70B27FE7AD9997FF
004#8E1A7FE7AD9997FF
005#7D507FC0C40A37FF
006#807C8000FD0A37FF
007#74C08090CC0A37FF
008#801B8000830A37FF
001#7F318007AD9997FF
002#671C7FE7AD9997FF
003#70B27FE7AD9997FF
004#8E1A7FE7AD9997FF
005#7D508000C40A37FF
006#807C7FE0FD0A37FF
007#74BE7FC0CC0A37FF
008#801B7FE0830A37FF
001#7F318007AD9997FF
002#671D7FE7AD9997FF
003#70B27FE7AD9997FF
004#8E1A7FE7AD9997FF
005#7D507FD0C40A37FF
006#807C7FE0FD0A37FF
007#74BD7FD0CC0A37FF
008#801B7FE0830A37FF
001#7F317FE7AD9997FF
002#671C7FE7AD9997FF
003#70B27FD7AD9997FF
004#8E1A7FE7AD9997FF
005#7D507FD0C40A37FF
006#807C8000FD0A37FF
007#74BD8000CC0A37FF
008#801B7FE0830A37FF
001#7F318007AD9997FF
002#671C7FE7AD9997FF
003#70B28007AD9997FF
004#8E1A7FE7AD9997FF
005#7D507FE0C40A37FF
006#807C8000FD0A37FF
007#74BD7FD0CC0A37FF
008#801B7FD0830A37FF
001#7F317FE7AD9997FF
002#671C7FE7AD9997FF
003#70B28007AD9997FF
004#8E197FE7AD9997FF
005#7D517FE0C40A37FF
006#807C7FE0FD0A37FF
007#74BD7FD0CC0A37FF
008#801B7FE0830A37FF
001#7F317FE7AD9997FF
002#671C7FE7AD9997FF
003#70B27FD7AD9997FF
004#8E1A7FE7AD9997FF
005#7D518020C40A37FF
006#807C8000FD0A37FF
007#74BC7FD0CC0A37FF
008#801B7FE0830A37FF
001#7F328007AD9997FF
002#671C7FD7AD9997FF
003#70B28017AD9997FF
004#8E1A7FD7AD9997FF
005#7D517FE0C40A37FF
006#807C7FE0FD0A37FF
007#74B77F50CC0A37FF
008#801B7FE0830A37FF
001#7F327FE7AD9997FF
002#671C7FE7AD9997FF
003#70B781A7AD9997FF
004#8E1A7FE7AD9997FF
005#7D558040C40A37FF
006#807C7FE0FD0A37FF
007#74AE7F10CC0A37FF
008#801B7FE0830A37FF
001#7F327FE7AD9997FF
002#671C7FE7AD9997FF
003#70BC80B7AD9997FF
004#8E1A7FE7AD9997FF
005#7D628150C40A37FF
006#807E8000FD0A37FF
007#74A87FB0CC0A37FF
008#801B7FE0830A37FF
001#7F327FE7AD9997FF
002#671C7FE7AD9997FF
003#70BD8027AD9997FF
004#8E1A7FE7AD9997FF
005#7D8282E0C40A37FF
006#807E7FE0FD0A37FF
007#74A47F60CC0A37FF
008#801B8000830A37FF
001#7F327FE7AD9997FF
002#671C7FE7AD9997FF
003#70BD7FE7AD9997FF
004#8E1A8007AD9997FF
005#7DA882F0C40A37FF
006#807E8000FD0A37FF
007#74957E70CC0A37FF
008#801B7FE0830A37FF
001#7F327FE7AD9997FF
002#671D7FE7AD9997FF
003#70BD7FE7AD9997FF
004#8E1A7FE7AD9997FF
005#7DCC8310C40A37FF
006#807E7FE0FD0A37FF
007#747D7DB0CC0A37FF
008#801B7FE0830A37FF
001#7F327FE7AD9997FF
002#671D7FE7AD9997FF
003#70BD7FE7AD9997FF
004#8E1A7FE7AD9997FF
005#7DEA8260C40A37FF
006#807E7FE0FD0A37FF
007#74627D50CC0A37FF
008#801B7FE0830A37FF
001#7F327FE7AD9997FF
002#671C7FE7AD9997FF
003#70BD7FE7AD9997FF
004#8E1A7FE7AD9997FF
005#7E0181E0C40A37FF
006#807E7FE0FD0A37FF
007#74417D60CC0A37FF
008#801B7FD0830A37FF
001#7F338007AD9997FF
002#671C7FD7AD9997FF
003#70BD7FE7AD9997FF
004#8E1A7FD7AD9997FF
005#7E1E8210C40A37FF
006#807E8000FD0A37FF
007#74197D30CC0A37FF
008#801B7FE0830A37FF
001#7F327FE7AD9997FF
002#671C7FE7AD9997FF
003#70BD7FE7AD9997FF
004#8E1A7FE7AD9997FF
005#7E3281F0C40A37FF
006#807E7FC0FD0A37FF
007#74047E20CC0A37FF
008#801B7FE0830A37FF
001#7F327FE7AD9997FF
002#671C7FD7AD9997FF
003#70BD7FE7AD9997FF
004#8E1A7FE7AD9997FF
005#7E478150C40A37FF
006#807E7FE0FD0A37FF
007#73F27EA0CC0A37FF
008#801B7FE0830A37FF
001#7F327FE7AD9997FF
002#671C8007AD9997FF
003#70BD7FE7AD9997FF
004#8E1A7FE7AD9997FF
005#7E5380F0C40A37FF
006#807E7FD0FD0A37FF
007#73ED7FC0CC0A37FF
008#801B8000830A37FF
001#7F327FE7AD9997FF
002#671B7FD7AD9997FF
003#70BD7FE7AD9997FF
004#8E1A8007AD9997FF
005#7E5E80D0C40A37FF
006#807E7FE0FD0A37FF
007#73F08020CC0A37FF
008#801B7FD0830A37FF
001#7F337FE7AD9997FF
002#671B7FE7AD9997FF
003#70BD8007AD9997FF
004#8E1A7FE7AD9997FF
005#7E638050C40A37FF
006#807E7FE0FD0A37FF
007#73F38040CC0A37FF
008#801B7FE0830A37FF
001#7F337FE7AD9997FF
002#671B7FE7AD9997FF
003#70BE8017AD9997FF
004#8E1A7FD7AD9997FF
005#7E688010C40A37FF
006#807E7FE0FD0A37FF
007#73FA8080CC0A37FF
008#801B7FE0830A37FF
001#7F337FE7AD9997FF
002#671A7FC7AD9997FF
003#70C18147AD9997FF
004#8E1A8007AD9997FF
005#7E687FD0C40A37FF
006#807E7FE0FD0A37FF
007#73FC8010CC0A37FF
008#801B7FD0830A37FF
001#7F327FE7AD9997FF
002#67157FB7AD9997FF
003#70C981C7AD9997FF
004#8E1A8007AD9997FF
005#7E657FD0C40A37FF
006#80808010FD0A37FF
007#73FB7FE0CC0A37FF
008#801B7FD0830A37FF
001#7F327FE7AD9997FF
002#67117FA7AD9997FF
003#70CC8097AD9997FF
004#8E1A7FE7AD9997FF
005#7E667FE0C40A37FF
006#80878040FD0A37FF
007#73FC7FD0CC0A37FF
008#801B7FE0830A37FF
001#7F327FE7AD9997FF
002#670E7FE7AD9997FF
003#70CF8107AD9997FF
004#8E1A8007AD9997FF
005#7E687FE0C40A37FF
006#80878000FD0A37FF
007#73FB8010CC0A37FF
008#801B7FE0830A37FF
001#7F327FE7AD9997FF
002#67077F27AD9997FF
003#70D481A7AD9997FF
004#8E1A7FE7AD9997FF
005#7E667FD0C40A37FF
006#80878000FD0A37FF
007#73FB7FC0CC0A37FF
008#801B7FD0830A37FF
001#7F327FE7AD9997FF
002#66F77F37AD9997FF
003#70DB80B7AD9997FF
004#8E1A7FE7AD9997FF
005#7E657FE0C40A37FF
006#80877FD0FD0A37FF
007#73FB8010CC0A37FF
008#801B7FE0830A37FF
001#7F328007AD9997FF
002#66EA7F17AD9997FF
003#70DB7FD7AD9997FF
004#8E1A7FD7AD9997FF
005#7E657FC0C40A37FF
006#80878000FD0A37FF
007#73FD8020CC0A37FF
008#801B8000830A37FF
001#7F328007AD9997FF
002#66DB7F07AD9997FF
003#70DB7FE7AD9997FF
004#8E1A7FD7AD9997FF
005#7E657FD0C40A37FF
006#80877FD0FD0A37FF
007#73FC7FE0CC0A37FF
008#801B7FE0830A37FF
001#7F327FE7AD9997FF
002#66C97EC7AD9997FF
003#70DB8007AD9997FF
004#8E1A7FE7AD9997FF
005#7E667FE0C40A37FF
006#80878000FD0A37FF
007#73FB7FD0CC0A37FF
008#801B8000830A37FF
001#7F338007AD9997FF
002#66B77EE7AD9997FF
003#70DB7FE7AD9997FF
004#8E1A8007AD9997FF
005#7E657FC0C40A37FF
006#80877FE0FD0A37FF
007#73FD8000CC0A37FF
008#801B7FE0830A37FF
001#7F327FE7AD9997FF
002#66A67EC7AD9997FF
003#70DB7FE7AD9997FF
004#8E1A7FE7AD9997FF
005#7E657FE0C40A37FF
006#80898000FD0A37FF
007#73FD8010CC0A37FF
008#801B7FE0830A37FF
001#7F327FE7AD9997FF
002#668B7EB7AD9997FF
003#70DB7FE7AD9997FF
004#8E1A7FE7AD9997FF
005#7E658000C40A37FF
006#808E80C0FD0A37FF
007#740380B0CC0A37FF
008#801B7FE0830A37FF
001#7F327FE7AD9997FF
002#66797EC7AD9997FF
003#70DB7FD7AD9997FF
004#8E1A7FE7AD9997FF
005#7E658000C40A37FF
006#809E8150FD0A37FF
007#74188220CC0A37FF
008#801B7FD0830A37FF
001#7F327FE7AD9997FF
002#66607EA7AD9997FF
003#70DB7FE7AD9997FF
004#8E1A7FE7AD9997FF
005#7E657FD0C40A37FF
006#80B58200FD0A37FF
007#74368230CC0A37FF
008#801B7FE0830A37FF
001#7F327FE7AD9997FF
002#664D7EB7AD9997FF
003#70DB7FE7AD9997FF
004#8E1A7FE7AD9997FF
005#7E637FC0C40A37FF
006#80D58220FD0A37FF
007#745582D0CC0A37FF
008#801B8000830A37FF
001#7F327FE7AD9997FF
002#663A7EF7AD9997FF
003#70DB7FD7AD9997FF
004#8E1A7FE7AD9997FF
005#7E637FD0C40A37FF
006#80E48120FD0A37FF
007#747882F0CC0A37FF
008#801B7FE0830A37FF
001#7F327FE7AD9997FF
002#66307F37AD9997FF
003#70DB7FE7AD9997FF
004#8E1A7FE7AD9997FF
005#7E637FD0C40A37FF
006#80F68140FD0A37FF
007#74A18320CC0A37FF
008#801B7FE0830A37FF
001#7F327FD7AD9997FF
002#66257F77AD9997FF
003#70DB7FE7AD9997FF
004#8E1A7FE7AD9997FF
005#7E638000C40A37FF
006#80FC8080FD0A37FF
007#74C08280CC0A37FF
008#801B8000830A37FF
001#7F327FE7AD9997FF
002#66197F27AD9997FF
003#70DB7FE7AD9997FF
004#8E197FE7AD9997FF
005#7E617FD0C40A37FF
006#80FC7FD0FD0A37FF
007#74D78160CC0A37FF
008#801B7FE0830A37FF
001#7F327FE7AD9997FF
002#66137FB7AD9997FF
003#70DB7FE7AD9997FF
004#8E197FD7AD9997FF
005#7E607FA0C40A37FF
006#80FC7FD0FD0A37FF
007#74E58120CC0A37FF
008#801B7FE0830A37FF
001#7F327FE7AD9997FF
002#66137FE7AD9997FF
003#70DB8007AD9997FF
004#8E197FE7AD9997FF
005#7E597F60C40A37FF
006#80FC7FE0FD0A37FF
007#74F08080CC0A37FF
008#801B8000830A37FF
001#7F327FE7AD9997FF
002#66137FE7AD9997FF
003#70DB7FD7AD9997FF
004#8E197FD7AD9997FF
005#7E5B8010C40A37FF
006#80FC7FE0FD0A37FF
007#74F27FC0CC0A37FF
008#801B7FD0830A37FF
001#7F327FE7AD9997FF
002#66147FE7AD9997FF
003#70DB7FE7AD9997FF
004#8E198007AD9997FF
005#7E5B7FE0C40A37FF
006#80FC8000FD0A37FF
007#74F18000CC0A37FF
008#801B8000830A37FF
001#7F328007AD9997FF
002#66158027AD9997FF
003#70DB7FE7AD9997FF
004#8E197FE7AD9997FF
005#7E5B7FE0C40A37FF
006#80FC7FE0FD0A37FF
007#74F18000CC0A37FF
008#801B7FE0830A37FF
001#7F327FE7AD9997FF
002#66198007AD9997FF
003#70DB8007AD9997FF
004#8E197FE7AD9997FF
005#7E5B7FE0C40A37FF
006#80FC7FE0FD0A37FF
007#74F17FB0CC0A37FF
008#801B7FE0830A37FF
001#7F327FE7AD9997FF
002#661B8007AD9997FF
003#70DB7FE7AD9997FF
004#8E197FE7AD9997FF
005#7E5B7FD0C40A37FF
006#80FC8000FD0A37FF
007#74EF8000CC0A37FF
008#801B7FE0830A37FF
001#7F327FE7AD9997FF
002#661D8017AD9997FF
003#70DB7FE7AD9997FF
004#8E197FE7AD9997FF
005#7E5B7FE0C40A37FF
006#80FC8000FD0A37FF
007#74F07FD0CC0A37FF
008#801B8000830A37FF
001#7F327FE7AD9997FF
002#66208017AD9997FF
003#70DB7FE7AD9997FF
004#8E198007AD9997FF
005#7E5B8000C40A37FF
006#80FC8000FD0A37FF
007#74EF7FC0CC0A37FF
008#801B7FE0830A37FF
001#7F327FE7AD9997FF
002#66207FE7AD9997FF
003#70DB7FE7AD9997FF
004#8E197FE7AD9997FF
005#7E5B7FE0C40A37FF
006#80FC7FE0FD0A37FF
007#74E77F10CC0A37FF
008#801B7FE0830A37FF
001#7F327FE7AD9997FF
002#66207FE7AD9997FF
003#70DB7FD7AD9997FF
004#8E197FE7AD9997FF
005#7E5B7FE0C40A37FF
006#80FC7FE0FD0A37FF
007#74E27FD0CC0A37FF
008#801B7FE0830A37FF
001#7F327FE7AD9997FF
002#66207FE7AD9997FF
003#70DB7FE7AD9997FF
004#8E198007AD9997FF
005#7E598000C40A37FF
006#80FC8000FD0A37FF
007#74E07F60CC0A37FF
008#801B7FE0830A37FF
001#7F327FE7AD9997FF
002#66207FE7AD9997FF
003#70DB8007AD9997FF
004#8E197FE7AD9997FF
005#7E597FD0C40A37FF
006#80FC8000FD0A37FF
007#74D27E90CC0A37FF
008#801B7FE0830A37FF
001#7F327FE7AD9997FF
002#66207FE7AD9997FF
003#70DB7FE7AD9997FF
004#8E197FE7AD9997FF
005#7E597FD0C40A37FF
006#80FC7FE0FD0A37FF
007#74BF7E10CC0A37FF
008#801B8000830A37FF
001#7F327FE7AD9997FF
002#66207FE7AD9997FF
003#70DB7FE7AD9997FF
004#8E197FE7AD9997FF
005#7E597FE0C40A37FF
006#80FC7FE0FD0A37FF
007#74A67E20CC0A37FF
008#801B7FE0830A37FF
001#7F327FE7AD9997FF
002#66207FE7AD9997FF
003#70DB7FE7AD9997FF
004#8E197FE7AD9997FF
005#7E5B8000C40A37FF
006#80FC7FE0FD0A37FF
007#74987EC0CC0A37FF
008#801B7FE0830A37FF
001#7F327FE7AD9997FF
002#66207FE7AD9997FF
003#70DB7FE7AD9997FF
004#8E197FE7AD9997FF
005#7E5B7FE0C40A37FF
006#80FC7FE0FD0A37FF
007#748A7E90CC0A37FF
008#801B7FE0830A37FF
001#7F327FE7AD9997FF
002#66207FE7AD9997FF
003#70DB7FE7AD9997FF
004#8E197FE7AD9997FF
005#7E597FD0C40A37FF
006#80FC7FE0FD0A37FF
007#747E7F50CC0A37FF
008#801B7FE0830A37FF
001#7F327FE7AD9997FF
002#66228017AD9997FF
003#70DB7FE7AD9997FF
004#8E197FE7AD9997FF
005#7E5B7FE0C40A37FF
006#80FC7FE0FD0A37FF
007#74797F80CC0A37FF
008#801B8000830A37FF
001#7F327FE7AD9997FF
002#662B8077AD9997FF
003#70DB7FE7AD9997FF
004#8E197FE7AD9997FF
005#7E597FE0C40A37FF
006#80FC7FE0FD0A37FF
007#747A8030CC0A37FF
008#801B7FE0830A37FF
001#7F327FE7AD9997FF
002#663680A7AD9997FF
003#70DB7FE7AD9997FF
004#8E198007AD9997FF
005#7E5B8000C40A37FF
006#80FC7FD0FD0A37FF
007#747A7FD0CC0A37FF
008#801B7FE0830A37FF
001#7F327FD7AD9997FF
002#664680C7AD9997FF
003#70DC8007AD9997FF
004#8E197FE7AD9997FF
005#7E5D8010C40A37FF
006#80FA7FC0FD0A37FF
007#74797FD0CC0A37FF
008#801B7FE0830A37FF
001#7F337FE7AD9997FF
002#665680F7AD9997FF
003#70DC8007AD9997FF
004#8E197FE7AD9997FF
005#7E5B7FE0C40A37FF
006#80FA7FE0FD0A37FF
007#74797FE0CC0A37FF
008#801B7FE0830A37FF
001#7F357FE7AD9997FF
002#666D8147AD9997FF
003#70DC7FD7AD9997FF
004#8E197FE7AD9997FF
005#7E5B7FE0C40A37FF
006#80FA7FC0FD0A37FF
007#747A7FE0CC0A37FF
008#801B7FD0830A37FF
001#7F337FE7AD9997FF
002#66858127AD9997FF
003#70DC7FD7AD9997FF
004#8E198007AD9997FF
005#7E5D8000C40A37FF
006#80EE7EC0FD0A37FF
007#74747F50CC0A37FF
008#801B7FE0830A37FF
001#7F337FE7AD9997FF
002#669F8147AD9997FF
003#70DC7FD7AD9997FF
004#8E197FE7AD9997FF
005#7E5B8000C40A37FF
006#80E47F10FD0A37FF
007#746A7F50CC0A37FF
008#801B8000830A37FF
001#7F337FE7AD9997FF
002#66B78117AD9997FF
003#70DC8007AD9997FF
004#8E197FE7AD9997FF
005#7E5B7FD0C40A37FF
006#80D67F10FD0A37FF
007#74607F00CC0A37FF
008#801B8000830A37FF
001#7F337FE7AD9997FF
002#66CE8117AD9997FF
003#70DC7FE7AD9997FF
004#8E197FE7AD9997FF
005#7E5D7FD0C40A37FF
006#80CC7EE0FD0A37FF
007#74567F20CC0A37FF
008#801B8000830A37FF
001#7F338007AD9997FF
002#66E08107AD9997FF
003#70DC8007AD9997FF
004#8E197FE7AD9997FF
005#7E5D8000C40A37FF
006#80C98020FD0A37FF
007#74457E50CC0A37FF
008#801B7FE0830A37FF
001#7F337FE7AD9997FF
002#66F080B7AD9997FF
003#70DC7FE7AD9997FF
004#8E197FE7AD9997FF
005#7E5D7FE0C40A37FF
006#80C97FE0FD0A37FF
007#742D7E00CC0A37FF
008#801B7FE0830A37FF
001#7F337FE7AD9997FF
002#66FE8087AD9997FF
003#70DC7FD7AD9997FF
004#8E197FE7AD9997FF
005#7E5D7FE0C40A37FF
006#80C97FE0FD0A37FF
007#74137DC0CC0A37FF
008#801B7FD0830A37FF
001#7F337FE7AD9997FF
002#67098087AD9997FF
003#70DC7FE7AD9997FF
004#8E197FE7AD9997FF
005#7E5E8010C40A37FF
006#80CB7FE0FD0A37FF
007#73EE7CE0CC0A37FF
008#801B8000830A37FF
001#7F337FD7AD9997FF
002#670D8067AD9997FF
003#70DC7FD7AD9997FF
004#8E197FE7AD9997FF
005#7E5E7FE0C40A37FF
006#80C97FE0FD0A37FF
007#73CF7D20CC0A37FF
008#801B7FE0830A37FF
001#7F337FE7AD9997FF
002#67118007AD9997FF
003#70DC7FD7AD9997FF
004#8E197FE7AD9997FF
005#7E5E8000C40A37FF
006#80C97FE0FD0A37FF
007#73B37D90CC0A37FF
008#801B7FE0830A37FF
001#7F337FE7AD9997FF
002#67117FE7AD9997FF
003#70DC8007AD9997FF
004#8E197FE7AD9997FF
005#7E5E7FE0C40A37FF
006#80CB8000FD0A37FF
007#73957DB0CC0A37FF
008#801B7FD0830A37FF
001#7F337FE7AD9997FF
002#67117FE7AD9997FF
003#70DC8007AD9997FF
004#8E197FD7AD9997FF
005#7E5E7FE0C40A37FF
006#80C97FE0FD0A37FF
007#73857EC0CC0A37FF
008#801B7FE0830A37FF
001#7F337FE7AD9997FF
002#67117FE7AD9997FF
003#70DC7FE7AD9997FF
004#8E197FD7AD9997FF
005#7E5E7FE0C40A37FF
006#80C97FE0FD0A37FF
007#73817FA0CC0A37FF
008#801B8010830A37FF
001#7F337FE7AD9997FF
002#67117FD7AD9997FF
003#70DC8007AD9997FF
004#8E197FE7AD9997FF
005#7E5E7FE0C40A37FF
006#80C98000FD0A37FF
007#73828010CC0A37FF
008#801B8000830A37FF
001#7F337FE7AD9997FF
002#67117FE7AD9997FF
003#70DC7FE7AD9997FF
004#8E197FE7AD9997FF
005#7E5E7FE0C40A37FF
006#80C97FE0FD0A37FF
007#73838000CC0A37FF
008#801B7FE0830A37FF
001#7F337FE7AD9997FF
002#67117FE7AD9997FF
003#70DC7FE7AD9997FF
004#8E197FE7AD9997FF
005#7E5E7FE0C40A37FF
006#80C97FE0FD0A37FF
007#73848000CC0A37FF
008#801B7FD0830A37FF
001#7F337FD7AD9997FF
002#67117FE7AD9997FF
003#70DC7FE7AD9997FF
004#8E197FE7AD9997FF
005#7E5E8000C40A37FF
006#80C97FE0FD0A37FF
007#73837FD0CC0A37FF
008#801B7FD0830A37FF
001#7F337FE7AD9997FF
002#67117FE7AD9997FF
003#70DC7FE7AD9997FF
004#8E197FD7AD9997FF
005#7E5E7FE0C40A37FF
006#80CB8000FD0A37FF
007#73847FE0CC0A37FF
008#801B8000830A37FF
001#7F337FE7AD9997FF
002#67117FE7AD9997FF
003#70DC7FE7AD9997FF
004#8E197FE7AD9997FF
005#7E5E7FE0C40A37FF
006#80C97FD0FD0A37FF
007#73848000CC0A37FF
008#801B7FE0830A37FF
001#7F337FD7AD9997FF
002#67117FE7AD9997FF
003#70DC7FE7AD9997FF
004#8E197FD7AD9997FF
005#7E5E8010C40A37FF
006#80C97FE0FD0A37FF
007#73848000CC0A37FF
008#801B7FE0830A37FF
001#7F358007AD9997FF
002#67117FE7AD9997FF
003#70DC8007AD9997FF
004#8E197FD7AD9997FF
005#7E638090C40A37FF
006#80C98000FD0A37FF
007#73847FE0CC0A37FF
008#801B8000830A37FF
001#7F337FE7AD9997FF
002#67117FE7AD9997FF
003#70DD8057AD9997FF
004#8E197FE7AD9997FF
005#7E667FE0C40A37FF
006#80C97FE0FD0A37FF
007#73847FE0CC0A37FF
008#801B7FE0830A37FF
001#7F357FE7AD9997FF
002#67117FE7AD9997FF
003#70E48277AD9997FF
004#8E198007AD9997FF
005#7E657FC0C40A37FF
006#80C97FE0FD0A37FF
007#73847FD0CC0A37FF
008#801B7FE0830A37FF
001#7F337FD7AD9997FF
002#67117FE7AD9997FF
003#70F08297AD9997FF
004#8E197FE7AD9997FF
005#7E657FE0C40A37FF
006#80CB8000FD0A37FF
007#73847FD0CC0A37FF
008#801B7FE0830A37FF
001#7F337FE7AD9997FF
002#67117FE7AD9997FF
003#70FB8317AD9997FF
004#8E197FE7AD9997FF
005#7E658000C40A37FF
006#80C97FE0FD0A37FF
007#73837FD0CC0A37FF
008#801B7FE0830A37FF
001#7F337FE7AD9997FF
002#67117FE7AD9997FF
003#71098357AD9997FF
004#8E197FE7AD9997FF
005#7E667FE0C40A37FF
006#80C97FE0FD0A37FF
007#73837FE0CC0A37FF
008#801B7FD0830A37FF
001#7F337FE7AD9997FF
002#67117FE7AD9997FF
003#71178347AD9997FF
004#8E197FE7AD9997FF
005#7E657FD0C40A37FF
006#80C97FE0FD0A37FF
007#73837FE0CC0A37FF
008#801B7FE0830A37FF
001#7F338007AD9997FF
002#67117FE7AD9997FF
003#71248307AD9997FF
004#8E198007AD9997FF
005#7E657FD0C40A37FF
006#80C98000FD0A37FF
007#73837FD0CC0A37FF
008#801B8000830A37FF
001#7F337FE7AD9997FF
002#67117FE7AD9997FF
003#71328317AD9997FF
004#8E198007AD9997FF
005#7E657FD0C40A37FF
006#80C97FD0FD0A37FF
007#73847FE0CC0A37FF
008#801B7FE0830A37FF
001#7F337FD7AD9997FF
002#67117FE7AD9997FF
003#713981C7AD9997FF
004#8E197FE7AD9997FF
005#7E668020C40A37FF
006#80CB8000FD0A37FF
007#73847FE0CC0A37FF
008#801B7FE0830A37FF
001#7F337FE7AD9997FF
002#67117FE7AD9997FF
003#71408197AD9997FF
004#8E197FE7AD9997FF
005#7E657FE0C40A37FF
006#80C98010FD0A37FF
007#73848000CC0A37FF
008#801B7FD0830A37FF
001#7F337FE7AD9997FF
002#67117FE7AD9997FF
003#71438037AD9997FF
004#8E198007AD9997FF
005#7E667FD0C40A37FF
006#80C97FE0FD0A37FF
007#73847FE0CC0A37FF
008#801B8000830A37FF
001#7F337FE7AD9997FF
002#67107FE7AD9997FF
003#71437FE7AD9997FF
004#8E198007AD9997FF
005#7E668010C40A37FF
006#80CB7FE0FD0A37FF
007#73848000CC0A37FF
008#801B7FE0830A37FF
001#7F337FE7AD9997FF
002#67107FE7AD9997FF
003#71427FD7AD9997FF
004#8E197FE7AD9997FF
005#7E657FC0C40A37FF
006#80C97FE0FD0A37FF
007#73848010CC0A37FF
008#801B7FE0830A37FF
001#7F337FE7AD9997FF
002#67107FE7AD9997FF
003#71427FD7AD9997FF
004#8E197FE7AD9997FF
005#7E658000C40A37FF
006#80C97FD0FD0A37FF
007#73847FC0CC0A37FF
008#801B7FD0830A37FF
001#7F338007AD9997FF
002#67107FE7AD9997FF
003#71427FE7AD9997FF
004#8E197FD7AD9997FF
005#7E667FE0C40A37FF
006#80C97FD0FD0A37FF
007#73848010CC0A37FF
008#801B7FE0830A37FF
001#7F337FE7AD9997FF
002#67108007AD9997FF
003#71427FD7AD9997FF
004#8E197FD7AD9997FF
005#7E657FE0C40A37FF
006#80CB7FE0FD0A37FF
007#73847FE0CC0A37FF
008#801B7FE0830A37FF
001#7F327FE7AD9997FF
002#67107FE7AD9997FF
003#71428007AD9997FF
004#8E197FE7AD9997FF
005#7E667FE0C40A37FF
006#80C97FC0FD0A37FF
007#73847FD0CC0A37FF
008#801B7FE0830A37FF
001#7F327FE7AD9997FF
002#67108007AD9997FF
003#71428007AD9997FF
004#8E197FE7AD9997FF
005#7E657FD0C40A37FF
006#80C97FD0FD0A37FF
007#73848000CC0A37FF
008#801B7FE0830A37FF
001#7F337FE7AD9997FF
002#67107FE7AD9997FF
003#71438007AD9997FF
004#8E197FE7AD9997FF
005#7E668000C40A37FF
006#80C97FD0FD0A37FF
007#73847FE0CC0A37FF
008#801B7FD0830A37FF
001#7F327FE7AD9997FF
002#67117FE7AD9997FF
003#71437FE7AD9997FF
004#8E197FE7AD9997FF
005#7E668000C40A37FF
006#80C97FE0FD0A37FF
007#73848000CC0A37FF
008#801B7FE0830A37FF
001#7F327FE7AD9997FF
002#67117FE7AD9997FF
003#71437FE7AD9997FF
004#8E198007AD9997FF
005#7E667FD0C40A37FF
006#80C97FE0FD0A37FF
007#73848000CC0A37FF
008#801B8010830A37FF
001#7F337FE7AD9997FF
002#67117FE7AD9997FF
003#71437FE7AD9997FF
004#8E198007AD9997FF
005#7E667FD0C40A37FF
006#80C97FE0FD0A37FF
007#73847FE0CC0A37FF
008#801B7FD0830A37FF
001#7F327FE7AD9997FF
002#67117FE7AD9997FF
003#71437FE7AD9997FF
004#8E198007AD9997FF
005#7E668000C40A37FF
006#80C97FE0FD0A37FF
007#73847FE0CC0A37FF
008#801B7FD0830A37FF
001#7F338007AD9997FF
002#67107FE7AD9997FF
003#71437FE7AD9997FF
004#8E198007AD9997FF
005#7E667FE0C40A37FF
006#80C97FE0FD0A37FF
007#73847FD0CC0A37FF
008#801B8000830A37FF
001#7F327FE7AD9997FF
002#67108007AD9997FF
003#71437FE7AD9997FF
004#8E197FE7AD9997FF
005#7E667FE0C40A37FF
006#80C97FE0FD0A37FF
007#73837FE0CC0A37FF
008#801B7FE0830A37FF
001#7F337FE7AD9997FF
002#67107FD7AD9997FF
003#71437FE7AD9997FF
004#8E197FE7AD9997FF
005#7E667FE0C40A37FF
006#80C97FE0FD0A37FF
007#73848000CC0A37FF
008#801B7FE0830A37FF
001#7F327FE7AD9997FF
002#67107FE7AD9997FF
003#71437FE7AD9997FF
004#8E197FE7AD9997FF
005#7E667FE0C40A37FF
006#80C98000FD0A37FF
007#73848000CC0A37FF
008#801B8000830A37FF
001#7F337FE7AD9997FF
002#67108007AD9997FF
003#71437FE7AD9997FF
004#8E197FE7AD9997FF
005#7E667FE0C40A37FF
006#80C97FE0FD0A37FF
007#73847FE0CC0A37FF
008#801B7FD0830A37FF
001#7F337FE7AD9997FF
002#67107FE7AD9997FF
003#71437FE7AD9997FF
004#8E197FE7AD9997FF
005#7E668000C40A37FF
006#80C97FD0FD0A37FF
007#73847FD0CC0A37FF
008#801B7FE0830A37FF
001#7F327FE7AD9997FF
002#67107FD7AD9997FF
003#71437FE7AD9997FF
004#8E197FE7AD9997FF
005#7E667FE0C40A37FF
006#80C97FE0FD0A37FF
007#73848010CC0A37FF
008#801B7FE0830A37FF
001#7F327FE7AD9997FF
002#67108007AD9997FF
003#71437FE7AD9997FF
004#8E197FE7AD9997FF
005#7E667FE0C40A37FF
006#80C97FE0FD0A37FF
007#73847FC0CC0A37FF
008#801B7FE0830A37FF
001#7F327FE7AD9997FF
002#67107FE7AD9997FF
003#71438007AD9997FF
004#8E197FE7AD9997FF
005#7E688010C40A37FF
006#80C97FE0FD0A37FF
007#73847FE0CC0A37FF
008#801B7FE0830A37FF
001#7F337FE7AD9997FF
002#67118007AD9997FF
003#71437FE7AD9997FF
004#8E198007AD9997FF
005#7E6B8040C40A37FF
006#80C97FE0FD0A37FF
007#73847FD0CC0A37FF
008#801B7FE0830A37FF
001#7F338007AD9997FF
002#67117FE7AD9997FF
003#71437FE7AD9997FF
004#8E197FE7AD9997FF
005#7E7580E0C40A37FF
006#80C98000FD0A37FF
007#73848000CC0A37FF
008#801B7FE0830A37FF
001#7F337FE7AD9997FF
002#67128007AD9997FF
003#71437FE7AD9997FF
004#8E197FE7AD9997FF
005#7E878170C40A37FF
006#80C97FE0FD0A37FF
007#73847FE0CC0A37FF
008#801B7FD0830A37FF
001#7F337FD7AD9997FF
002#67158027AD9997FF
003#71437FE7AD9997FF
004#8E197FE7AD9997FF
005#7EA081F0C40A37FF
006#80C97FE0FD0A37FF
007#73847FE0CC0A37FF
008#801B7FE0830A37FF
001#7F337FE7AD9997FF
002#67167FE7AD9997FF
003#71437FE7AD9997FF
004#8E197FE7AD9997FF
005#7EB781B0C40A37FF
006#80C87FE0FD0A37FF
007#73847FC0CC0A37FF
008#801B7FE0830A37FF
001#7F337FE7AD9997FF
002#67167FE7AD9997FF
003#71437FE7AD9997FF
004#8E197FE7AD9997FF
005#7EBF8010C40A37FF
006#80C87FE0FD0A37FF
007#73847FE0CC0A37FF
008#801B7FE0830A37FF
001#7F338007AD9997FF
002#67167FE7AD9997FF
003#71438007AD9997FF
004#8E197FE7AD9997FF
005#7EBF7FD0C40A37FF
006#80C88000FD0A37FF
007#73848010CC0A37FF
008#801B8000830A37FF
001#7F337FE7AD9997FF
002#67167FE7AD9997FF
003#71437FE7AD9997FF
004#8E197FE7AD9997FF
005#7EBE7FD0C40A37FF
006#80C87FE0FD0A37FF
007#73847FD0CC0A37FF
008#801B7FD0830A37FF
001#7F337FD7AD9997FF
002#67168007AD9997FF
003#71437FE7AD9997FF
004#8E197FE7AD9997FF
005#7EBF7FE0C40A37FF
006#80C88000FD0A37FF
007#73858010CC0A37FF
008#801B8000830A37FF
001#7F337FE7AD9997FF
002#67167FE7AD9997FF
003#71437FE7AD9997FF
004#8E197FE7AD9997FF
005#7EBE7FE0C40A37FF
006#80C87FE0FD0A37FF
007#73847FB0CC0A37FF
008#801B8000830A37FF
001#7F337FE7AD9997FF
002#67167FE7AD9997FF
003#71437FD7AD9997FF
004#8E198007AD9997FF
005#7EBE7FE0C40A37FF
006#80C97FE0FD0A37FF
007#73848010CC0A37FF
008#801B8000830A37FF
001#7F337FE7AD9997FF
002#67178007AD9997FF
003#71437FE7AD9997FF
004#8E197FE7AD9997FF
005#7EBE7FD0C40A37FF
006#80C97FE0FD0A37FF
007#73847FD0CC0A37FF
008#801B7FE0830A37FF
001#7F338007AD9997FF
002#67178007AD9997FF
003#71438007AD9997FF
004#8E197FE7AD9997FF
005#7EBE8000C40A37FF
006#80C87FD0FD0A37FF
007#73848000CC0A37FF
008#801B8000830A37FF
001#7F337FE7AD9997FF
002#67187FE7AD9997FF
003#71438007AD9997FF
004#8E197FE7AD9997FF
005#7EBE7FE0C40A37FF
006#80C87FD0FD0A37FF
007#73847FE0CC0A37FF
008#801B8000830A37FF
001#7F337FE7AD9997FF
002#67187FE7AD9997FF
003#71438007AD9997FF
004#8E198007AD9997FF
005#7EBE7FE0C40A37FF
006#80C87FE0FD0A37FF
007#73857FE0CC0A37FF
008#801B8000830A37FF
001#7F337FE7AD9997FF
002#67187FE7AD9997FF
003#71437FE7AD9997FF
004#8E197FD7AD9997FF
005#7EBE7FE0C40A37FF
006#80C88000FD0A37FF
007#73857FE0CC0A37FF
008#801B7FE0830A37FF
001#7F337FE7AD9997FF
002#67188007AD9997FF
003#71438007AD9997FF
004#8E197FD7AD9997FF
005#7EBE7FE0C40A37FF
006#80C98000FD0A37FF
007#73847FE0CC0A37FF
008#801B7FE0830A37FF
001#7F337FE7AD9997FF
002#67187FE7AD9997FF
003#71438007AD9997FF
004#8E197FE7AD9997FF
005#7EBE8000C40A37FF
006#80C87FE0FD0A37FF
007#73858000CC0A37FF
008#801B7FE0830A37FF
001#7F337FE7AD9997FF
002#67187FE7AD9997FF
003#71437FE7AD9997FF
004#8E198007AD9997FF
005#7EBE7FE0C40A37FF
006#80C97FE0FD0A37FF
007#73847FD0CC0A37FF
008#801B7FD0830A37FF
001#7F337FE7AD9997FF
002#67187FE7AD9997FF
003#71437FD7AD9997FF
004#8E197FE7AD9997FF
005#7EBC7FD0C40A37FF
006#80C97FE0FD0A37FF
007#73848000CC0A37FF
008#801B7FE0830A37FF
001#7F337FD7AD9997FF
002#67187FE7AD9997FF
003#71437FE7AD9997FF
004#8E197FE7AD9997FF
005#7EBB7FC0C40A37FF
006#80C97FE0FD0A37FF
007#73847FD0CC0A37FF
008#801B7FD0830A37FF
001#7F337FE7AD9997FF
002#67187FE7AD9997FF
003#71437FE7AD9997FF
004#8E197FE7AD9997FF
005#7EB97F90C40A37FF
006#80C97FE0FD0A37FF
007#73848000CC0A37FF
008#801B8000830A37FF
001#7F337FD7AD9997FF
002#67187FE7AD9997FF
003#71437FE7AD9997FF
004#8E197FE7AD9997FF
005#7EB27F70C40A37FF
006#80C98010FD0A37FF
007#73848000CC0A37FF
008#801B7FE0830A37FF
001#7F337FE7AD9997FF
002#67197FE7AD9997FF
003#71437FE7AD9997FF
004#8E197FE7AD9997FF
005#7EB27FE0C40A37FF
006#80C97FE0FD0A37FF
007#73847FD0CC0A37FF
008#801B7FD0830A37FF
001#7F337FE7AD9997FF
002#671A8007AD9997FF
003#71437FD7AD9997FF
004#8E197FE7AD9997FF
005#7EB27FE0C40A37FF
006#80C97FD0FD0A37FF
007#73847FD0CC0A37FF
008#801B7FE0830A37FF
001#7F337FE7AD9997FF
002#671D8047AD9997FF
003#71437FE7AD9997FF
004#8E197FE7AD9997FF
005#7EB27FE0C40A37FF
006#80C97FE0FD0A37FF
007#73847FE0CC0A37FF
008#801B7FD0830A37FF
001#7F337FE7AD9997FF
002#67228037AD9997FF
003#71437FE7AD9997FF
004#8E197FE7AD9997FF
005#7EB28000C40A37FF
006#80C97FE0FD0A37FF
007#73827F90CC0A37FF
008#801B7FE0830A37FF
001#7F337FE7AD9997FF
002#67288027AD9997FF
003#71437FE7AD9997FF
004#8E197FE7AD9997FF
005#7EB27FD0C40A37FF
006#80C98000FD0A37FF
007#73847FE0CC0A37FF
008#801B7FE0830A37FF
001#7F337FE7AD9997FF
002#67338097AD9997FF
003#71437FD7AD9997FF
004#8E197FE7AD9997FF
005#7EAB7F10C40A37FF
006#80C97FE0FD0A37FF
007#73848010CC0A37FF
008#801B7FE0830A37FF
001#7F337FE7AD9997FF
002#674080A7AD9997FF
003#71437FD7AD9997FF
004#8E198007AD9997FF
005#7EA57F70C40A37FF
006#80CB8000FD0A37FF
007#73827FD0CC0A37FF
008#801B7FE0830A37FF
001#7F337FE7AD9997FF
002#675280D7AD9997FF
003#71437FE7AD9997FF
004#8E197FD7AD9997FF
005#7EA08010C40A37FF
006#80C98000FD0A37FF
007#73828000CC0A37FF
008#801B7FE0830A37FF
001#7F337FE7AD9997FF
002#67618117AD9997FF
003#71438007AD9997FF
004#8E197FE7AD9997FF
005#7EA08000C40A37FF
006#80C97FE0FD0A37FF
007#73848000CC0A37FF
008#801B7FE0830A37FF
001#7F337FE7AD9997FF
002#67798127AD9997FF
003#71437FE7AD9997FF
004#8E197FE7AD9997FF
005#7EA07FE0C40A37FF
006#80C87FD0FD0A37FF
007#73827FA0CC0A37FF
008#801B7FD0830A37FF
001#7F337FE7AD9997FF
002#678F8127AD9997FF
003#71437FD7AD9997FF
004#8E197FE7AD9997FF
005#7EA18000C40A37FF
006#80C88000FD0A37FF
007#73828010CC0A37FF
008#801B7FE0830A37FF
001#7F337FE7AD9997FF
002#67A080F7AD9997FF
003#71437FE7AD9997FF
004#8E197FE7AD9997FF
005#7EA17FD0C40A37FF
006#80C87FE0FD0A37FF
007#73837FD0CC0A37FF
008#801B7FD0830A37FF
001#7F337FE7AD9997FF
002#67B280F7AD9997FF
003#71437FE7AD9997FF
004#8E197FE7AD9997FF
005#7EA18000C40A37FF
006#80C87FE0FD0A37FF
007#737F7FB0CC0A37FF
008#801B7FE0830A37FF
001#7F337FE7AD9997FF
002#67C88107AD9997FF
003#71438007AD9997FF
004#8E197FE7AD9997FF
005#7EA17FE0C40A37FF
006#80C87FE0FD0A37FF
007#73797F60CC0A37FF
008#801B8000830A37FF
001#7F337FE7AD9997FF
002#67D780C7AD9997FF
003#71438007AD9997FF
004#8E197FE7AD9997FF
005#7EA38000C40A37FF
006#80C88000FD0A37FF
007#736C7E80CC0A37FF
008#801B7FE0830A37FF
001#7F337FE7AD9997FF
002#67E48097AD9997FF
003#71437FD7AD9997FF
004#8E197FE7AD9997FF
005#7EA58030C40A37FF
006#80C88000FD0A37FF
007#735B7E80CC0A37FF
008#801B7FE0830A37FF
001#7F337FE7AD9997FF
002#67EF8097AD9997FF
003#71437FE7AD9997FF
004#8E198007AD9997FF
005#7EAA8040C40A37FF
006#80C97FE0FD0A37FF
007#73577FE0CC0A37FF
008#801B7FE0830A37FF
001#7F337FE7AD9997FF
002#67F68047AD9997FF
003#71437FE7AD9997FF
004#8E197FE7AD9997FF
005#7EAA7FE0C40A37FF
006#80C97FE0FD0A37FF
007#73557F80CC0A37FF
008#801B7FE0830A37FF
001#7F337FE7AD9997FF
002#67FA8007AD9997FF
003#71438007AD9997FF
004#8E197FE7AD9997FF
005#7EAA7FD0C40A37FF
006#80C97FD0FD0A37FF
007#73537FE0CC0A37FF
008#801B7FE0830A37FF
001#7F337FE7AD9997FF
002#67FA7FE7AD9997FF
003#71437FD7AD9997FF
004#8E197FE7AD9997FF
005#7EAA7FC0C40A37FF
006#80C97FD0FD0A37FF
007#73548020CC0A37FF
008#801B7FE0830A37FF
001#7F337FE7AD9997FF
002#67FA7FE7AD9997FF
003#71437FE7AD9997FF
004#8E197FD7AD9997FF
005#7EAA8000C40A37FF
006#80C97FE0FD0A37FF
007#73547FD0CC0A37FF
008#801B7FE0830A37FF
001#7F338007AD9997FF
002#67F97FD7AD9997FF
003#71437FE7AD9997FF
004#8E197FE7AD9997FF
005#7EAA7FD0C40A37FF
006#80C97FE0FD0A37FF
007#73548000CC0A37FF
008#801B7FD0830A37FF
001#7F337FE7AD9997FF
002#67F97FE7AD9997FF
003#71437FE7AD9997FF
004#8E198007AD9997FF
005#7EAA7FE0C40A37FF
006#80C97FE0FD0A37FF
007#73547FD0CC0A37FF
008#801B7FE0830A37FF
001#7F337FE7AD9997FF
002#67F88007AD9997FF
003#71437FE7AD9997FF
004#8E198007AD9997FF
005#7EAA7FE0C40A37FF
006#80C97FE0FD0A37FF
007#73548000CC0A37FF
008#801B7FE0830A37FF
001#7F337FE7AD9997FF
002#67F87FE7AD9997FF
003#71437FE7AD9997FF
004#8E197FE7AD9997FF
005#7EAA7FE0C40A37FF
006#80C97FE0FD0A37FF
007#73547FE0CC0A37FF
008#801B8000830A37FF
001#7F337FE7AD9997FF
002#67F87FE7AD9997FF
003#71438007AD9997FF
004#8E197FD7AD9997FF
005#7EAA7FD0C40A37FF
006#80C97FE0FD0A37FF
007#73557FD0CC0A37FF
008#801B8000830A37FF
001#7F337FE7AD9997FF
002#67F87FE7AD9997FF
003#71437FE7AD9997FF
004#8E197FE7AD9997FF
005#7EAA7FE0C40A37FF
006#80C97FE0FD0A37FF
007#73547FC0CC0A37FF
008#801B8000830A37FF
001#7F337FE7AD9997FF
002#67F87FD7AD9997FF
003#71437FE7AD9997FF
004#8E197FE7AD9997FF
005#7EAA8000C40A37FF
006#80C97FE0FD0A37FF
007#73547FE0CC0A37FF
008#801B7FE0830A37FF
001#7F337FE7AD9997FF
002#67F87FE7AD9997FF
003#71437FE7AD9997FF
004#8E198007AD9997FF
005#7EAA7FE0C40A37FF
006#80C97FE0FD0A37FF
007#73547FE0CC0A37FF
008#801B7FD0830A37FF
001#7F337FE7AD9997FF
002#67F88007AD9997FF
003#71437FE7AD9997FF
004#8E197FE7AD9997FF
005#7EAA7FE0C40A37FF
006#80C98010FD0A37FF
007#73547FE0CC0A37FF
008#801B7FE0830A37FF
001#7F337FE7AD9997FF
002#67F87FE7AD9997FF
003#71437FE7AD9997FF
004#8E197FE7AD9997FF
005#7EAA7FE0C40A37FF
006#80C97FE0FD0A37FF
007#73547FE0CC0A37FF
008#801B8000830A37FF
001#7F337FE7AD9997FF
002#67F97FE7AD9997FF
003#71437FE7AD9997FF
004#8E198007AD9997FF
005#7EAA8000C40A37FF
006#80C97FE0FD0A37FF
007#73547FE0CC0A37FF
008#801B7FD0830A37FF
001#7F337FE7AD9997FF
002#67F97FE7AD9997FF
003#71437FE7AD9997FF
004#8E197FE7AD9997FF
005#7EAA7FE0C40A37FF
006#80C97FD0FD0A37FF
007#73547FD0CC0A37FF
008#801B7FE0830A37FF
001#7F327FE7AD9997FF
002#67F87FE7AD9997FF
003#71437FE7AD9997FF
004#8E197FE7AD9997FF
005#7EAA8000C40A37FF
006#80C97FE0FD0A37FF
007#73527FE0CC0A37FF
008#801B7FE0830A37FF
001#7F327FE7AD9997FF
002#67F87FE7AD9997FF
003#71437FE7AD9997FF
004#8E198007AD9997FF
005#7EAA7FE0C40A37FF
006#80C97FE0FD0A37FF
007#73537FE0CC0A37FF
008#801B7FE0830A37FF
001#7F327FE7AD9997FF
002#67F87FE7AD9997FF
003#71438007AD9997FF
004#8E197FE7AD9997FF
005#7EAA8000C40A37FF
006#80C97FE0FD0A37FF
007#73527FE0CC0A37FF
008#801B7FE0830A37FF
001#7F327FE7AD9997FF
002#67F87FE7AD9997FF
003#71438007AD9997FF
004#8E197FE7AD9997FF
005#7EAA7FE0C40A37FF
006#80C97FD0FD0A37FF
007#73527FE0CC0A37FF
008#801B7FE0830A37FF
001#7F327FE7AD9997FF
002#67F97FE7AD9997FF
003#71437FE7AD9997FF
004#8E197FE7AD9997FF
005#7EA87FD0C40A37FF
006#80C97FE0FD0A37FF
007#73527FD0CC0A37FF
008#801B7FE0830A37FF
001#7F327FE7AD9997FF
002#67F87FD7AD9997FF
003#71438007AD9997FF
004#8E197FE7AD9997FF
005#7EAA7FE0C40A37FF
006#80C97FE0FD0A37FF
007#73507FE0CC0A37FF
008#801B7FE0830A37FF
001#7F327FE7AD9997FF
002#67F97FE7AD9997FF
003#71437FD7AD9997FF
004#8E197FD7AD9997FF
005#7EA87FD0C40A37FF
006#80C97FE0FD0A37FF
007#73507FD0CC0A37FF
008#801B7FE0830A37FF
001#7F327FE7AD9997FF
002#67F87FE7AD9997FF
003#71437FE7AD9997FF
004#8E1A7FE7AD9997FF
005#7EAA7FE0C40A37FF
006#80C97FE0FD0A37FF
007#734F7FD0CC0A37FF
008#801B7FD0830A37FF
001#7F327FE7AD9997FF
002#67F87FE7AD9997FF
003#71437FE7AD9997FF
004#8E197FE7AD9997FF
005#7EAA8000C40A37FF
006#80C97FE0FD0A37FF
007#734F7FE0CC0A37FF
008#801B7FE0830A37FF
001#7F327FD7AD9997FF
002#67F87FE7AD9997FF
003#71437FE7AD9997FF
004#8E197FE7AD9997FF
005#7EAA7FE0C40A37FF
006#80C97FE0FD0A37FF
007#73507FD0CC0A37FF
008#801B7FE0830A37FF
001#7F328007AD9997FF
002#67F87FE7AD9997FF
003#71437FE7AD9997FF
004#8E197FE7AD9997FF
005#7EA87FD0C40A37FF
006#80C97FD0FD0A37FF
007#734F7FE0CC0A37FF
008#801B7FE0830A37FF
001#7F327FE7AD9997FF
002#67F87FE7AD9997FF
003#71438007AD9997FF
004#8E197FE7AD9997FF
005#7EA87FD0C40A37FF
006#80C97FE0FD0A37FF
007#73507FE0CC0A37FF
008#801B7FE0830A37FF
001#7F327FD7AD9997FF
002#67F87FE7AD9997FF
003#71438007AD9997FF
004#8E197FE7AD9997FF
005#7EA87FE0C40A37FF
006#80C97FE0FD0A37FF
007#734F7FD0CC0A37FF
008#801B7FE0830A37FF
001#7F327FD7AD9997FF
002#67F87FE7AD9997FF
003#71437FE7AD9997FF
004#8E197FE7AD9997FF
005#7EA88000C40A37FF
006#80C87FD0FD0A37FF
007#73507FE0CC0A37FF
008#801B7FD0830A37FF
001#7F327FE7AD9997FF
002#67F87FE7AD9997FF
003#71437FE7AD9997FF
004#8E197FE7AD9997FF
005#7EA87FE0C40A37FF
006#80C87FE0FD0A37FF
007#734F7FE0CC0A37FF
008#801B7FE0830A37FF
001#7F327FE7AD9997FF
002#67F87FE7AD9997FF
003#71437FE7AD9997FF
004#8E197FE7AD9997FF
005#7EA88000C40A37FF
006#80C87FD0FD0A37FF
007#734F7FE0CC0A37FF
008#801B7FE0830A37FF
001#7F327FE7AD9997FF
002#67F87FE7AD9997FF
003#71437FE7AD9997FF
004#8E197FE7AD9997FF
005#7EA87FE0C40A37FF
006#80C87FD0FD0A37FF
007#734E7FC0CC0A37FF
008#801B7FE0830A37FF
001#7F327FE7AD9997FF
002#67F87FE7AD9997FF
003#71437FE7AD9997FF
004#8E197FE7AD9997FF
005#7EA87FD0C40A37FF
006#80C88000FD0A37FF
007#73447ED0CC0A37FF
008#801B7FE0830A37FF
001#7F327FE7AD9997FF
002#67F87FE7AD9997FF
003#71437FD7AD9997FF
004#8E197FE7AD9997FF
005#7EA88000C40A37FF
006#80C87FD0FD0A37FF
007#732F7DF0CC0A37FF
008#801B7FE0830A37FF
001#7F327FE7AD9997FF
002#67F87FE7AD9997FF
003#71437FE7AD9997FF
004#8E198007AD9997FF
005#7EA87FE0C40A37FF
006#80C87FE0FD0A37FF
007#730D7D00CC0A37FF
008#801B8000830A37FF
001#7F327FE7AD9997FF
002#67F87FE7AD9997FF
003#71438007AD9997FF
004#8E197FE7AD9997FF
005#7EAA7FE0C40A37FF
006#80C87FE0FD0A37FF
007#72E07BD0CC0A37FF
008#801B7FE0830A37FF
001#7F337FE7AD9997FF
002#67F87FE7AD9997FF
003#71437FE7AD9997FF
004#8E197FE7AD9997FF
005#7EAA7FE0C40A37FF
006#80C87FE0FD0A37FF
007#72A67B00CC0A37FF
008#801B7FE0830A37FF
001#7F337FE7AD9997FF
002#67F87FE7AD9997FF
003#71437FE7AD9997FF
004#8E197FE7AD9997FF
005#7EAA7FE0C40A37FF
006#80C87FE0FD0A37FF
007#726B7A70CC0A37FF
008#801B8000830A37FF
001#7F337FE7AD9997FF
002#67F97FE7AD9997FF
003#71437FE7AD9997FF
004#8E197FE7AD9997FF
005#7EAA7FE0C40A37FF
006#80C98000FD0A37FF
007#72257AD0CC0A37FF
008#801B7FE0830A37FF
001#7F337FE7AD9997FF
002#67F97FE7AD9997FF
003#71437FE7AD9997FF
004#8E197FE7AD9997FF
005#7EAA8000C40A37FF
006#80C88000FD0A37FF
007#71F37BC0CC0A37FF
008#801B8000830A37FF
001#7F337FE7AD9997FF
002#67F97FE7AD9997FF
003#71437FD7AD9997FF
004#8E198007AD9997FF
005#7EAB8000C40A37FF
006#80C97FE0FD0A37FF
007#71C87D00CC0A37FF
008#801B7FE0830A37FF
001#7F337FE7AD9997FF
002#67F97FE7AD9997FF
003#71437FE7AD9997FF
004#8E197FE7AD9997FF
005#7EAB7FD0C40A37FF
006#80C87FE0FD0A37FF
007#71B47E90CC0A37FF
008#801B7FE0830A37FF
001#7F337FE7AD9997FF
002#67F97FE7AD9997FF
003#71437FE7AD9997FF
004#8E197FE7AD9997FF
005#7EAA7FD0C40A37FF
006#80C97FE0FD0A37FF
007#71B38030CC0A37FF
008#801B7FD0830A37FF
001#7F337FE7AD9997FF
002#67F97FE7AD9997FF
003#71437FD7AD9997FF
004#8E197FE7AD9997FF
005#7EAA7FD0C40A37FF
006#80C97FD0FD0A37FF
007#71C08110CC0A37FF
008#801B7FE0830A37FF
001#7F327FE7AD9997FF
002#67F97FE7AD9997FF
003#71438007AD9997FF
004#8E197FE7AD9997FF
005#7EAA7FE0C40A37FF
006#80C87FE0FD0A37FF
007#71CA8100CC0A37FF
008#801B7FE0830A37FF
001#7F337FD7AD9997FF
002#67F97FE7AD9997FF
003#71438007AD9997FF
004#8E197FE7AD9997FF
005#7EAA8000C40A37FF
006#80C87FE0FD0A37FF
007#71D28060CC0A37FF
008#801B8000830A37FF
001#7F327FE7AD9997FF
002#67F97FE7AD9997FF
003#71437FE7AD9997FF
004#8E197FE7AD9997FF
005#7EAA7FE0C40A37FF
006#80C88000FD0A37FF
007#71D48000CC0A37FF
008#801B7FE0830A37FF
001#7F337FE7AD9997FF
002#67F97FE7AD9997FF
003#71437FD7AD9997FF
004#8E197FE7AD9997FF
005#7EAB8000C40A37FF
006#80C87FE0FD0A37FF
007#71D47FE0CC0A37FF
008#801B7FD0830A37FF
001#7F337FE7AD9997FF
002#67F87FE7AD9997FF
003#71437FD7AD9997FF
004#8E197FE7AD9997FF
005#7EAA7FE0C40A37FF
006#80C87FE0FD0A37FF
007#71D27FC0CC0A37FF
008#801B7FD0830A37FF
001#7F337FE7AD9997FF
002#67F87FE7AD9997FF
003#71437FE7AD9997FF
004#8E197FE7AD9997FF
005#7EAA7FD0C40A37FF
006#80C98000FD0A37FF
007#71D27FE0CC0A37FF
008#801B7FE0830A37FF
001#7F337FE7AD9997FF
002#67F97FE7AD9997FF
003#71437FD7AD9997FF
004#8E198007AD9997FF
005#7EAA8010C40A37FF
006#80C87FE0FD0A37FF
007#71D28000CC0A37FF
008#801B7FD0830A37FF
001#7F337FE7AD9997FF
002#67F97FE7AD9997FF
003#71437FE7AD9997FF
004#8E197FE7AD9997FF
005#7EAA7FE0C40A37FF
006#80C87FE0FD0A37FF
007#71D38000CC0A37FF
008#801B7FE0830A37FF
001#7F337FE7AD9997FF
002#67F97FE7AD9997FF
003#71437FD7AD9997FF
004#8E198007AD9997FF
005#7EAA7FE0C40A37FF
006#80C87FE0FD0A37FF
007#71D27FE0CC0A37FF
008#801B7FE0830A37FF
001#7F337FE7AD9997FF
002#67F97FE7AD9997FF
003#71437FE7AD9997FF
004#8E197FE7AD9997FF
005#7EAA7FE0C40A37FF
006#80C87FE0FD0A37FF
007#71D27FE0CC0A37FF
008#801B8000830A37FF
001#7F337FE7AD9997FF
002#67F98007AD9997FF
003#71437FE7AD9997FF
004#8E198007AD9997FF
005#7EAA7FE0C40A37FF
006#80C87FD0FD0A37FF
007#71D27FE0CC0A37FF
008#801B8000830A37FF
001#7F337FE7AD9997FF
002#67F97FE7AD9997FF
003#71437FE7AD9997FF
004#8E197FE7AD9997FF
005#7EAA7FE0C40A37FF
006#80C97FE0FD0A37FF
007#71D28000CC0A37FF
008#801B7FE0830A37FF
001#7F327FD7AD9997FF
002#67F97FE7AD9997FF
003#71437FE7AD9997FF
004#8E197FE7AD9997FF
005#7EAA8000C40A37FF
006#80C87FE0FD0A37FF
007#71D27FE0CC0A37FF
008#801B7FE0830A37FF
001#7F337FE7AD9997FF
002#67F97FE7AD9997FF
003#71437FE7AD9997FF
004#8E197FE7AD9997FF
005#7EAA7FE0C40A37FF
006#80C98000FD0A37FF
007#71D27FD0CC0A37FF
008#801B7FE0830A37FF
001#7F327FE7AD9997FF
002#67F87FE7AD9997FF
003#71437FE7AD9997FF
004#8E197FE7AD9997FF
005#7EAA7FE0C40A37FF
006#80C97FE0FD0A37FF
007#71D17FC0CC0A37FF
008#801B7FE0830A37FF
001#7F327FE7AD9997FF
002#67F98007AD9997FF
003#71437FE7AD9997FF
004#8E197FE7AD9997FF
005#7EAA7FD0C40A37FF
006#80C98000FD0A37FF
007#71CB7F60CC0A37FF
008#801B8000830A37FF
001#7F327FE7AD9997FF
002#67F87FE7AD9997FF
003#71437FE7AD9997FF
004#8E198007AD9997FF
005#7EAA7FE0C40A37FF
006#80C97FE0FD0A37FF
007#71C27F10CC0A37FF
008#801B7FD0830A37FF
001#7F327FE7AD9997FF
002#67F87FE7AD9997FF
003#71437FE7AD9997FF
004#8E197FD7AD9997FF
005#7EAA7FE0C40A37FF
006#80C97FD0FD0A37FF
007#71BD7F80CC0A37FF
008#801B8000830A37FF
001#7F327FE7AD9997FF
002#67F87FE7AD9997FF
003#71438007AD9997FF
004#8E197FE7AD9997FF
005#7EA87FE0C40A37FF
006#80C97FE0FD0A37FF
007#71BB7FC0CC0A37FF
008#801B7FE0830A37FF
001#7F327FE7AD9997FF
002#67F87FE7AD9997FF
003#71437FD7AD9997FF
004#8E198007AD9997FF
005#7EA87FE0C40A37FF
006#80C97FE0FD0A37FF
007#71B87FA0CC0A37FF
008#801B8000830A37FF
001#7F327FE7AD9997FF
002#67F88007AD9997FF
003#71437FE7AD9997FF
004#8E198007AD9997FF
005#7EA87FD0C40A37FF
006#80C97FE0FD0A37FF
007#71B68000CC0A37FF
008#801B8000830A37FF
001#7F327FE7AD9997FF
002#67F97FE7AD9997FF
003#71427FD7AD9997FF
004#8E198007AD9997FF
005#7EA87FE0C40A37FF
006#80C97FD0FD0A37FF
007#71B67FE0CC0A37FF
008#801B7FE0830A37FF
001#7F327FE7AD9997FF
002#67F97FE7AD9997FF
003#71427FE7AD9997FF
004#8E197FE7AD9997FF
005#7EA87FE0C40A37FF
006#80C97FE0FD0A37FF
007#71B67FD0CC0A37FF
008#801B7FE0830A37FF
001#7F327FE7AD9997FF
002#67F87FE7AD9997FF
003#71427FD7AD9997FF
004#8E198007AD9997FF
005#7EA87FC0C40A37FF
006#80C97FE0FD0A37FF
007#71B57FC0CC0A37FF
008#801B7FE0830A37FF
001#7F327FE7AD9997FF
002#67F87FE7AD9997FF
003#71417F57AD9997FF
004#8E197FD7AD9997FF
005#7EA67FE0C40A37FF
006#80C97FE0FD0A37FF
007#71B37FC0CC0A37FF
008#801B8000830A37FF
001#7F327FE7AD9997FF
002#67F87FE7AD9997FF
003#71407FE7AD9997FF
004#8E197FE7AD9997FF
005#7EA57FC0C40A37FF
006#80C97FD0FD0A37FF
007#71AD7F40CC0A37FF
008#801B7FE0830A37FF
001#7F327FE7AD9997FF
002#67F87FE7AD9997FF
003#71407FE7AD9997FF
004#8E197FD7AD9997FF
005#7EA17F70C40A37FF
006#80C97FD0FD0A37FF
007#71A47F30CC0A37FF
008#801B7FE0830A37FF
001#7F327FE7AD9997FF
002#67F87FE7AD9997FF
003#71407FE7AD9997FF
004#8E197FE7AD9997FF
005#7EA08000C40A37FF
006#80CB7FE0FD0A37FF
007#719C7F40CC0A37FF
008#801B7FE0830A37FF
001#7F327FE7AD9997FF
002#67F87FE7AD9997FF
003#71408007AD9997FF
004#8E197FE7AD9997FF
005#7EA08000C40A37FF
006#80CB7FE0FD0A37FF
007#718F7EB0CC0A37FF
008#801B7FD0830A37FF
001#7F327FE7AD9997FF
002#67F87FE7AD9997FF
003#71407FE7AD9997FF
004#8E197FE7AD9997FF
005#7EA07FE0C40A37FF
006#80CB7FD0FD0A37FF
007#71847F10CC0A37FF
008#801B7FE0830A37FF
001#7F327FE7AD9997FF
002#67F88007AD9997FF
003#71407FE7AD9997FF
004#8E197FE7AD9997FF
005#7EA07FE0C40A37FF
006#80CB7FE0FD0A37FF
007#71838000CC0A37FF
008#801B7FE0830A37FF
001#7F327FE7AD9997FF
002#67F87FD7AD9997FF
003#71407FD7AD9997FF
004#8E198007AD9997FF
005#7EA07FE0C40A37FF
006#80CB7FE0FD0A37FF
007#71838000CC0A37FF
008#801B7FE0830A37FF
001#7F327FE7AD9997FF
002#67F97FE7AD9997FF
003#71407FE7AD9997FF
004#8E198007AD9997FF
005#7EA07FD0C40A37FF
006#80CB7FE0FD0A37FF
007#71847FE0CC0A37FF
008#801B7FE0830A37FF
001#7F317FE7AD9997FF
002#67F87FE7AD9997FF
003#71407FE7AD9997FF
004#8E197FD7AD9997FF
005#7EA08010C40A37FF
006#80CB7FD0FD0A37FF
007#71848000CC0A37FF
008#801B8000830A37FF
001#7F317FE7AD9997FF
002#67F97FE7AD9997FF
003#71407FE7AD9997FF
004#8E197FD7AD9997FF
005#7EA07FE0C40A37FF
006#80CB7FD0FD0A37FF
007#71847FD0CC0A37FF
008#801B8000830A37FF
001#7F317FE7AD9997FF
002#67F87FE7AD9997FF
003#71407FD7AD9997FF
004#8E197FD7AD9997FF
005#7EA07FE0C40A37FF
006#80CB7FE0FD0A37FF
007#71848000CC0A37FF
008#801B7FE0830A37FF
001#7F317FD7AD9997FF
002#67F87FE7AD9997FF
003#71407FE7AD9997FF
004#8E197FD7AD9997FF
005#7EA07FE0C40A37FF
006#80CB7FE0FD0A37FF
007#71848000CC0A37FF
008#801B8000830A37FF
001#7F317FE7AD9997FF
002#67F87FE7AD9997FF
003#71407FE7AD9997FF
004#8E197FE7AD9997FF
005#7EA08000C40A37FF
006#80CB7FE0FD0A37FF
007#71847FE0CC0A37FF
008#801B8000830A37FF
001#7F317FE7AD9997FF
002#67F87FE7AD9997FF
003#71407FE7AD9997FF
004#8E197FE7AD9997FF
005#7EA07FE0C40A37FF
006#80CB7FE0FD0A37FF
007#71857FE0CC0A37FF
008#801B7FE0830A37FF
001#7F317FD7AD9997FF
002#67F87FE7AD9997FF
003#71407FE7AD9997FF
004#8E197FE7AD9997FF
005#7EA07FE0C40A37FF
006#80CB7FD0FD0A37FF
007#71857FE0CC0A37FF
008#801B7FE0830A37FF
001#7F307FD7AD9997FF
002#67F87FE7AD9997FF
003#71407FE7AD9997FF
004#8E197FD7AD9997FF
005#7EA07FE0C40A37FF
006#80CB8000FD0A37FF
007#71858000CC0A37FF
008#801B7FE0830A37FF
001#7F2D7FB7AD9997FF
002#67F87FE7AD9997FF
003#71408007AD9997FF
004#8E197FE7AD9997FF
005#7EA07FE0C40A37FF
006#80CB7FE0FD0A37FF
007#71857FD0CC0A37FF
008#801B7FE0830A37FF
001#7F297FD7AD9997FF
002#67F87FE7AD9997FF
003#71407FC7AD9997FF
004#8E197FE7AD9997FF
005#7EA08000C40A37FF
006#80CB7FE0FD0A37FF
007#71857FE0CC0A37FF
008#801B7FE0830A37FF
001#7F287FD7AD9997FF
002#67F87FE7AD9997FF
003#71407FE7AD9997FF
004#8E198007AD9997FF
005#7EA07FD0C40A37FF
006#80CB7FE0FD0A37FF
007#71857FE0CC0A37FF
008#801B7FE0830A37FF
001#7F247FA7AD9997FF
002#67F87FE7AD9997FF
003#71407FE7AD9997FF
004#8E197FE7AD9997FF
005#7EA08000C40A37FF
006#80CB8000FD0A37FF
007#71857FD0CC0A37FF
008#801B7FE0830A37FF
001#7F237FE7AD9997FF
002#67F87FE7AD9997FF
003#71407FD7AD9997FF
004#8E197FE7AD9997FF
005#7EA07FD0C40A37FF
006#80CB7FE0FD0A37FF
007#71858000CC0A37FF
008#801B7FD0830A37FF
001#7F247FE7AD9997FF
002#67F87FE7AD9997FF
003#71407FE7AD9997FF
004#8E197FE7AD9997FF
005#7EA07FE0C40A37FF
006#80CB7FE0FD0A37FF
007#71868000CC0A37FF
008#801B7FE0830A37FF
001#7F237FE7AD9997FF
002#67F87FE7AD9997FF
003#71408007AD9997FF
004#8E197FE7AD9997FF
005#7EA08000C40A37FF
006#80CB7FE0FD0A37FF
007#71868000CC0A37FF
008#801B7FE0830A37FF
001#7F248007AD9997FF
002#67F97FE7AD9997FF
003#71407FE7AD9997FF
004#8E197FE7AD9997FF
005#7EA07FE0C40A37FF
006#80CB7FE0FD0A37FF
007#71877FE0CC0A37FF
008#801B7FE0830A37FF
001#7F247FE7AD9997FF
002#67F98007AD9997FF
003#71407FE7AD9997FF
004#8E197FE7AD9997FF
005#7EA08000C40A37FF
006#80CB7FE0FD0A37FF
007#71867FE0CC0A37FF
008#801B7FE0830A37FF
001#7F247FE7AD9997FF
002#67F97FE7AD9997FF
003#71407FE7AD9997FF
004#8E197FD7AD9997FF
005#7EA07FE0C40A37FF
006#80CC8000FD0A37FF
007#71877FE0CC0A37FF
008#801B7FE0830A37FF
001#7F247FE7AD9997FF
002#67F98007AD9997FF
003#71407FD7AD9997FF
004#8E198007AD9997FF
005#7EA07FD0C40A37FF
006#80CC8000FD0A37FF
007#71867FE0CC0A37FF
008#801B7FD0830A37FF
001#7F247FE7AD9997FF
002#67F97FE7AD9997FF
003#71407FD7AD9997FF
004#8E197FD7AD9997FF
005#7EA07FE0C40A37FF
006#80CD7FE0FD0A37FF
007#71867FD0CC0A37FF
008#801B7FE0830A37FF
001#7F247FE7AD9997FF
002#67FA7FE7AD9997FF
003#71407FE7AD9997FF
004#8E197FD7AD9997FF
005#7EA07FE0C40A37FF
006#80CD7FE0FD0A37FF
007#71867FE0CC0A37FF
008#801B8000830A37FF
001#7F247FE7AD9997FF
002#67FA7FE7AD9997FF
003#71407FE7AD9997FF
004#8E197FE7AD9997FF
005#7EA08000C40A37FF
006#80CB7FC0FD0A37FF
007#71867FE0CC0A37FF
008#801B7FD0830A37FF
001#7F247FE7AD9997FF
002#67F97FE7AD9997FF
003#71407FE7AD9997FF
004#8E197FD7AD9997FF
005#7EA18010C40A37FF
006#80CB7FE0FD0A37FF
007#71867FE0CC0A37FF
008#801B7FE0830A37FF
001#7F247FE7AD9997FF
002#67F97FE7AD9997FF
003#71407FE7AD9997FF
004#8E197FE7AD9997FF
005#7EA07FD0C40A37FF
006#80CB7FE0FD0A37FF
007#71867FE0CC0A37FF
008#801B7FD0830A37FF
001#7F247FE7AD9997FF
002#67F97FE7AD9997FF
003#71407FD7AD9997FF
004#8E197FE7AD9997FF
005#7EA07FE0C40A37FF
006#80CB7FE0FD0A37FF
007#71867FD0CC0A37FF
008#801B7FE0830A37FF
001#7F247FE7AD9997FF
002#67FA7FE7AD9997FF
003#71407FE7AD9997FF
004#8E197FE7AD9997FF
005#7EA08000C40A37FF
006#80CB7FE0FD0A37FF
007#71867FE0CC0A37FF
008#801B7FE0830A37FF
001#7F247FE7AD9997FF
002#67FA7FE7AD9997FF
003#71407FE7AD9997FF
004#8E197FD7AD9997FF
005#7EA08000C40A37FF
006#80CB7FE0FD0A37FF
007#71867FE0CC0A37FF
008#801B7FE0830A37FF
001#7F247FE7AD9997FF
002#67FA7FE7AD9997FF
003#71407FE7AD9997FF
004#8E197FE7AD9997FF
005#7EA17FE0C40A37FF
006#80CB7FB0FD0A37FF
007#71867FD0CC0A37FF
008#801B7FE0830A37FF
001#7F247FE7AD9997FF
002#67F97FE7AD9997FF
003#71408007AD9997FF
004#8E197FE7AD9997FF
005#7EA08000C40A37FF
006#80CB8000FD0A37FF
007#71867FD0CC0A37FF
008#801B7FE0830A37FF
001#7F247FE7AD9997FF
002#67F97FE7AD9997FF
003#71408007AD9997FF
004#8E197FE7AD9997FF
005#7EA07FE0C40A37FF
006#80CB7FE0FD0A37FF
007#71867FE0CC0A37FF
008#801B8000830A37FF
001#7F247FE7AD9997FF
002#67F97FE7AD9997FF
003#71407FE7AD9997FF
004#8E197FE7AD9997FF
005#7EA17FE0C40A37FF
006#80CB7FE0FD0A37FF
007#71867FE0CC0A37FF
008#801B7FE0830A37FF
001#7F247FE7AD9997FF
002#67F97FE7AD9997FF
003#71407FE7AD9997FF
004#8E197FD7AD9997FF
005#7EA17FD0C40A37FF
006#80CB7FE0FD0A37FF
007#71867FE0CC0A37FF
008#801B7FE0830A37FF
001#7F247FD7AD9997FF
002#67F97FE7AD9997FF
003#71407FE7AD9997FF
004#8E197FE7AD9997FF
005#7EA07FD0C40A37FF
006#80CB7FD0FD0A37FF
007#71867FE0CC0A37FF
008#801B8000830A37FF
001#7F247FE7AD9997FF
002#67F97FE7AD9997FF
003#71407FE7AD9997FF
004#8E197FD7AD9997FF
005#7EA17FE0C40A37FF
006#80CB7FD0FD0A37FF
007#71867FE0CC0A37FF
008#801B8000830A37FF
001#7F247FE7AD9997FF
002#67F97FE7AD9997FF
003#71407FE7AD9997FF
004#8E197FE7AD9997FF
005#7EA07FE0C40A37FF
006#80CB7FE0FD0A37FF
007#71867FE0CC0A37FF
008#801B7FE0830A37FF
001#7F247FE7AD9997FF
002#67F97FE7AD9997FF
003#71407FE7AD9997FF
004#8E197FE7AD9997FF
005#7EA07FE0C40A37FF
006#80CB7FE0FD0A37FF
007#71867FE0CC0A37FF
008#801B7FE0830A37FF
001#7F247FE7AD9997FF
002#67F97FE7AD9997FF
003#71407FE7AD9997FF
004#8E197FD7AD9997FF
005#7EA07FE0C40A37FF
006#80CB7FE0FD0A37FF
007#71867FE0CC0A37FF
008#801B7FD0830A37FF
001#7F247FE7AD9997FF
002#67F97FE7AD9997FF
003#71407FE7AD9997FF
004#8E197FE7AD9997FF
005#7EA18000C40A37FF
006#80CB7FE0FD0A37FF
007#71867FE0CC0A37FF
008#801B7FE0830A37FF
001#7F247FE7AD9997FF
002#67F97FE7AD9997FF
003#71407FE7AD9997FF
004#8E197FE7AD9997FF
005#7EA18000C40A37FF
006#80CB7FE0FD0A37FF
007#71867FE0CC0A37FF
008#801B7FE0830A37FF
001#7F247FE7AD9997FF
002#67FA7FE7AD9997FF
003#71407FE7AD9997FF
004#8E198007AD9997FF
005#7EA17FE0C40A37FF
006#80CB7FE0FD0A37FF
007#71867FE0CC0A37FF
008#801B7FE0830A37FF
001#7F247FE7AD9997FF
002#67F97FE7AD9997FF
003#71407FE7AD9997FF
004#8E197FE7AD9997FF
005#7EA07FD0C40A37FF
006#80CB7FE0FD0A37FF
007#71867FE0CC0A37FF
008#801B7FE0830A37FF
001#7F247FD7AD9997FF
002#67F97FE7AD9997FF
003#71407FE7AD9997FF
004#8E197FD7AD9997FF
005#7EA08000C40A37FF
006#80CB7FC0FD0A37FF
007#71868000CC0A37FF
008#801B7FE0830A37FF
001#7F247FE7AD9997FF
002#67F97FE7AD9997FF
003#71407FE7AD9997FF
004#8E197FE7AD9997FF
005#7EA07FE0C40A37FF
006#80CB8000FD0A37FF
007#71867FE0CC0A37FF
008#801B7FE0830A37FF
001#7F247FE7AD9997FF
002#67F97FE7AD9997FF
003#71408007AD9997FF
004#8E198007AD9997FF
005#7EA08000C40A37FF
006#80CB7FE0FD0A37FF
007#71867FE0CC0A37FF
008#801B7FD0830A37FF
001#7F247FE7AD9997FF
002#67F97FE7AD9997FF
003#71407FE7AD9997FF
004#8E197FD7AD9997FF
005#7EA07FE0C40A37FF
006#80CB7FD0FD0A37FF
007#71867FE0CC0A37FF
008#801B7FE0830A37FF
001#7F247FE7AD9997FF
002#67F97FE7AD9997FF
003#71407FE7AD9997FF
004#8E197FE7AD9997FF
005#7EA07FE0C40A37FF
006#80CB8000FD0A37FF
007#71867FE0CC0A37FF
008#801B7FD0830A37FF
001#7F247FE7AD9997FF
002#67F97FE7AD9997FF
003#71407FE7AD9997FF
004#8E197FE7AD9997FF
005#7EA17FE0C40A37FF
006#80CB7FD0FD0A37FF
007#71867FD0CC0A37FF
008#801B7FE0830A37FF
001#7F247FE7AD9997FF
002#67F97FE7AD9997FF
003#71407FE7AD9997FF
004#8E198007AD9997FF
005#7EA17FE0C40A37FF
006#80CB7FE0FD0A37FF
007#71867FE0CC0A37FF
008#801B7FE0830A37FF
001#7F247FE7AD9997FF
002#67F97FE7AD9997FF
003#71407FD7AD9997FF
004#8E197FE7AD9997FF
005#7EA07FE0C40A37FF
006#80CB7FE0FD0A37FF
007#71868000CC0A37FF
008#801B7FE0830A37FF
001#7F247FE7AD9997FF
002#67F97FE7AD9997FF
003#71407FE7AD9997FF
004#8E197FD7AD9997FF
005#7EA07FD0C40A37FF
006#80CB7FE0FD0A37FF
007#71867FE0CC0A37FF
008#801B8000830A37FF
001#7F248007AD9997FF
002#67F97FE7AD9997FF
003#71407FE7AD9997FF
004#8E197FE7AD9997FF
005#7EA07FE0C40A37FF
006#80CB7FD0FD0A37FF
007#71868000CC0A37FF
008#801B7FE0830A37FF
001#7F247FE7AD9997FF
002#67F97FE7AD9997FF
003#71407FD7AD9997FF
004#8E197FD7AD9997FF
005#7EA07FE0C40A37FF
006#80CB7FE0FD0A37FF
007#71867FE0CC0A37FF
008#801B7FD0830A37FF
001#7F247FE7AD9997FF
002#67F97FE7AD9997FF
003#71407FE7AD9997FF
004#8E198007AD9997FF
005#7EA17FE0C40A37FF
006#80CB7FE0FD0A37FF
007#71867FD0CC0A37FF
008#801B8000830A37FF
001#7F248007AD9997FF
002#67FA7FE7AD9997FF
003#71407FE7AD9997FF
004#8E197FE7AD9997FF
005#7EA07FE0C40A37FF
006#80CB7FE0FD0A37FF
007#71868000CC0A37FF
008#801B7FE0830A37FF
001#7F248007AD9997FF
002#67F97FE7AD9997FF
003#71407FE7AD9997FF
004#8E197FE7AD9997FF
005#7EA17FE0C40A37FF
006#80CB7FE0FD0A37FF
007#71868000CC0A37FF
008#801B7FE0830A37FF
001#7F247FE7AD9997FF
002#67F97FE7AD9997FF
003#71407FE7AD9997FF
004#8E197FE7AD9997FF
005#7EA07FE0C40A37FF
006#80CB7FE0FD0A37FF
007#71867FD0CC0A37FF
008#801B7FE0830A37FF
001#7F247FE7AD9997FF
002#67F97FE7AD9997FF
003#71407FE7AD9997FF
004#8E197FE7AD9997FF
005#7EA07FD0C40A37FF
006#80CB7FD0FD0A37FF
007#71868000CC0A37FF
008#801B7FE0830A37FF
001#7F247FE7AD9997FF
002#67F97FE7AD9997FF
003#71407FE7AD9997FF
004#8E197FE7AD9997FF
005#7EA08000C40A37FF
006#80CB8000FD0A37FF
007#71867FD0CC0A37FF
008#801B8000830A37FF
001#7F247FE7AD9997FF
002#67F97FE7AD9997FF
003#71407FE7AD9997FF
004#8E197FE7AD9997FF
005#7EA18000C40A37FF
006#80CB7FE0FD0A37FF
007#71867FD0CC0A37FF
008#801B7FE0830A37FF
001#7F247FE7AD9997FF
002#67F97FE7AD9997FF
003#71408007AD9997FF
004#8E197FD7AD9997FF
005#7EA18000C40A37FF
006#80CB7FE0FD0A37FF
007#71868000CC0A37FF
008#801B7FE0830A37FF
001#7F247FE7AD9997FF
002#67FA7FE7AD9997FF
003#71407FE7AD9997FF
004#8E197FE7AD9997FF
005#7EA17FD0C40A37FF
006#80CB8000FD0A37FF
007#71867FE0CC0A37FF
008#801B7FD0830A37FF
001#7F247FE7AD9997FF
002#67F97FE7AD9997FF
003#71407FE7AD9997FF
004#8E197FE7AD9997FF
005#7EA18000C40A37FF
006#80CB8000FD0A37FF
007#71868000CC0A37FF
008#801B7FE0830A37FF
001#7F247FD7AD9997FF
002#67F97FE7AD9997FF
003#71408007AD9997FF
004#8E197FD7AD9997FF
005#7EA17FE0C40A37FF
006#80CB7FE0FD0A37FF
007#71867FE0CC0A37FF
008#801B7FE0830A37FF
001#7F247FE7AD9997FF
002#67FA7FE7AD9997FF
003#71407FE7AD9997FF
004#8E197FE7AD9997FF
005#7EA17FE0C40A37FF
006#80CB7FE0FD0A37FF
007#71867FE0CC0A37FF
008#801B7FE0830A37FF
001#7F247FE7AD9997FF
002#67FA8007AD9997FF
003#71407FE7AD9997FF
004#8E197FE7AD9997FF
005#7EA37FE0C40A37FF
006#80CB7FE0FD0A37FF
007#71867FE0CC0A37FF
008#801B7FE0830A37FF
001#7F247FE7AD9997FF
002#67FB8007AD9997FF
003#71418007AD9997FF
004#8E197FE7AD9997FF
005#7EA38000C40A37FF
006#80CB7FE0FD0A37FF
007#71867FE0CC0A37FF
008#801B7FD0830A37FF
001#7F247FE7AD9997FF
002#67FD8017AD9997FF
003#71417FE7AD9997FF
004#8E197FE7AD9997FF
005#7EA38000C40A37FF
006#80CC8010FD0A37FF
007#71867FE0CC0A37FF
008#801B7FE0830A37FF
001#7F247FE7AD9997FF
002#68018037AD9997FF
003#71417FE7AD9997FF
004#8E198007AD9997FF
005#7EA58030C40A37FF
006#80CB7FE0FD0A37FF
007#71867FE0CC0A37FF
008#801B7FE0830A37FF
001#7F247FD7AD9997FF
002#68068067AD9997FF
003#71407FE7AD9997FF
004#8E197FD7AD9997FF
005#7EAB8040C40A37FF
006#80CB7FE0FD0A37FF
007#71848000CC0A37FF
008#801B7FE0830A37FF
001#7F247FE7AD9997FF
002#681080B7AD9997FF
003#71407FD7AD9997FF
004#8E197FD7AD9997FF
005#7EAA7FC0C40A37FF
006#80CB7FE0FD0A37FF
007#71867FD0CC0A37FF
008#801B8000830A37FF
001#7F247FE7AD9997FF
002#68238107AD9997FF
003#71407FE7AD9997FF
004#8E197FE7AD9997FF
005#7EAA7FE0C40A37FF
006#80CB7FE0FD0A37FF
007#71867FD0CC0A37FF
008#801B7FE0830A37FF
001#7F247FE7AD9997FF
002#68378127AD9997FF
003#71407FD7AD9997FF
004#8E197FD7AD9997FF
005#7EAA7FE0C40A37FF
006#80CB7FE0FD0A37FF
007#71857FE0CC0A37FF
008#801B7FE0830A37FF
001#7F247FE7AD9997FF
002#68518167AD9997FF
003#71407FE7AD9997FF
004#8E197FD7AD9997FF
005#7EAA7FE0C40A37FF
006#80CB7FE0FD0A37FF
007#71868010CC0A37FF
008#801B7FE0830A37FF
001#7F248007AD9997FF
002#687281B7AD9997FF
003#71407FE7AD9997FF
004#8E197FE7AD9997FF
005#7EA87FE0C40A37FF
006#80CB7FE0FD0A37FF
007#71857FE0CC0A37FF
008#801B8010830A37FF
001#7F247FE7AD9997FF
002#68988217AD9997FF
003#71407FE7AD9997FF
004#8E198007AD9997FF
005#7EA87FE0C40A37FF
006#80CB8000FD0A37FF
007#71847FD0CC0A37FF
008#801B7FE0830A37FF
001#7F247FE7AD9997FF
002#68B881D7AD9997FF
003#71407FD7AD9997FF
004#8E197FD7AD9997FF
005#7EA87FD0C40A37FF
006#80CB7FE0FD0A37FF
007#71847FC0CC0A37FF
008#801B7FE0830A37FF
001#7F247FE7AD9997FF
002#68E381F7AD9997FF
003#71407FD7AD9997FF
004#8E197FE7AD9997FF
005#7EAA7FE0C40A37FF
006#80C97FE0FD0A37FF
007#71857FD0CC0A37FF
008#801B7FE0830A37FF
001#7F247FE7AD9997FF
002#690A8237AD9997FF
003#71407FE7AD9997FF
004#8E197FE7AD9997FF
005#7EA87FE0C40A37FF
006#80C97FE0FD0A37FF
007#71858010CC0A37FF
008#801B7FE0830A37FF
001#7F247FE7AD9997FF
002#69368267AD9997FF
003#71407FD7AD9997FF
004#8E197FE7AD9997FF
005#7EA88010C40A37FF
006#80CB7FE0FD0A37FF
007#71848000CC0A37FF
008#801B7FE0830A37FF
001#7F247FE7AD9997FF
002#69688277AD9997FF
003#71407FE7AD9997FF
004#8E197FE7AD9997FF
005#7EA87FE0C40A37FF
006#80CB7FE0FD0A37FF
007#71848000CC0A37FF
008#801B7FE0830A37FF
001#7F247FE7AD9997FF
002#699682B7AD9997FF
003#71407FE7AD9997FF
004#8E197FD7AD9997FF
005#7EA87FE0C40A37FF
006#80CB8000FD0A37FF
007#71847FD0CC0A37FF
008#801B7FE0830A37FF
001#7F247FD7AD9997FF
002#69CC82D7AD9997FF
003#71407FE7AD9997FF
004#8E197FE7AD9997FF
005#7EA88000C40A37FF
006#80C97FD0FD0A37FF
007#71847FC0CC0A37FF
008#801B7FD0830A37FF
001#7F247FE7AD9997FF
002#6A038327AD9997FF
003#71407FE7AD9997FF
004#8E197FE7AD9997FF
005#7EA87FE0C40A37FF
006#80C97FE0FD0A37FF
007#71847FD0CC0A37FF
008#801B7FD0830A37FF
001#7F247FE7AD9997FF
002#6A428317AD9997FF
003#71407FE7AD9997FF
004#8E197FE7AD9997FF
005#7EA88000C40A37FF
006#80C98000FD0A37FF
007#71848000CC0A37FF
008#801B8000830A37FF
001#7F247FD7AD9997FF
002#6A7F8317AD9997FF
003#71408007AD9997FF
004#8E197FE7AD9997FF
005#7EA87FC0C40A37FF
006#80C97FD0FD0A37FF
007#71847FE0CC0A37FF
008#801B7FE0830A37FF
001#7F247FE7AD9997FF
002#6ABB8337AD9997FF
003#71407FE7AD9997FF
004#8E197FE7AD9997FF
005#7EA87FD0C40A37FF
006#80C97FE0FD0A37FF
007#71847FD0CC0A37FF
008#801B7FE0830A37FF
001#7F247FE7AD9997FF
002#6AF88337AD9997FF
003#71407FE7AD9997FF
004#8E197FE7AD9997FF
005#7EA87FE0C40A37FF
006#80C97FE0FD0A37FF
007#71847FD0CC0A37FF
008#801B7FD0830A37FF
001#7F247FE7AD9997FF
002#6B308347AD9997FF
003#71407FE7AD9997FF
004#8E197FE7AD9997FF
005#7EA87FD0C40A37FF
006#80C97FE0FD0A37FF
007#71847FD0CC0A37FF
008#801B7FE0830A37FF
001#7F248007AD9997FF
002#6B6D8367AD9997FF
003#71407FE7AD9997FF
004#8E197FE7AD9997FF
005#7EA87FD0C40A37FF
006#80C97FD0FD0A37FF
007#71847FE0CC0A37FF
008#801B7FE0830A37FF
001#7F247FD7AD9997FF
002#6BAA8337AD9997FF
003#71407FD7AD9997FF
004#8E197FE7AD9997FF
005#7EA87FE0C40A37FF
006#80C98000FD0A37FF
007#71848000CC0A37FF
008#801B7FE0830A37FF
001#7F247FE7AD9997FF
002#6BE98367AD9997FF
003#71407FE7AD9997FF
004#8E197FE7AD9997FF
005#7EA87FE0C40A37FF
006#80C87FE0FD0A37FF
007#71847FD0CC0A37FF
008#801B7FE0830A37FF
001#7F247FE7AD9997FF
002#6C288347AD9997FF
003#71407FE7AD9997FF
004#8E197FD7AD9997FF
005#7EA88000C40A37FF
006#80C88000FD0A37FF
007#71847FE0CC0A37FF
008#801B8000830A37FF
001#7F247FE7AD9997FF
002#6C6A8377AD9997FF
003#71407FE7AD9997FF
004#8E197FE7AD9997FF
005#7EA87FD0C40A37FF
006#80C87FD0FD0A37FF
007#71847FE0CC0A37FF
008#801B8000830A37FF
001#7F247FE7AD9997FF
002#6CAA8387AD9997FF
003#71418007AD9997FF
004#8E197FD7AD9997FF
005#7EAA8020C40A37FF
006#80C77FA0FD0A37FF
007#71847FE0CC0A37FF
008#801B7FE0830A37FF
001#7F247FE7AD9997FF
002#6CEE8387AD9997FF
003#71418007AD9997FF
004#8E197FE7AD9997FF
005#7EAA8000C40A37FF
006#80BC7F10FD0A37FF
007#71847FC0CC0A37FF
008#801B7FE0830A37FF
001#7F247FE7AD9997FF
002#6D3683B7AD9997FF
003#71417FE7AD9997FF
004#8E197FD7AD9997FF
005#7EAA7FE0C40A37FF
006#80A87DE0FD0A37FF
007#71847FE0CC0A37FF
008#801B7FE0830A37FF
001#7F248007AD9997FF
002#6D7B83B7AD9997FF
003#71417FE7AD9997FF
004#8E197FD7AD9997FF
005#7EAB8000C40A37FF
006#807E7BB0FD0A37FF
007#71847FE0CC0A37FF
008#801B7FE0830A37FF
001#7F247FE7AD9997FF
002#6DC983C7AD9997FF
003#71418007AD9997FF
004#8E197FE7AD9997FF
005#7EAB8010C40A37FF
006#80437B70FD0A37FF
007#71847FE0CC0A37FF
008#801B8000830A37FF
001#7F247FE7AD9997FF
002#6E1183D7AD9997FF
003#71418007AD9997FF
004#8E198007AD9997FF
005#7EAB8000C40A37FF
006#800F7B80FD0A37FF
007#71847FD0CC0A37FF
008#801B7FD0830A37FF
001#7F257FD7AD9997FF
002#6E5183D7AD9997FF
003#71418007AD9997FF
004#8E197FE7AD9997FF
005#7EAD8020C40A37FF
006#7FE07BD0FD0A37FF
007#71847FD0CC0A37FF
008#801B7FE0830A37FF
001#7F257FE7AD9997FF
002#6E9B83D7AD9997FF
003#71418017AD9997FF
004#8E197FE7AD9997FF
005#7EB480E0C40A37FF
006#7FB27C20FD0A37FF
007#71847FD0CC0A37FF
008#801B7FE0830A37FF
001#7F257FE7AD9997FF
002#6EE183B7AD9997FF
003#71417FE7AD9997FF
004#8E198007AD9997FF
005#7EBE80F0C40A37FF
006#7F8C7CF0FD0A37FF
007#71847FD0CC0A37FF
008#801B7FD0830A37FF
001#7F257FE7AD9997FF
002#6F2983C7AD9997FF
003#71417FE7AD9997FF
004#8E197FE7AD9997FF
005#7EC580C0C40A37FF
006#7F6C7D80FD0A37FF
007#71847FD0CC0A37FF
008#801B7FE0830A37FF
001#7F257FE7AD9997FF
002#6F7083D7AD9997FF
003#71417FE7AD9997FF
004#8E197FE7AD9997FF
005#7ED18130C40A37FF
006#7F5C7F10FD0A37FF
007#71847FD0CC0A37FF
008#801B7FE0830A37FF
001#7F257FE7AD9997FF
002#6FBF83C7AD9997FF
003#71417FD7AD9997FF
004#8E197FD7AD9997FF
005#7EE28130C40A37FF
006#7F5E8000FD0A37FF
007#71837FC0CC0A37FF
008#801B7FE0830A37FF
001#7F257FE7AD9997FF
002#700683C7AD9997FF
003#71417FE7AD9997FF
004#8E198007AD9997FF
005#7EF080D0C40A37FF
006#7F5E8000FD0A37FF
007#71837FD0CC0A37FF
008#801B7FE0830A37FF
001#7F247FD7AD9997FF
002#704483B7AD9997FF
003#71417FE7AD9997FF
004#8E197FE7AD9997FF
005#7EF17FC0C40A37FF
006#7F5E8000FD0A37FF
007#71827FE0CC0A37FF
008#801B7FE0830A37FF
001#7F247FE7AD9997FF
002#709383D7AD9997FF
003#71417FD7AD9997FF
004#8E197FD7AD9997FF
005#7EF07FE0C40A37FF
006#7F5E8000FD0A37FF
007#71817FD0CC0A37FF
008#801B7FE0830A37FF
001#7F247FE7AD9997FF
002#70D483E7AD9997FF
003#71407FD7AD9997FF
004#8E197FE7AD9997FF
005#7EF07FD0C40A37FF
006#7F5E8000FD0A37FF
007#71817FD0CC0A37FF
008#801B8000830A37FF
001#7F247FE7AD9997FF
002#711D83D7AD9997FF
003#71407FE7AD9997FF
004#8E197FE7AD9997FF
005#7EEE7FD0C40A37FF
006#7F5E7FE0FD0A37FF
007#717F7F90CC0A37FF
008#801B7FE0830A37FF
001#7F247FE7AD9997FF
002#716B83C7AD9997FF
003#71407FD7AD9997FF
004#8E197FE7AD9997FF
005#7EEE7FE0C40A37FF
006#7F608030FD0A37FF
007#717B7FB0CC0A37FF
008#801B7FE0830A37FF
001#7F247FE7AD9997FF
002#71AF83E7AD9997FF
003#71407FD7AD9997FF
004#8E197FE7AD9997FF
005#7EEE7FD0C40A37FF
006#7F638060FD0A37FF
007#717B7FE0CC0A37FF
008#801B7FE0830A37FF
001#7F247FD7AD9997FF
002#71FD83E7AD9997FF
003#713F7F87AD9997FF
004#8E198007AD9997FF
005#7EED8000C40A37FF
006#7F738110FD0A37FF
007#717B8000CC0A37FF
008#801B7FE0830A37FF
001#7F247FE7AD9997FF
002#724583D7AD9997FF
003#71387E57AD9997FF
004#8E197FE7AD9997FF
005#7EED7FE0C40A37FF
006#7F7B8070FD0A37FF
007#717B8000CC0A37FF
008#801B7FE0830A37FF
001#7F247FE7AD9997FF
002#728A8407AD9997FF
003#712E7C57AD9997FF
004#8E197FE7AD9997FF
005#7EED8020C40A37FF
006#7F828060FD0A37FF
007#717B7FE0CC0A37FF
008#801B8000830A37FF
001#7F247FD7AD9997FF
002#72D483F7AD9997FF
003#711E7BC7AD9997FF
004#8E197FE7AD9997FF
005#7EED7FD0C40A37FF
006#7F8980A0FD0A37FF
007#717B7FD0CC0A37FF
008#801B7FE0830A37FF
001#7F247FE7AD9997FF
002#731F83E7AD9997FF
003#710C7BA7AD9997FF
004#8E198007AD9997FF
005#7EED8000C40A37FF
006#7F8C7FD0FD0A37FF
007#717C8000CC0A37FF
008#801B7FE0830A37FF
001#7F247FE7AD9997FF
002#736B8407AD9997FF
003#70FC7C17AD9997FF
004#8E197FE7AD9997FF
005#7EED7FD0C40A37FF
006#7F8B8000FD0A37FF
007#717C7FE0CC0A37FF
008#801B8010830A37FF
001#7F247FE7AD9997FF
002#73BA8417AD9997FF
003#70EE7C87AD9997FF
004#8E197FE7AD9997FF
005#7EED7FE0C40A37FF
006#7F8B7FE0FD0A37FF
007#717C7FE0CC0A37FF
008#801B8000830A37FF
001#7F247FD7AD9997FF
002#740C8407AD9997FF
003#70E07D47AD9997FF
004#8E197FE7AD9997FF
005#7EED7FE0C40A37FF
006#7F8B7FE0FD0A37FF
007#717D7FE0CC0A37FF
008#801B7FD0830A37FF
001#7F247FE7AD9997FF
002#74598427AD9997FF
003#70D37D07AD9997FF
004#8E197FD7AD9997FF
005#7EED8010C40A37FF
006#7F8B7FD0FD0A37FF
007#717D7FE0CC0A37FF
008#801B8000830A37FF
001#7F247FE7AD9997FF
002#74A08437AD9997FF
003#70CC7DB7AD9997FF
004#8E187FD7AD9997FF
005#7EED7FC0C40A37FF
006#7F8B8000FD0A37FF
007#717D8000CC0A37FF
008#801B7FE0830A37FF
001#7F247FE7AD9997FF
002#74F98447AD9997FF
003#70C37E47AD9997FF
004#8E187FD7AD9997FF
005#7EED7FE0C40A37FF
006#7F8B7FE0FD0A37FF
007#717D7FE0CC0A37FF
008#801B8000830A37FF
001#7F247FE7AD9997FF
002#754D8477AD9997FF
003#70BE7F77AD9997FF
004#8E187FE7AD9997FF
005#7EED7FE0C40A37FF
006#7F8B7FE0FD0A37FF
007#717D8010CC0A37FF
008#801B7FE0830A37FF
001#7F247FD7AD9997FF
002#75998497AD9997FF
003#70BF8017AD9997FF
004#8E187FD7AD9997FF
005#7EED7FD0C40A37FF
006#7F8B7FC0FD0A37FF
007#717C8000CC0A37FF
008#801B7FE0830A37FF
001#7F247FE7AD9997FF
002#75ED8487AD9997FF
003#70BF7FE7AD9997FF
004#8E187FC7AD9997FF
005#7EED7FE0C40A37FF
006#7F897FD0FD0A37FF
007#717D7FD0CC0A37FF
008#801B7FE0830A37FF
001#7F247FE7AD9997FF
002#76458497AD9997FF
003#70BF7FD7AD9997FF
004#8E177F87AD9997FF
005#7EED8000C40A37FF
006#7F897FA0FD0A37FF
007#717D7FD0CC0A37FF
008#801B8000830A37FF
001#7F247FE7AD9997FF
002#769A84A7AD9997FF
003#70BF7FE7AD9997FF
004#8E168007AD9997FF
005#7EED7FD0C40A37FF
006#7F877FE0FD0A37FF
007#717D7FC0CC0A37FF
008#801B7FE0830A37FF
001#7F247FE7AD9997FF
002#76F984A7AD9997FF
003#70BF7FE7AD9997FF
004#8E167FE7AD9997FF
005#7EED8000C40A37FF
006#7F877FE0FD0A37FF
007#717D7FD0CC0A37FF
008#801B7FE0830A37FF
001#7F247FE7AD9997FF
002#77478497AD9997FF
003#70BF7FE7AD9997FF
004#8E167FE7AD9997FF
005#7EED7FC0C40A37FF
006#7F877FD0FD0A37FF
007#717D7FD0CC0A37FF
008#801B7FE0830A37FF
001#7F247FE7AD9997FF
002#77AF8497AD9997FF
003#70BF7FD7AD9997FF
004#8E167FE7AD9997FF
005#7EEC7FE0C40A37FF
006#7F877FD0FD0A37FF
007#717E7FE0CC0A37FF
008#801B7FE0830A37FF
001#7F247FE7AD9997FF
002#77F584B7AD9997FF
003#70BF7FE7AD9997FF
004#8E167FD7AD9997FF
005#7EEC7FE0C40A37FF
006#7F877FE0FD0A37FF
007#717E8000CC0A37FF
008#801B7FE0830A37FF
001#7F247FE7AD9997FF
002#786184B7AD9997FF
003#70BF8007AD9997FF
004#8E167FE7AD9997FF
005#7EEC7FE0C40A37FF
006#7F877FE0FD0A37FF
007#717E8000CC0A37FF
008#801B7FE0830A37FF
001#7F247FE7AD9997FF
002#78AF84B7AD9997FF
003#70BF7FE7AD9997FF
004#8E167FD7AD9997FF
005#7EED8000C40A37FF
006#7F877FD0FD0A37FF
007#717E7FD0CC0A37FF
008#801B8000830A37FF
001#7F247FE7AD9997FF
002#78F58497AD9997FF
003#70BF8007AD9997FF
004#8E167FE7AD9997FF
005#7EED8000C40A37FF
006#7F877FC0FD0A37FF
007#71808020CC0A37FF
008#801B7FE0830A37FF
001#7F247FE7AD9997FF
002#795984B7AD9997FF
003#70BF7FE7AD9997FF
004#8E167FE7AD9997FF
005#7EED8000C40A37FF
006#7F877FD0FD0A37FF
007#718680B0CC0A37FF
008#801B7FD0830A37FF
001#7F247FE7AD9997FF
002#79B784A7AD9997FF
003#70BF7FE7AD9997FF
004#8E167FD7AD9997FF
005#7EED8000C40A37FF
006#7F877FE0FD0A37FF
007#718B8060CC0A37FF
008#801B7FD0830A37FF
001#7F247FE7AD9997FF
002#7A058497AD9997FF
003#70BF8007AD9997FF
004#8E167FB7AD9997FF
005#7EED7FE0C40A37FF
006#7F877FE0FD0A37FF
007#71938070CC0A37FF
008#801B7FE0830A37FF
001#7F247FE7AD9997FF
002#7A5C8477AD9997FF
003#70BF7FE7AD9997FF
004#8E127E77AD9997FF
005#7EED8000C40A37FF
006#7F877FD0FD0A37FF
007#71947FD0CC0A37FF
008#801B7FE0830A37FF
001#7F247FE7AD9997FF
002#7AB38457AD9997FF
003#70BF7FE7AD9997FF
004#8E087D97AD9997FF
005#7EED8000C40A37FF
006#7F877FD0FD0A37FF
007#71927FD0CC0A37FF
008#801B7FD0830A37FF
001#7F247FE7AD9997FF
002#7B008417AD9997FF
003#70BF7FE7AD9997FF
004#8DFE7D17AD9997FF
005#7EED7FE0C40A37FF
006#7F877FD0FD0A37FF
007#71927FC0CC0A37FF
008#801B7FE0830A37FF
001#7F247FE7AD9997FF
002#7B468407AD9997FF
003#70BF7FE7AD9997FF
004#8DF07C27AD9997FF
005#7EED7FD0C40A37FF
006#7F857FD0FD0A37FF
007#71927FD0CC0A37FF
008#801B7FE0830A37FF
001#7F247FE7AD9997FF
002#7B9483D7AD9997FF
003#70BF7FD7AD9997FF
004#8DDC7B37AD9997FF
005#7EED7FD0C40A37FF
006#7F858000FD0A37FF
007#71927FE0CC0A37FF
008#801B7FD0830A37FF
001#7F247FE7AD9997FF
002#7BDA8387AD9997FF
003#70BF7FD7AD9997FF
004#8DC57A17AD9997FF
005#7EED7FE0C40A37FF
006#7F857FE0FD0A37FF
007#71927FC0CC0A37FF
008#801B8000830A37FF
001#7F247FE7AD9997FF
002#7C198367AD9997FF
003#70BF7FE7AD9997FF
004#8DAB7937AD9997FF
005#7EED7FE0C40A37FF
006#7F857FD0FD0A37FF
007#71917FE0CC0A37FF
008#801B7FE0830A37FF
001#7F247FE7AD9997FF
002#7C508317AD9997FF
003#70BF8007AD9997FF
004#8D917867AD9997FF
005#7EED7FD0C40A37FF
006#7F878000FD0A37FF
007#71917FE0CC0A37FF
008#801B7FE0830A37FF
001#7F247FE7AD9997FF
002#7C9382D7AD9997FF
003#70BF7FE7AD9997FF
004#8D6776F7AD9997FF
005#7EED7FD0C40A37FF
006#7F877FE0FD0A37FF
007#71917FE0CC0A37FF
008#801B7FE0830A37FF
001#7F247FD7AD9997FF
002#7CBD82B7AD9997FF
003#70BF8007AD9997FF
004#8D4675D7AD9997FF
005#7EED7FD0C40A37FF
006#7F857FE0FD0A37FF
007#71918000CC0A37FF
008#801B7FD0830A37FF
001#7F258007AD9997FF
002#7CEA8257AD9997FF
003#70BF7FD7AD9997FF
004#8D197447AD9997FF
005#7EED8000C40A37FF
006#7F877FE0FD0A37FF
007#71907FE0CC0A37FF
008#801B7FD0830A37FF
001#7F258007AD9997FF
002#7D0F8207AD9997FF
003#70BF7FE7AD9997FF
004#8CE37297AD9997FF
005#7EED7FE0C40A37FF
006#7F858000FD0A37FF
007#71918010CC0A37FF
008#801B8000830A37FF
001#7F258007AD9997FF
002#7D2D8187AD9997FF
003#70BF7FD7AD9997FF
004#8CA77147AD9997FF
005#7EED8000C40A37FF
006#7F877FE0FD0A37FF
007#718D7F90CC0A37FF
008#801B7FE0830A37FF
001#7F278007AD9997FF
002#7D478107AD9997FF
003#70BF7FC7AD9997FF
004#8C646FF7AD9997FF
005#7EEC7FB0C40A37FF
006#7F878000FD0A37FF
007#718F7FC0CC0A37FF
008#801B7FE0830A37FF
001#7F288017AD9997FF
002#7D528097AD9997FF
003#70BE7FC7AD9997FF
004#8C246E07AD9997FF
005#7EE97FA0C40A37FF
006#7F877FE0FD0A37FF
007#718F8020CC0A37FF
008#801B7FE0830A37FF
001#7F2C8017AD9997FF
002#7D5A8027AD9997FF
003#70B87E57AD9997FF
004#8BCE6C87AD9997FF
005#7EE48000C40A37FF
006#7F878000FD0A37FF
007#718F7FB0CC0A37FF
008#801B7FE0830A37FF
001#7F2C7FE7AD9997FF
002#7D587FD7AD9997FF
003#70B57F27AD9997FF
004#8B826AB7AD9997FF
005#7EE88000C40A37FF
006#7F877FD0FD0A37FF
007#71928030CC0A37FF
008#801B7FE0830A37FF
001#7F2C7FE7AD9997FF
002#7D557FB7AD9997FF
003#70B47FD7AD9997FF
004#8B296A67AD9997FF
005#7EE47FE0C40A37FF
006#7F877FD0FD0A37FF
007#71927FD0CC0A37FF
008#801B7FE0830A37FF
001#7F2D8007AD9997FF
002#7D4F7F77AD9997FF
003#70B48007AD9997FF
004#8ACA6AC7AD9997FF
005#7EE48010C40A37FF
006#7F878000FD0A37FF
007#71937FD0CC0A37FF
008#801B7FD0830A37FF
001#7F2D7FE7AD9997FF
002#7D4B7FA7AD9997FF
003#70B47FE7AD9997FF
004#8A7A69F7AD9997FF
005#7EE47FE0C40A37FF
006#7F877FE0FD0A37FF
007#71948050CC0A37FF
008#801B7FE0830A37FF
001#7F2D7FE7AD9997FF
002#7D477F97AD9997FF
003#70B47FE7AD9997FF
004#8A216AB7AD9997FF
005#7EE48000C40A37FF
006#7F877FE0FD0A37FF
007#719A8050CC0A37FF
008#801B7FD0830A37FF
001#7F2D7FE7AD9997FF
002#7D3E7F97AD9997FF
003#70B47FE7AD9997FF
004#89BE6967AD9997FF
005#7EE47FD0C40A37FF
006#7F877FD0FD0A37FF
007#71A68100CC0A37FF
008#801B7FD0830A37FF
001#7F2D7FE7AD9997FF
002#7D397F87AD9997FF
003#70B47FE7AD9997FF
004#896E6A87AD9997FF
005#7EE47FD0C40A37FF
006#7F877FE0FD0A37FF
007#71BB8240CC0A37FF
008#801B8000830A37FF
001#7F2D7FE7AD9997FF
002#7D337F97AD9997FF
003#70B47FE7AD9997FF
004#890F6AD7AD9997FF
005#7EE47FE0C40A37FF
006#7F898020FD0A37FF
007#71E38380CC0A37FF
008#801B7FE0830A37FF
001#7F2D7FE7AD9997FF
002#7D327FC7AD9997FF
003#70B47FE7AD9997FF
004#88C26B97AD9997FF
005#7EE48000C40A37FF
006#7F898000FD0A37FF
007#72118450CC0A37FF
008#801B7FE0830A37FF
001#7F2E8007AD9997FF
002#7D317FE7AD9997FF
003#70B47FD7AD9997FF
004#88686C97AD9997FF
005#7EE48000C40A37FF
006#7F9080D0FD0A37FF
007#72568520CC0A37FF
008#801B7FE0830A37FF
001#7F308017AD9997FF
002#7D317FE7AD9997FF
003#70B47FE7AD9997FF
004#88246CB7AD9997FF
005#7EE47FE0C40A37FF
006#7F9980C0FD0A37FF
007#72968660CC0A37FF
008#801B7FE0830A37FF
001#7F317FE7AD9997FF
002#7D327FE7AD9997FF
003#70B47FE7AD9997FF
004#87D76D47AD9997FF
005#7EE58020C40A37FF
006#7F9C7FD0FD0A37FF
007#72EC8710CC0A37FF
008#801B7FE0830A37FF
001#7F318007AD9997FF
002#7D327FD7AD9997FF
003#70B47FE7AD9997FF
004#87826C87AD9997FF
005#7EE47FC0C40A37FF
006#7F9E8020FD0A37FF
007#73528780CC0A37FF
008#801B7FE0830A37FF
001#7F328007AD9997FF
002#7D327FE7AD9997FF
003#70B47FE7AD9997FF
004#87326CF7AD9997FF
005#7EE47FC0C40A37FF
006#7FA780D0FD0A37FF
007#73AE8770CC0A37FF
008#801B7FE0830A37FF
001#7F327FE7AD9997FF
002#7D328007AD9997FF
003#70B47FE7AD9997FF
004#86EE6D57AD9997FF
005#7EE47FE0C40A37FF
006#7FB280D0FD0A37FF
007#74018780CC0A37FF
008#801B8000830A37FF
001#7F327FE7AD9997FF
002#7D327FE7AD9997FF
003#70B47FE7AD9997FF
004#86A16D17AD9997FF
005#7EE47FD0C40A37FF
006#7FBB8080FD0A37FF
007#746387F0CC0A37FF
008#801B7FD0830A37FF
001#7F327FE7AD9997FF
002#7D327FE7AD9997FF
003#70B48007AD9997FF
004#86536CF7AD9997FF
005#7EE48000C40A37FF
006#7FBB8010FD0A37FF
007#74C587E0CC0A37FF
008#801B8000830A37FF
001#7F337FE7AD9997FF
002#7D327FE7AD9997FF
003#70B47FE7AD9997FF
004#86036CC7AD9997FF
005#7EE48000C40A37FF
006#7FBB7FD0FD0A37FF
007#752687A0CC0A37FF
008#801B7FC0830A37FF
001#7F338007AD9997FF
002#7D327FE7AD9997FF
003#70B47FE7AD9997FF
004#85B06D67AD9997FF
005#7EE48000C40A37FF
006#7FBB7FE0FD0A37FF
007#758C87A0CC0A37FF
008#801B8000830A37FF
001#7F337FE7AD9997FF
002#7D327FE7AD9997FF
003#70B47FD7AD9997FF
004#85616E47AD9997FF
005#7EE57FE0C40A37FF
006#7FBB8010FD0A37FF
007#75F38770CC0A37FF
008#801B7FD0830A37FF
001#7F338007AD9997FF
002#7D327FE7AD9997FF
003#70B47FE7AD9997FF
004#85206EA7AD9997FF
005#7EE47FD0C40A37FF
006#7FC380F0FD0A37FF
007#76468790CC0A37FF
008#801B7FE0830A37FF
001#7F337FE7AD9997FF
002#7D327FE7AD9997FF
003#70B48007AD9997FF
004#84E16EC7AD9997FF
005#7EE57FD0C40A37FF
006#7FD28130FD0A37FF
007#769B87D0CC0A37FF
008#801B8000830A37FF
001#7F337FE7AD9997FF
002#7D327FE7AD9997FF
003#70B47FE7AD9997FF
004#849A6F07AD9997FF
005#7EE78010C40A37FF
006#7FE38180FD0A37FF
007#77068860CC0A37FF
008#801B7FD0830A37FF
001#7F337FE7AD9997FF
002#7D327FE7AD9997FF
003#70B47FE7AD9997FF
004#84566FB7AD9997FF
005#7EF08100C40A37FF
006#7FF381B0FD0A37FF
007#777088B0CC0A37FF
008#801B7FE0830A37FF
001#7F337FE7AD9997FF
002#7D327FE7AD9997FF
003#70B47FE7AD9997FF
004#841270A7AD9997FF
005#7EFE8140C40A37FF
006#801882B0FD0A37FF
007#77E68880CC0A37FF
008#801B7FE0830A37FF
001#7F337FE7AD9997FF
002#7D327FE7AD9997FF
003#70B47FE7AD9997FF
004#83DC7157AD9997FF
005#7F0E8180C40A37FF
006#80348290FD0A37FF
007#784788D0CC0A37FF
008#801B7FD0830A37FF
001#7F337FE7AD9997FF
002#7D327FE7AD9997FF
003#70B47FE7AD9997FF
004#83A37237AD9997FF
005#7F278250C40A37FF
006#805782C0FD0A37FF
007#78B98970CC0A37FF
008#801B7FE0830A37FF
001#7F337FE7AD9997FF
002#7D327FE7AD9997FF
003#70B47FE7AD9997FF
004#836972E7AD9997FF
005#7F458220C40A37FF
006#807E8310FD0A37FF
007#793C89A0CC0A37FF
008#801B7FE0830A37FF
001#7F337FE7AD9997FF
002#7D327FE7AD9997FF
003#70B47FD7AD9997FF
004#832F7377AD9997FF
005#7F6081C0C40A37FF
006#809E81A0FD0A37FF
007#79BD8950CC0A37FF
008#801B7FE0830A37FF
001#7F357FE7AD9997FF
002#7D327FE7AD9997FF
003#70B48007AD9997FF
004#83087417AD9997FF
005#7F6B80D0C40A37FF
006#80AB80F0FD0A37FF
007#7A1788F0CC0A37FF
008#801B7FE0830A37FF
001#7F368027AD9997FF
002#7D328007AD9997FF
003#70B47FE7AD9997FF
004#82DB7527AD9997FF
005#7F7C8170C40A37FF
006#80BC81A0FD0A37FF
007#7A808850CC0A37FF
008#801B8000830A37FF
001#7F3C8027AD9997FF
002#7D328007AD9997FF
003#70B48017AD9997FF
004#82B17567AD9997FF
005#7F8580E0C40A37FF
006#80CE80F0FD0A37FF
007#7AE187C0CC0A37FF
008#801B7FE0830A37FF
001#7F438087AD9997FF
002#7D337FE7AD9997FF
003#70B47FE7AD9997FF
004#82867557AD9997FF
005#7F908080C40A37FF
006#80CD7FE0FD0A37FF
007#7B418790CC0A37FF
008#801B7FD0830A37FF
001#7F4D8077AD9997FF
002#7D337FD7AD9997FF
003#70B780F7AD9997FF
004#82567557AD9997FF
005#7F9B8110C40A37FF
006#80CC7FE0FD0A37FF
007#7B9F86B0CC0A37FF
008#801B7FE0830A37FF
001#7F5980B7AD9997FF
002#7D327FE7AD9997FF
003#70B88017AD9997FF
004#82287647AD9997FF
005#7FBB8290C40A37FF
006#80CC7FD0FD0A37FF
007#7BF08590CC0A37FF
008#801B7FE0830A37FF
001#7F628067AD9997FF
002#7D338007AD9997FF
003#70B87FE7AD9997FF
004#820A76C7AD9997FF
005#7FD081F0C40A37FF
006#80C87F40FD0A37FF
007#7C2284B0CC0A37FF
008#801B7FE0830A37FF
001#7F6B8057AD9997FF
002#7D337FE7AD9997FF
003#70B87FE7AD9997FF
004#81E07677AD9997FF
005#7FDE8070C40A37FF
006#80C27FB0FD0A37FF
007#7C5783C0CC0A37FF
008#801B7FE0830A37FF
001#7F728057AD9997FF
002#7D348007AD9997FF
003#70B87FE7AD9997FF
004#81B875E7AD9997FF
005#7FDE7FE0C40A37FF
006#80C38000FD0A37FF
007#7C818320CC0A37FF
008#801B7FE0830A37FF
001#7F7C8087AD9997FF
002#7D347FE7AD9997FF
003#70B87FE7AD9997FF
004#819375D7AD9997FF
005#7FDE8010C40A37FF
006#80C37FB0FD0A37FF
007#7C9A81E0CC0A37FF
008#801B7FE0830A37FF
001#7F828077AD9997FF
002#7D347FE7AD9997FF
003#70B87FD7AD9997FF
004#816B7627AD9997FF
005#7FDC7FC0C40A37FF
006#80C38020FD0A37FF
007#7CA680D0CC0A37FF
008#801B7FE0830A37FF
001#7F878047AD9997FF
002#7D378017AD9997FF
003#70B87FE7AD9997FF
004#81447677AD9997FF
005#7FDE8040C40A37FF
006#80C48000FD0A37FF
007#7CB28120CC0A37FF
008#801B8000830A37FF
001#7F8E8037AD9997FF
002#7D388007AD9997FF
003#70B87FE7AD9997FF
004#811F76C7AD9997FF
005#7FDF8020C40A37FF
006#80C57FE0FD0A37FF
007#7CC781A0CC0A37FF
008#801B7FD0830A37FF
001#7F978067AD9997FF
002#7D397FE7AD9997FF
003#70B87FE7AD9997FF
004#80F77657AD9997FF
005#7FDF8020C40A37FF
006#80C47FC0FD0A37FF
007#7CDF81E0CC0A37FF
008#801B7FE0830A37FF
001#7FA280A7AD9997FF
002#7D397FE7AD9997FF
003#70B87FE7AD9997FF
004#80CD7617AD9997FF
005#7FE08020C40A37FF
006#80C47FE0FD0A37FF
007#7CFA8220CC0A37FF
008#801B7FE0830A37FF
001#7FA98077AD9997FF
002#7D397FE7AD9997FF
003#70B87FD7AD9997FF
004#80AC7687AD9997FF
005#7FE78090C40A37FF
006#80C47FD0FD0A37FF
007#7D138270CC0A37FF
008#801B7FD0830A37FF
001#7FB38047AD9997FF
002#7D398007AD9997FF
003#70B87FE7AD9997FF
004#80857717AD9997FF
005#7FE67FD0C40A37FF
006#80C37FD0FD0A37FF
007#7D2780F0CC0A37FF
008#801B7FE0830A37FF
001#7FB98027AD9997FF
002#7D3C8027AD9997FF
003#70B87FE7AD9997FF
004#805C7677AD9997FF
005#7FE67FE0C40A37FF
006#80C47FE0FD0A37FF
007#7D2D8080CC0A37FF
008#801B8000830A37FF
001#7FC38097AD9997FF
002#7D408017AD9997FF
003#70B87FE7AD9997FF
004#80397687AD9997FF
005#7FE68000C40A37FF
006#80C78050FD0A37FF
007#7D388130CC0A37FF
008#801B8000830A37FF
001#7FD180B7AD9997FF
002#7D418007AD9997FF
003#70B87FE7AD9997FF
004#800D7637AD9997FF
005#7FE88020C40A37FF
006#80C47F90FD0A37FF
007#7D528240CC0A37FF
008#801B7FE0830A37FF
001#7FDA8077AD9997FF
002#7D417FE7AD9997FF
003#70B87FE7AD9997FF
004#7FE375E7AD9997FF
005#7FE88010C40A37FF
006#80BF7F80FD0A37FF
007#7D6E8230CC0A37FF
008#801B7FE0830A37FF
001#7FE38047AD9997FF
002#7D417FD7AD9997FF
003#70B88007AD9997FF
004#7FBB7647AD9997FF
005#7FEB8050C40A37FF
006#80C08000FD0A37FF
007#7D8C82B0CC0A37FF
008#801B8000830A37FF
001#7FEA80A7AD9997FF
002#7D417FE7AD9997FF
003#70B87FE7AD9997FF
004#7F9576B7AD9997FF
005#7FEF7FC0C40A37FF
006#80C38040FD0A37FF
007#7DAA81F0CC0A37FF
008#801B7FD0830A37FF
001#7FF38067AD9997FF
002#7D417FE7AD9997FF
003#70B87FE7AD9997FF
004#7F7376C7AD9997FF
005#7FEF8000C40A37FF
006#80C27FB0FD0A37FF
007#7DB78100CC0A37FF
008#801B7FE0830A37FF
001#7FF98017AD9997FF
002#7D417FD7AD9997FF
003#70B87FE7AD9997FF
004#7F4D7697AD9997FF
005#7FEF7FE0C40A37FF
006#80BE7F80FD0A37FF
007#7DC98160CC0A37FF
008#801B7FE0830A37FF
001#80008067AD9997FF
002#7D417FE7AD9997FF
003#70B87FE7AD9997FF
004#7F287707AD9997FF
005#7FEF7FE0C40A37FF
006#80B67FE0FD0A37FF
007#7DDB8130CC0A37FF
008#801B7FE0830A37FF
001#80038037AD9997FF
002#7D428007AD9997FF
003#70B87FE7AD9997FF
004#7F057787AD9997FF
005#7FEF7FE0C40A37FF
006#80B07F40FD0A37FF
007#7DE07FB0CC0A37FF
008#801B7FE0830A37FF
001#80078007AD9997FF
002#7D428017AD9997FF
003#70B87FE7AD9997FF
004#7EE37767AD9997FF
005#7FF18010C40A37FF
006#80AD7F70FD0A37FF
007#7DDE7FE0CC0A37FF
008#801B7FE0830A37FF
001#80098027AD9997FF
002#7D478027AD9997FF
003#70B88007AD9997FF
004#7EC477F7AD9997FF
005#7FF18010C40A37FF
006#80AD8010FD0A37FF
007#7DDE7FE0CC0A37FF
008#801B7FD0830A37FF
001#800D8007AD9997FF
002#7D478007AD9997FF
003#70B87FE7AD9997FF
004#7EA178F7AD9997FF
005#7FFB8130C40A37FF
006#80AD7FD0FD0A37FF
007#7DDE8010CC0A37FF
008#801B8000830A37FF
001#800D7FE7AD9997FF
002#7D4C8037AD9997FF
003#70B88007AD9997FF
004#7E877897AD9997FF
005#80038070C40A37FF
006#80AD8000FD0A37FF
007#7DDE7FC0CC0A37FF
008#801B7FE0830A37FF
001#80118037AD9997FF
002#7D528047AD9997FF
003#70B87FE7AD9997FF
004#7E6A79E7AD9997FF
005#80027FE0C40A37FF
006#80AE8000FD0A37FF
007#7DDB7FA0CC0A37FF
008#801B7FE0830A37FF
001#80168007AD9997FF
002#7D5A8067AD9997FF
003#70B87FE7AD9997FF
004#7E567AA7AD9997FF
005#80038010C40A37FF
006#80AD7FD0FD0A37FF
007#7DDE7FE0CC0A37FF
008#801B7FE0830A37FF
001#801C8087AD9997FF
002#7D6780B7AD9997FF
003#70B87FD7AD9997FF
004#7E427BC7AD9997FF
005#80037FD0C40A37FF
006#80AE8020FD0A37FF
007#7DDE7FD0CC0A37FF
008#801B7FE0830A37FF
001#80278087AD9997FF
002#7D7780C7AD9997FF
003#70B87FE7AD9997FF
004#7E357D17AD9997FF
005#800980B0C40A37FF
006#80AD7FE0FD0A37FF
007#7DDE8010CC0A37FF
008#801B8000830A37FF
001#802C8037AD9997FF
002#7D878117AD9997FF
003#70B88007AD9997FF
004#7E2D7DD7AD9997FF
005#801E81D0C40A37FF
006#80AD7FD0FD0A37FF
007#7DE08000CC0A37FF
008#801B7FD0830A37FF
001#80368077AD9997FF
002#7D9E8147AD9997FF
003#70B87FE7AD9997FF
004#7E267EB7AD9997FF
005#80388250C40A37FF
006#80AE7FD0FD0A37FF
007#7DDE7FC0CC0A37FF
008#801B7FD0830A37FF
001#80408097AD9997FF
002#7DBA8167AD9997FF
003#70B87FE7AD9997FF
004#7E237F67AD9997FF
005#80598200C40A37FF
006#80AD7FE0FD0A37FF
007#7DDE8010CC0A37FF
008#801B7FE0830A37FF
001#804A8077AD9997FF
002#7DD38187AD9997FF
003#70B87FE7AD9997FF
004#7E237FE7AD9997FF
005#806380F0C40A37FF
006#80AC7F90FD0A37FF
007#7DDD7FC0CC0A37FF
008#801B7FE0830A37FF
001#80518037AD9997FF
002#7DEF8167AD9997FF
003#70B87FE7AD9997FF
004#7E258027AD9997FF
005#80698040C40A37FF
006#80997E00FD0A37FF
007#7DDD7FD0CC0A37FF
008#801B7FE0830A37FF
001#80578077AD9997FF
002#7E098177AD9997FF
003#70B87FE7AD9997FF
004#7E257FC7AD9997FF
005#807B81B0C40A37FF
006#80837E30FD0A37FF
007#7DDE8040CC0A37FF
008#801B7FE0830A37FF
001#805E8037AD9997FF
002#7E288177AD9997FF
003#70B87FE7AD9997FF
004#7E257FE7AD9997FF
005#808E80D0C40A37FF
006#80727EB0FD0A37FF
007#7DDD7FC0CC0A37FF
008#801B7FE0830A37FF
001#805E7FE7AD9997FF
002#7E448177AD9997FF
003#70B87FE7AD9997FF
004#7E258007AD9997FF
005#808C7FD0C40A37FF
006#80677F50FD0A37FF
007#7DDE8000CC0A37FF
008#801B7FE0830A37FF
001#805C7FD7AD9997FF
002#7E5B8127AD9997FF
003#70B87FE7AD9997FF
004#7E257FE7AD9997FF
005#808E7FD0C40A37FF
006#80697FE0FD0A37FF
007#7DDD8000CC0A37FF
008#801B7FE0830A37FF
001#805C7FD7AD9997FF
002#7E728127AD9997FF
003#70B87FE7AD9997FF
004#7E258007AD9997FF
005#808C7FD0C40A37FF
006#80697FE0FD0A37FF
007#7DDD7FE0CC0A37FF
008#801B8000830A37FF
001#805C7FD7AD9997FF
002#7E8480D7AD9997FF
003#70B87FE7AD9997FF
004#7E257FC7AD9997FF
005#808C8000C40A37FF
006#80697FE0FD0A37FF
007#7DDD8020CC0A37FF
008#801B8000830A37FF
001#805C7FE7AD9997FF
002#7E9380E7AD9997FF
003#70B87FD7AD9997FF
004#7E257FE7AD9997FF
005#808C7FE0C40A37FF
006#80697FE0FD0A37FF
007#7DDE7FE0CC0A37FF
008#801B7FE0830A37FF
001#805C7FD7AD9997FF
002#7EA380D7AD9997FF
003#70B87FE7AD9997FF
004#7E258017AD9997FF
005#808C8000C40A37FF
006#80697FE0FD0A37FF
007#7DDB7FA0CC0A37FF
008#801B8000830A37FF
001#805C7FE7AD9997FF
002#7EAB8077AD9997FF
003#70B87FD7AD9997FF
004#7E257FD7AD9997FF
005#808C7FC0C40A37FF
006#80677FE0FD0A37FF
007#7DD67F80CC0A37FF
008#801B7FE0830A37FF
001#805C8007AD9997FF
002#7EAF8037AD9997FF
003#70B87FE7AD9997FF
004#7E257FC7AD9997FF
005#808C7FE0C40A37FF
006#80697FE0FD0A37FF
007#7DD67FD0CC0A37FF
008#801B7FD0830A37FF
001#805C7FE7AD9997FF
002#7EB58027AD9997FF
003#70B87FE7AD9997FF
004#7E258017AD9997FF
005#808C8000C40A37FF
006#80698000FD0A37FF
007#7DD87FA0CC0A37FF
008#801B7FD0830A37FF
001#805C7FE7AD9997FF
002#7EBA8007AD9997FF
003#70B87FE7AD9997FF
004#7E258007AD9997FF
005#808C7FE0C40A37FF
006#80698010FD0A37FF
007#7DD47FE0CC0A37FF
008#801B7FD0830A37FF
001#805C8007AD9997FF
002#7EBA7FE7AD9997FF
003#70B87FE7AD9997FF
004#7E258007AD9997FF
005#808C7FC0C40A37FF
006#806B8000FD0A37FF
007#7DD38000CC0A37FF
008#801B7FE0830A37FF
001#805E8007AD9997FF
002#7EBA7FD7AD9997FF
003#70B87FE7AD9997FF
004#7E257FE7AD9997FF
005#808B7FD0C40A37FF
006#806B7FE0FD0A37FF
007#7DD17F90CC0A37FF
008#801B7FE0830A37FF
001#805E7FE7AD9997FF
002#7EB97FD7AD9997FF
003#70B87FE7AD9997FF
004#7E268007AD9997FF
005#808B8000C40A37FF
006#806B7FE0FD0A37FF
007#7DCA7F20CC0A37FF
008#801B7FD0830A37FF
001#805E7FE7AD9997FF
002#7EB77FC7AD9997FF
003#70B87FE7AD9997FF
004#7E268007AD9997FF
005#808C7FD0C40A37FF
006#806B8010FD0A37FF
007#7DC47F70CC0A37FF
008#801B7FE0830A37FF
001#805E7FE7AD9997FF
002#7EB27F77AD9997FF
003#70B87FE7AD9997FF
004#7E267FD7AD9997FF
005#808C7FE0C40A37FF
006#807E8240FD0A37FF
007#7DBD7F60CC0A37FF
008#801B7FE0830A37FF
001#805E7FE7AD9997FF
002#7EB07FE7AD9997FF
003#70B87FD7AD9997FF
004#7E267FE7AD9997FF
005#80897FD0C40A37FF
006#80958120FD0A37FF
007#7DC28090CC0A37FF
008#801B7FE0830A37FF
001#805E7FE7AD9997FF
002#7EB07FE7AD9997FF
003#70B87FE7AD9997FF
004#7E257FE7AD9997FF
005#808B7FD0C40A37FF
006#80927F90FD0A37FF
007#7DC27FD0CC0A37FF
008#801B7FE0830A37FF
001#805E7FE7AD9997FF
002#7EB27FE7AD9997FF
003#70B87FE7AD9997FF
004#7E257FD7AD9997FF
005#808B8000C40A37FF
006#80927FD0FD0A37FF
007#7DC18000CC0A37FF
008#801B7FD0830A37FF
001#805C7FE7AD9997FF
002#7EB27FE7AD9997FF
003#70B87FD7AD9997FF
004#7E257FD7AD9997FF
005#808B8000C40A37FF
006#80928000FD0A37FF
007#7DC28010CC0A37FF
008#801B7FE0830A37FF
001#805C7FD7AD9997FF
002#7EB27FE7AD9997FF
003#70B87FE7AD9997FF
004#7E257FE7AD9997FF
005#808B7FE0C40A37FF
006#80907FE0FD0A37FF
007#7DC27FE0CC0A37FF
008#801B7FE0830A37FF
001#805B7FC7AD9997FF
002#7EB28007AD9997FF
003#70B87FD7AD9997FF
004#7E257FD7AD9997FF
005#808B7FE0C40A37FF
006#80907FD0FD0A37FF
007#7DC27FD0CC0A37FF
008#801B7FD0830A37FF
001#80557FA7AD9997FF
002#7EB47FE7AD9997FF
003#70B88007AD9997FF
004#7E257FE7AD9997FF
005#808B7FD0C40A37FF
006#808E7FE0FD0A37FF
007#7DC27FE0CC0A37FF
008#801B7FD0830A37FF
001#80557FD7AD9997FF
002#7EB47FE7AD9997FF
003#70B88007AD9997FF
004#7E258007AD9997FF
005#808B8000C40A37FF
006#80907FE0FD0A37FF
007#7DC27FD0CC0A37FF
008#801B7FD0830A37FF
001#80557FE7AD9997FF
002#7EB47FE7AD9997FF
003#70B87FE7AD9997FF
004#7E258007AD9997FF
005#808B7FE0C40A37FF
006#80907FE0FD0A37FF
007#7DC27FC0CC0A37FF
008#801B7FD0830A37FF
001#80557FE7AD9997FF
002#7EB47FE7AD9997FF
003#70B88007AD9997FF
004#7E258007AD9997FF
005#808B7FE0C40A37FF
006#80907FD0FD0A37FF
007#7DC28000CC0A37FF
008#801B8000830A37FF
001#80557FE7AD9997FF
002#7EB47FE7AD9997FF
003#70B87FE7AD9997FF
004#7E257FE7AD9997FF
005#808B7FE0C40A37FF
006#80908000FD0A37FF
007#7DC27FE0CC0A37FF
008#801B7FE0830A37FF
001#80557FE7AD9997FF
002#7EB47FE7AD9997FF
003#70B87FE7AD9997FF
004#7E257FE7AD9997FF
005#808B7FE0C40A37FF
006#80908000FD0A37FF
007#7DC27FC0CC0A37FF
008#801B7FD0830A37FF
001#80577FE7AD9997FF
002#7EB27FE7AD9997FF
003#70B87FE7AD9997FF
004#7E258007AD9997FF
005#808B7FE0C40A37FF
006#80907FE0FD0A37FF
007#7DC27FE0CC0A37FF
008#801B7FD0830A37FF
001#80577FE7AD9997FF
002#7EB27FE7AD9997FF
003#70B87FE7AD9997FF
004#7E257FE7AD9997FF
005#808B8000C40A37FF
006#80907FE0FD0A37FF
007#7DC27FD0CC0A37FF
008#801B7FE0830A37FF
001#80577FE7AD9997FF
002#7EB27FE7AD9997FF
003#70B87FE7AD9997FF
004#7E257FE7AD9997FF
005#808B7FE0C40A37FF
006#80907FD0FD0A37FF
007#7DC27FE0CC0A37FF
008#801B7FD0830A37FF
001#80557FD7AD9997FF
002#7EB48007AD9997FF
003#70B87FD7AD9997FF
004#7E258007AD9997FF
005#808B7FE0C40A37FF
006#80907FE0FD0A37FF
007#7DC27FE0CC0A37FF
008#801B7FD0830A37FF
001#80557FE7AD9997FF
002#7EB27FE7AD9997FF
003#70B87FE7AD9997FF
004#7E257FE7AD9997FF
005#808B7FE0C40A37FF
006#80907FD0FD0A37FF
007#7DC27FD0CC0A37FF
008#801B7FE0830A37FF
001#80557FE7AD9997FF
002#7EB27FE7AD9997FF
003#70B87FD7AD9997FF
004#7E258007AD9997FF
005#808B7FE0C40A37FF
006#80908000FD0A37FF
007#7DC28000CC0A37FF
008#801B7FD0830A37FF
001#80557FD7AD9997FF
002#7EB27FE7AD9997FF
003#70B87FE7AD9997FF
004#7E257FE7AD9997FF
005#808B7FE0C40A37FF
006#80907FE0FD0A37FF
007#7DC27FD0CC0A37FF
008#801B7FE0830A37FF
001#80557FE7AD9997FF
002#7EB27FE7AD9997FF
003#70B87FD7AD9997FF
004#7E257FE7AD9997FF
005#808B7FE0C40A37FF
006#80907FE0FD0A37FF
007#7DC27FE0CC0A37FF
008#801B7FE0830A37FF
001#80557FE7AD9997FF
002#7EB27FE7AD9997FF
003#70B87FE7AD9997FF
004#7E257FE7AD9997FF
005#808B7FE0C40A37FF
006#80907FE0FD0A37FF
007#7DC27FD0CC0A37FF
008#801B7FE0830A37FF
001#80557FE7AD9997FF
002#7EB27FD7AD9997FF
003#70B87FE7AD9997FF
004#7E257FD7AD9997FF
005#808B7FE0C40A37FF
006#80907FD0FD0A37FF
007#7DC27FE0CC0A37FF
008#801B7FE0830A37FF
001#80557FE7AD9997FF
002#7EB48007AD9997FF
003#70B87FE7AD9997FF
004#7E257FD7AD9997FF
005#808B7FE0C40A37FF
006#80907FE0FD0A37FF
007#7DC27FE0CC0A37FF
008#801B7FD0830A37FF
001#80557FE7AD9997FF
002#7EB47FE7AD9997FF
003#70B87FE7AD9997FF
004#7E257FE7AD9997FF
005#808B7FE0C40A37FF
006#80907FE0FD0A37FF
007#7DC27FE0CC0A37FF
008#801B7FD0830A37FF
001#80557FE7AD9997FF
002#7EB47FE7AD9997FF
003#70B87FE7AD9997FF
004#7E257FE7AD9997FF
005#808B7FE0C40A37FF
006#80907FE0FD0A37FF
007#7DC28000CC0A37FF
008#801B7FD0830A37FF
001#80557FE7AD9997FF
002#7EB47FE7AD9997FF
003#70B87FE7AD9997FF
004#7E257FE7AD9997FF
005#808B7FD0C40A37FF
006#80907FD0FD0A37FF
007#7DC27FE0CC0A37FF
008#801B7FD0830A37FF
001#80557FE7AD9997FF
002#7EB47FE7AD9997FF
003#70B87FE7AD9997FF
004#7E257FE7AD9997FF
005#808B8000C40A37FF
006#80907FE0FD0A37FF
007#7DC27FE0CC0A37FF
008#801B8000830A37FF
001#80557FD7AD9997FF
002#7EB47FE7AD9997FF
003#70B87FD7AD9997FF
004#7E257FE7AD9997FF
005#808B8000C40A37FF
006#80907FE0FD0A37FF
007#7DC27FD0CC0A37FF
008#801B7FE0830A37FF
001#80557FE7AD9997FF
002#7EB47FE7AD9997FF
003#70B87FD7AD9997FF
004#7E258007AD9997FF
005#808B7FD0C40A37FF
006#80907FE0FD0A37FF
007#7DC27FE0CC0A37FF
008#801B7FD0830A37FF
001#80557FE7AD9997FF
002#7EB47FE7AD9997FF
003#70B87FE7AD9997FF
004#7E257FD7AD9997FF
005#808B7FD0C40A37FF
006#80907FD0FD0A37FF
007#7DC27FE0CC0A37FF
008#801B7FE0830A37FF
001#80557FE7AD9997FF
002#7EB48007AD9997FF
003#70B87FE7AD9997FF
004#7E257FE7AD9997FF
005#808B7FE0C40A37FF
006#80907FE0FD0A37FF
007#7DC27FE0CC0A37FF
008#801B7FE0830A37FF
001#80557FE7AD9997FF
002#7EB27FE7AD9997FF
003#70B87FE7AD9997FF
004#7E257FD7AD9997FF
005#808B7FE0C40A37FF
006#80907FE0FD0A37FF
007#7DC27FD0CC0A37FF
008#801B8000830A37FF
001#80557FE7AD9997FF
002#7EB47FE7AD9997FF
003#70B87FE7AD9997FF
004#7E257FE7AD9997FF
005#808B8000C40A37FF
006#80907FE0FD0A37FF
007#7DC27FD0CC0A37FF
008#801B7FD0830A37FF
001#80558007AD9997FF
002#7EB27FE7AD9997FF
003#70B87FE7AD9997FF
004#7E257FE7AD9997FF
005#808B7FE0C40A37FF
006#80907FE0FD0A37FF
007#7DC27FD0CC0A37FF
008#801B7FD0830A37FF
001#80557FE7AD9997FF
002#7EB27FE7AD9997FF
003#70B87FE7AD9997FF
004#7E257FE7AD9997FF
005#808B7FE0C40A37FF
006#80907FE0FD0A37FF
007#7DC28000CC0A37FF
008#801B7FE0830A37FF
001#80557FE7AD9997FF
002#7EB48007AD9997FF
003#70B87FE7AD9997FF
004#7E257FD7AD9997FF
005#808B7FD0C40A37FF
006#80907FE0FD0A37FF
007#7DC27FD0CC0A37FF
008#801B7FE0830A37FF
001#80557FD7AD9997FF
002#7EB47FD7AD9997FF
003#70B87FE7AD9997FF
004#7E257FE7AD9997FF
005#808B7FD0C40A37FF
006#80907FD0FD0A37FF
007#7DC28000CC0A37FF
008#801B7FE0830A37FF
001#80557FD7AD9997FF
002#7EB47FE7AD9997FF
003#70B87FE7AD9997FF
004#7E257FE7AD9997FF
005#808B7FE0C40A37FF
006#80908000FD0A37FF
007#7DC27FE0CC0A37FF
008#801B7FE0830A37FF
001#80557FE7AD9997FF
002#7EB47FE7AD9997FF
003#70B88007AD9997FF
004#7E257FD7AD9997FF
005#808B8000C40A37FF
006#80907FD0FD0A37FF
007#7DC28000CC0A37FF
008#801B7FE0830A37FF
001#80557FD7AD9997FF
002#7EB47FE7AD9997FF
003#70B88007AD9997FF
004#7E257FE7AD9997FF
005#808B8000C40A37FF
006#80907FE0FD0A37FF
007#7DC27FD0CC0A37FF
008#801B7FE0830A37FF
001#80557FE7AD9997FF
002#7EB47FE7AD9997FF
003#70B98017AD9997FF
004#7E257FE7AD9997FF
005#808B7FE0C40A37FF
006#80907FD0FD0A37FF
007#7DC27FE0CC0A37FF
008#801B7FE0830A37FF
001#80557FE7AD9997FF
002#7EB47FE7AD9997FF
003#70BC8107AD9997FF
004#7E257FE7AD9997FF
005#808B8010C40A37FF
006#80907FE0FD0A37FF
007#7DC27FE0CC0A37FF
008#801B7FD0830A37FF
001#80557FE7AD9997FF
002#7EB47FE7AD9997FF
003#70C88357AD9997FF
004#7E257FE7AD9997FF
005#808B7FE0C40A37FF
006#80908000FD0A37FF
007#7DC28000CC0A37FF
008#801B7FE0830A37FF
001#80557FE7AD9997FF
002#7EB47FE7AD9997FF
003#70DE8587AD9997FF
004#7E257FE7AD9997FF
005#808B7FD0C40A37FF
006#80907FE0FD0A37FF
007#7DC27FE0CC0A37FF
008#801B7FE0830A37FF
001#80558007AD9997FF
002#7EB47FE7AD9997FF
003#70F786F7AD9997FF
004#7E257FE7AD9997FF
005#808B7FE0C40A37FF
006#80907FD0FD0A37FF
007#7DC27FE0CC0A37FF
008#801B7FE0830A37FF
001#80557FE7AD9997FF
002#7EB47FE7AD9997FF
003#711F88C7AD9997FF
004#7E257FD7AD9997FF
005#808B7FE0C40A37FF
006#80907FE0FD0A37FF
007#7DC28000CC0A37FF
008#801B7FE0830A37FF
001#80557FE7AD9997FF
002#7EB47FE7AD9997FF
003#71408A07AD9997FF
004#7E257FE7AD9997FF
005#808B8000C40A37FF
006#80907FE0FD0A37FF
007#7DC28000CC0A37FF
008#801B7FE0830A37FF
001#80557FE7AD9997FF
002#7EB48007AD9997FF
003#716D8B67AD9997FF
004#7E257FE7AD9997FF
005#808B7FE0C40A37FF
006#80907FE0FD0A37FF
007#7DC27FD0CC0A37FF
008#801B7FD0830A37FF
001#80558007AD9997FF
002#7EB47FE7AD9997FF
003#71A68D17AD9997FF
004#7E257FE7AD9997FF
005#808B7FE0C40A37FF
006#80907FD0FD0A37FF
007#7DC27FE0CC0A37FF
008#801B8000830A37FF
001#80557FE7AD9997FF
002#7EB47FE7AD9997FF
003#71DB8E97AD9997FF
004#7E257FE7AD9997FF
005#808B8000C40A37FF
006#80907FE0FD0A37FF
007#7DC27FE0CC0A37FF
008#801B7FE0830A37FF
001#80577FE7AD9997FF
002#7EB47FE7AD9997FF
003#72219007AD9997FF
004#7E257FE7AD9997FF
005#808B7FE0C40A37FF
006#80907FE0FD0A37FF
007#7DC27FD0CC0A37FF
008#801B7FE0830A37FF
001#80557FE7AD9997FF
002#7EB47FE7AD9997FF
003#72669127AD9997FF
004#7E257FE7AD9997FF
005#808B8000C40A37FF
006#80907FE0FD0A37FF
007#7DC28000CC0A37FF
008#801B8000830A37FF
001#80577FE7AD9997FF
002#7EB27FE7AD9997FF
003#72A89217AD9997FF
004#7E257FE7AD9997FF
005#808B7FE0C40A37FF
006#80907FD0FD0A37FF
007#7DC27FE0CC0A37FF
008#801B8000830A37FF
001#80557FE7AD9997FF
002#7EB27FE7AD9997FF
003#72F592D7AD9997FF
004#7E257FE7AD9997FF
005#808B7FE0C40A37FF
006#80907FE0FD0A37FF
007#7DC27FE0CC0A37FF
008#801B7FD0830A37FF
001#80557FE7AD9997FF
002#7EB47FE7AD9997FF
003#73469357AD9997FF
004#7E258007AD9997FF
005#808B8000C40A37FF
006#80907FE0FD0A37FF
007#7DC27FE0CC0A37FF
008#801B7FD0830A37FF
001#80557FE7AD9997FF
002#7EB47FE7AD9997FF
003#739C93D7AD9997FF
004#7E257FE7AD9997FF
005#808B7FD0C40A37FF
006#80907FE0FD0A37FF
007#7DC27FE0CC0A37FF
008#801B7FE0830A37FF
001#80558007AD9997FF
002#7EB27FE7AD9997FF
003#73E79427AD9997FF
004#7E257FE7AD9997FF
005#808B7FE0C40A37FF
006#80907FE0FD0A37FF
007#7DC27FE0CC0A37FF
008#801B8000830A37FF
001#80557FE7AD9997FF
002#7EB47FE7AD9997FF
003#743C9497AD9997FF
004#7E257FE7AD9997FF
005#808B8000C40A37FF
006#80907FE0FD0A37FF
007#7DC27FE0CC0A37FF
008#801B7FE0830A37FF
001#80557FE7AD9997FF
002#7EB27FE7AD9997FF
003#749094C7AD9997FF
004#7E257FE7AD9997FF
005#808B7FE0C40A37FF
006#80907FE0FD0A37FF
007#7DC27FD0CC0A37FF
008#801B8000830A37FF
001#80557FE7AD9997FF
002#7EB47FE7AD9997FF
003#74E594B7AD9997FF
004#7E257FE7AD9997FF
005#808B7FE0C40A37FF
006#80908000FD0A37FF
007#7DC27FE0CC0A37FF
008#801B8000830A37FF
001#80557FE7AD9997FF
002#7EB27FD7AD9997FF
003#754494D7AD9997FF
004#7E258007AD9997FF
005#808B7FE0C40A37FF
006#80907FE0FD0A37FF
007#7DC27FE0CC0A37FF
008#801B7FE0830A37FF
001#80557FE7AD9997FF
002#7EB47FE7AD9997FF
003#759994C7AD9997FF
004#7E257FE7AD9997FF
005#808B7FE0C40A37FF
006#80907FE0FD0A37FF
007#7DC28000CC0A37FF
008#801B8000830A37FF
001#80557FE7AD9997FF
002#7EB27FE7AD9997FF
003#75E694C7AD9997FF
004#7E258007AD9997FF
005#808B7FE0C40A37FF
006#80907FE0FD0A37FF
007#7DC27FE0CC0A37FF
008#801B8000830A37FF
001#80557FE7AD9997FF
002#7EB47FE7AD9997FF
003#763B94A7AD9997FF
004#7E258007AD9997FF
005#808B7FE0C40A37FF
006#80907FD0FD0A37FF
007#7DC27FE0CC0A37FF
008#801B8000830A37FF
001#80557FE7AD9997FF
002#7EB27FE7AD9997FF
003#769094C7AD9997FF
004#7E257FE7AD9997FF
005#808B8000C40A37FF
006#80907FD0FD0A37FF
007#7DC27FE0CC0A37FF
008#801B7FE0830A37FF
001#80557FE7AD9997FF
002#7EB28007AD9997FF
003#76E694B7AD9997FF
004#7E257FE7AD9997FF
005#808B7FD0C40A37FF
006#80907FE0FD0A37FF
007#7DC27FE0CC0A37FF
008#801B7FE0830A37FF
001#80557FE7AD9997FF
002#7EB47FE7AD9997FF
003#773A9497AD9997FF
004#7E257FD7AD9997FF
005#808B7FE0C40A37FF
006#80907FE0FD0A37FF
007#7DC28000CC0A37FF
008#801B7FE0830A37FF
001#80557FE7AD9997FF
002#7EB27FE7AD9997FF
003#778E9447AD9997FF
004#7E257FE7AD9997FF
005#808B7FE0C40A37FF
006#80907FE0FD0A37FF
007#7DC27FE0CC0A37FF
008#801B8000830A37FF
001#80557FE7AD9997FF
002#7EB47FE7AD9997FF
003#77E093E7AD9997FF
004#7E257FE7AD9997FF
005#808B8010C40A37FF
006#80907FE0FD0A37FF
007#7DC27FD0CC0A37FF
008#801B7FE0830A37FF
001#80557FE7AD9997FF
002#7EB47FE7AD9997FF
003#78409367AD9997FF
004#7E257FE7AD9997FF
005#808B7FE0C40A37FF
006#80907FE0FD0A37FF
007#7DC27FD0CC0A37FF
008#801B7FE0830A37FF
001#80557FE7AD9997FF
002#7EB47FE7AD9997FF
003#788092F7AD9997FF
004#7E257FE7AD9997FF
005#808B8000C40A37FF
006#80907FE0FD0A37FF
007#7DC27FD0CC0A37FF
008#801B7FE0830A37FF
001#80558007AD9997FF
002#7EB47FE7AD9997FF
003#78D49297AD9997FF
004#7E258007AD9997FF
005#808B7FE0C40A37FF
006#80907FE0FD0A37FF
007#7DC27FE0CC0A37FF
008#801B7FD0830A37FF
001#80557FE7AD9997FF
002#7EB27FE7AD9997FF
003#79109257AD9997FF
004#7E258007AD9997FF
005#808B8000C40A37FF
006#80907FE0FD0A37FF
007#7DC27FD0CC0A37FF
008#801B7FE0830A37FF
001#80557FE7AD9997FF
002#7EB27FE7AD9997FF
003#79649207AD9997FF
004#7E258007AD9997FF
005#808B7FE0C40A37FF
006#80907FE0FD0A37FF
007#7DC27FE0CC0A37FF
008#801B8000830A37FF
001#80557FE7AD9997FF
002#7EB47FE7AD9997FF
003#79B391C7AD9997FF
004#7E257FD7AD9997FF
005#808B7FE0C40A37FF
006#80907FE0FD0A37FF
007#7DC27FE0CC0A37FF
008#801B7FE0830A37FF
001#80557FE7AD9997FF
002#7EB27FE7AD9997FF
003#79F691A7AD9997FF
004#7E257FD7AD9997FF
005#808B7FD0C40A37FF
006#80907FE0FD0A37FF
007#7DC27FE0CC0A37FF
008#801B8000830A37FF
001#80557FE7AD9997FF
002#7EB27FE7AD9997FF
003#7A3E9177AD9997FF
004#7E257FE7AD9997FF
005#808B7FE0C40A37FF
006#80908000FD0A37FF
007#7DC28000CC0A37FF
008#801B7FE0830A37FF
001#80557FE7AD9997FF
002#7EB27FE7AD9997FF
003#7A8A9117AD9997FF
004#7E257FE7AD9997FF
005#808B8010C40A37FF
006#80907FE0FD0A37FF
007#7DC28000CC0A37FF
008#801B7FE0830A37FF
001#80557FE7AD9997FF
002#7EB47FE7AD9997FF
003#7ACE90D7AD9997FF
004#7E257FE7AD9997FF
005#808B7FE0C40A37FF
006#80907FE0FD0A37FF
007#7DC27FE0CC0A37FF
008#801B7FE0830A37FF
001#80557FE7AD9997FF
002#7EB27FE7AD9997FF
003#7B0D90A7AD9997FF
004#7E257FE7AD9997FF
005#808B7FD0C40A37FF
006#80907FE0FD0A37FF
007#7DC27FD0CC0A37FF
008#801B7FE0830A37FF
001#80557FE7AD9997FF
002#7EB27FD7AD9997FF
003#7B549027AD9997FF
004#7E258007AD9997FF
005#808B8000C40A37FF
006#80907FE0FD0A37FF
007#7DC27FE0CC0A37FF
008#801B7FE0830A37FF
001#80557FE7AD9997FF
002#7EB27FE7AD9997FF
003#7B938FA7AD9997FF
004#7E258007AD9997FF
005#808B8000C40A37FF
006#80907FE0FD0A37FF
007#7DC27FE0CC0A37FF
008#801B7FE0830A37FF
001#80557FE7AD9997FF
002#7EB27FE7AD9997FF
003#7BD18F17AD9997FF
004#7E257FE7AD9997FF
005#808B7FE0C40A37FF
006#80907FE0FD0A37FF
007#7DC27FE0CC0A37FF
008#801B7FD0830A37FF
001#80557FE7AD9997FF
002#7EB27FE7AD9997FF
003#7C0A8DE7AD9997FF
004#7E257FE7AD9997FF
005#808B7FD0C40A37FF
006#80907FE0FD0A37FF
007#7DC27FE0CC0A37FF
008#801B7FD0830A37FF
001#80557FE7AD9997FF
002#7EB27FE7AD9997FF
003#7C418D17AD9997FF
004#7E257FE7AD9997FF
005#808B8010C40A37FF
006#80908000FD0A37FF
007#7DC28000CC0A37FF
008#801B7FE0830A37FF
001#80557FE7AD9997FF
002#7EB27FE7AD9997FF
003#7C758C77AD9997FF
004#7E258007AD9997FF
005#808B8000C40A37FF
006#80907FD0FD0A37FF
007#7DC28000CC0A37FF
008#801B7FE0830A37FF
001#80557FE7AD9997FF
002#7EB27FE7AD9997FF
003#7CA98B67AD9997FF
004#7E257FD7AD9997FF
005#808B7FE0C40A37FF
006#80907FE0FD0A37FF
007#7DC27FE0CC0A37FF
008#801B7FE0830A37FF
001#80557FE7AD9997FF
002#7EB27FE7AD9997FF
003#7CD08A97AD9997FF
004#7E257FE7AD9997FF
005#808B8000C40A37FF
006#80908000FD0A37FF
007#7DC27FE0CC0A37FF
008#801B7FE0830A37FF
001#80557FE7AD9997FF
002#7EB27FE7AD9997FF
003#7D008A57AD9997FF
004#7E257FE7AD9997FF
005#808B7FE0C40A37FF
006#80907FE0FD0A37FF
007#7DC28000CC0A37FF
008#801B7FE0830A37FF
001#80558007AD9997FF
002#7EB27FE7AD9997FF
003#7D268A07AD9997FF
004#7E257FE7AD9997FF
005#808B8000C40A37FF
006#80907FE0FD0A37FF
007#7DC27FD0CC0A37FF
008#801B7FE0830A37FF
001#80557FE7AD9997FF
002#7EB27FE7AD9997FF
003#7D4F89E7AD9997FF
004#7E257FD7AD9997FF
005#808B7FE0C40A37FF
006#80907FE0FD0A37FF
007#7DC27FE0CC0A37FF
008#801B7FD0830A37FF
001#80557FE7AD9997FF
002#7EB27FE7AD9997FF
003#7D7A89A7AD9997FF
004#7E257FE7AD9997FF
005#808B7FE0C40A37FF
006#80907FE0FD0A37FF
007#7DC27FE0CC0A37FF
008#801B7FE0830A37FF
001#80557FE7AD9997FF
002#7EB27FE7AD9997FF
003#7D9E89A7AD9997FF
004#7E257FE7AD9997FF
005#808B7FD0C40A37FF
006#80907FD0FD0A37FF
007#7DC27FE0CC0A37FF
008#801B7FE0830A37FF
001#80557FE7AD9997FF
002#7EB27FE7AD9997FF
003#7DC989F7AD9997FF
004#7E257FE7AD9997FF
005#808B8000C40A37FF
006#80907FE0FD0A37FF
007#7DC27FE0CC0A37FF
008#801B8000830A37FF
001#80557FE7AD9997FF
002#7EB27FE7AD9997FF
003#7DF08A67AD9997FF
004#7E257FE7AD9997FF
005#808B8000C40A37FF
006#80907FE0FD0A37FF
007#7DC27FE0CC0A37FF
008#801B7FE0830A37FF
001#80557FE7AD9997FF
002#7EB48007AD9997FF
003#7E208AD7AD9997FF
004#7E257FE7AD9997FF
005#808B7FD0C40A37FF
006#80907FE0FD0A37FF
007#7DC27FE0CC0A37FF
008#801B7FE0830A37FF
001#80557FE7AD9997FF
002#7EB27FE7AD9997FF
003#7E498B17AD9997FF
004#7E257FE7AD9997FF
005#808B7FE0C40A37FF
006#80908000FD0A37FF
007#7DC27FE0CC0A37FF
008#801B7FE0830A37FF
001#80557FE7AD9997FF
002#7EB27FE7AD9997FF
003#7E788B87AD9997FF
004#7E257FD7AD9997FF
005#808B7FE0C40A37FF
006#80907FE0FD0A37FF
007#7DC27FD0CC0A37FF
008#801B7FE0830A37FF
001#80557FD7AD9997FF
002#7EB27FE7AD9997FF
003#7EA58C47AD9997FF
004#7E257FE7AD9997FF
005#808B8000C40A37FF
006#80907FD0FD0A37FF
007#7DC27FE0CC0A37FF
008#801B7FE0830A37FF
001#80557FE7AD9997FF
002#7EB47FE7AD9997FF
003#7EDE8C97AD9997FF
004#7E257FE7AD9997FF
005#808B8000C40A37FF
006#80908000FD0A37FF
007#7DC27FE0CC0A37FF
008#801B7FE0830A37FF
001#80557FE7AD9997FF
002#7EB27FD7AD9997FF
003#7F168C87AD9997FF
004#7E257FD7AD9997FF
005#808B8000C40A37FF
006#80908000FD0A37FF
007#7DC27FE0CC0A37FF
008#801B7FE0830A37FF
001#80557FE7AD9997FF
002#7EB27FE7AD9997FF
003#7F448C37AD9997FF
004#7E257FE7AD9997FF
005#808B8000C40A37FF
006#80907FE0FD0A37FF
007#7DC28000CC0A37FF
008#801B7FE0830A37FF
001#80557FE7AD9997FF
002#7EB27FE7AD9997FF
003#7F798C07AD9997FF
004#7E257FE7AD9997FF
005#808B7FC0C40A37FF
006#80907FE0FD0A37FF
007#7DC27FE0CC0A37FF
008#801B7FE0830A37FF
001#80557FE7AD9997FF
002#7EB27FE7AD9997FF
003#7FA98B27AD9997FF
004#7E257FE7AD9997FF
005#808B7FD0C40A37FF
006#80908000FD0A37FF
007#7DC27FE0CC0A37FF
008#801B7FE0830A37FF
001#80557FE7AD9997FF
002#7EB27FE7AD9997FF
003#7FCE89E7AD9997FF
004#7E257FE7AD9997FF
005#808B7FE0C40A37FF
006#80907FE0FD0A37FF
007#7DC27FE0CC0A37FF
008#801B7FE0830A37FF
001#80557FE7AD9997FF
002#7EB27FE7AD9997FF
003#7FF18807AD9997FF
004#7E258007AD9997FF
005#808B7FE0C40A37FF
006#80908000FD0A37FF
007#7DC27FD0CC0A37FF
008#801B7FE0830A37FF
001#80558007AD9997FF
002#7EB27FE7AD9997FF
003#800D8667AD9997FF
004#7E258007AD9997FF
005#808B7FE0C40A37FF
006#80907FE0FD0A37FF
007#7DC27FE0CC0A37FF
008#801B7FE0830A37FF
001#80557FE7AD9997FF
002#7EB27FE7AD9997FF
003#80238517AD9997FF
004#7E258007AD9997FF
005#808B7FD0C40A37FF
006#80907FE0FD0A37FF
007#7DC27FD0CC0A37FF
008#801B7FD0830A37FF
001#80557FE7AD9997FF
002#7EB27FE7AD9997FF
003#803383B7AD9997FF
004#7E257FE7AD9997FF
005#808B7FE0C40A37FF
006#80907FE0FD0A37FF
007#7DC27FE0CC0A37FF
008#801B7FE0830A37FF
001#80557FE7AD9997FF
002#7EB27FE7AD9997FF
003#803D8217AD9997FF
004#7E257FE7AD9997FF
005#808B7FE0C40A37FF
006#80907FE0FD0A37FF
007#7DC27FE0CC0A37FF
008#801B7FE0830A37FF
001#80557FE7AD9997FF
002#7EB27FE7AD9997FF
003#80438097AD9997FF
004#7E257FE7AD9997FF
005#808B7FE0C40A37FF
006#80907FD0FD0A37FF
007#7DC28000CC0A37FF
008#801B7FE0830A37FF
001#80558007AD9997FF
002#7EB27FE7AD9997FF
003#80437FC7AD9997FF
004#7E257FD7AD9997FF
005#808B7FE0C40A37FF
006#80907FE0FD0A37FF
007#7DC27FE0CC0A37FF
008#801B7FE0830A37FF
001#80558007AD9997FF
002#7EB27FE7AD9997FF
003#80437FE7AD9997FF
004#7E257FE7AD9997FF
005#808B8000C40A37FF
006#80907FE0FD0A37FF
007#7DC27FD0CC0A37FF
008#801B7FD0830A37FF
001#80557FE7AD9997FF
002#7EB27FE7AD9997FF
003#80437FE7AD9997FF
004#7E257FD7AD9997FF
005#808B7FE0C40A37FF
006#80907FE0FD0A37FF
007#7DC28010CC0A37FF
008#801B7FE0830A37FF
001#80578007AD9997FF
002#7EB27FE7AD9997FF
003#80437FE7AD9997FF
004#7E257FD7AD9997FF
005#808B7FE0C40A37FF
006#80907FE0FD0A37FF
007#7DC27FE0CC0A37FF
008#801B7FE0830A37FF
001#80577FE7AD9997FF
002#7EB27FE7AD9997FF
003#80437FE7AD9997FF
004#7E257FE7AD9997FF
005#808B8000C40A37FF
006#80907FE0FD0A37FF
007#7DC27FE0CC0A37FF
008#801B7FD0830A37FF
001#80577FE7AD9997FF
002#7EB27FD7AD9997FF
003#80437FE7AD9997FF
004#7E257FE7AD9997FF
005#808B7FE0C40A37FF
006#80907FE0FD0A37FF
007#7DC27FE0CC0A37FF
008#801B7FE0830A37FF
001#80557FE7AD9997FF
002#7EB27FE7AD9997FF
003#80437FD7AD9997FF
004#7E257FE7AD9997FF
005#808B8000C40A37FF
006#80907FE0FD0A37FF
007#7DC27FE0CC0A37FF
008#801B7FE0830A37FF
001#80557FE7AD9997FF
002#7EB27FE7AD9997FF
003#80437FE7AD9997FF
004#7E257FE7AD9997FF
005#808B7FE0C40A37FF
006#80908000FD0A37FF
007#7DC27FE0CC0A37FF
008#801B7FE0830A37FF
001#80557FE7AD9997FF
002#7EB27FE7AD9997FF
003#80437FE7AD9997FF
004#7E257FE7AD9997FF
005#808B7FE0C40A37FF
006#80907FE0FD0A37FF
007#7DC27FE0CC0A37FF
008#801B7FE0830A37FF
001#80557FE7AD9997FF
002#7EB27FD7AD9997FF
003#80438007AD9997FF
004#7E258007AD9997FF
005#808B7FE0C40A37FF
006#80908000FD0A37FF
007#7DC27FD0CC0A37FF
008#801B7FD0830A37FF
001#80557FE7AD9997FF
002#7EB27FE7AD9997FF
003#80437FE7AD9997FF
004#7E257FD7AD9997FF
005#808B7FE0C40A37FF
006#80907FE0FD0A37FF
007#7DC28000CC0A37FF
008#801B7FD0830A37FF
001#80558007AD9997FF
002#7EB27FE7AD9997FF
003#80437FE7AD9997FF
004#7E257FE7AD9997FF
005#808B7FD0C40A37FF
006#80907FE0FD0A37FF
007#7DC27FE0CC0A37FF
008#801B7FE0830A37FF
001#80557FE7AD9997FF
002#7EB27FD7AD9997FF
003#80437FE7AD9997FF
004#7E257FE7AD9997FF
005#808B7FE0C40A37FF
006#80907FE0FD0A37FF
007#7DC28000CC0A37FF
008#801B7FD0830A37FF
001#80557FE7AD9997FF
002#7EB27FE7AD9997FF
003#80437FE7AD9997FF
004#7E257FE7AD9997FF
005#808B7FE0C40A37FF
006#80907FE0FD0A37FF
007#7DC27FE0CC0A37FF
008#801B7FE0830A37FF
001#80557FE7AD9997FF
002#7EB27FE7AD9997FF
003#80437FE7AD9997FF
004#7E257FD7AD9997FF
005#808B7FD0C40A37FF
006#80907FE0FD0A37FF
007#7DC27FE0CC0A37FF
008#801B7FE0830A37FF
001#80557FE7AD9997FF
002#7EB27FE7AD9997FF
003#80437FE7AD9997FF
004#7E257FE7AD9997FF
005#80897FC0C40A37FF
006#80907FD0FD0A37FF
007#7DC27FE0CC0A37FF
008#801B7FD0830A37FF
001#80557FE7AD9997FF
002#7EB47FE7AD9997FF
003#80438007AD9997FF
004#7E257FE7AD9997FF
005#80857F50C40A37FF
006#808B7F30FD0A37FF
007#7DC17FD0CC0A37FF
008#801B7FE0830A37FF
001#80557FE7AD9997FF
002#7EB58007AD9997FF
003#80437FE7AD9997FF
004#7E258007AD9997FF
005#80827FC0C40A37FF
006#80827F70FD0A37FF
007#7DC28010CC0A37FF
008#801B7FD0830A37FF
001#80558007AD9997FF
002#7EB58017AD9997FF
003#80437FE7AD9997FF
004#7E257FE7AD9997FF
005#80828000C40A37FF
006#807C7F90FD0A37FF
007#7DC17FD0CC0A37FF
008#801B7FD0830A37FF
001#80557FE7AD9997FF
002#7EBA8017AD9997FF
003#80437FE7AD9997FF
004#7E257FE7AD9997FF
005#80827FC0C40A37FF
006#807E8020FD0A37FF
007#7DC18000CC0A37FF
008#801B7FD0830A37FF
001#80557FE7AD9997FF
002#7EBA7FE7AD9997FF
003#80437FE7AD9997FF
004#7E257FE7AD9997FF
005#80827FE0C40A37FF
006#807E7FD0FD0A37FF
007#7DC17FE0CC0A37FF
008#801B7FE0830A37FF
001#80557FD7AD9997FF
002#7EBA7FE7AD9997FF
003#80437FE7AD9997FF
004#7E257FE7AD9997FF
005#80827FE0C40A37FF
006#807C7FD0FD0A37FF
007#7DC17FD0CC0A37FF
008#801B8000830A37FF
001#80557FE7AD9997FF
002#7EBA8007AD9997FF
003#80437FD7AD9997FF
004#7E257FE7AD9997FF
005#80807FD0C40A37FF
006#807C7FE0FD0A37FF
007#7DBF7FB0CC0A37FF
008#801B7FE0830A37FF
001#80557FD7AD9997FF
002#7EBA7FE7AD9997FF
003#80437FD7AD9997FF
004#7E257FE7AD9997FF
005#80828000C40A37FF
006#807C7FE0FD0A37FF
007#7DBA7EF0CC0A37FF
008#801B7FD0830A37FF
001#80557FD7AD9997FF
002#7EBA7FE7AD9997FF
003#80437FE7AD9997FF
004#7E257FE7AD9997FF
005#80807FA0C40A37FF
006#807E7FD0FD0A37FF
007#7D917C00CC0A37FF
008#801B7FE0830A37FF
001#80557FE7AD9997FF
002#7EBA7FE7AD9997FF
003#80437FE7AD9997FF
004#7E257FE7AD9997FF
005#80707E90C40A37FF
006#807C7FE0FD0A37FF
007#7D747E10CC0A37FF
008#801B7FE0830A37FF
001#80558007AD9997FF
002#7EBA7FD7AD9997FF
003#80437FE7AD9997FF
004#7E257FE7AD9997FF
005#805E7E10C40A37FF
006#807E8000FD0A37FF
007#7D657EA0CC0A37FF
008#801B7FE0830A37FF
001#80557FE7AD9997FF
002#7EBA7FE7AD9997FF
003#80437FE7AD9997FF
004#7E257FE7AD9997FF
005#803C7D40C40A37FF
006#807C7FE0FD0A37FF
007#7D557EC0CC0A37FF
008#801B7FD0830A37FF
001#80557FE7AD9997FF
002#7EBA7FD7AD9997FF
003#80437FE7AD9997FF
004#7E257FE7AD9997FF
005#801B7CD0C40A37FF
006#807E8000FD0A37FF
007#7D477ED0CC0A37FF
008#801B8000830A37FF
001#80558007AD9997FF
002#7EBA7FD7AD9997FF
003#80437FD7AD9997FF
004#7E257FE7AD9997FF
005#7FED7BD0C40A37FF
006#807C7FC0FD0A37FF
007#7D397EC0CC0A37FF
008#801B7FD0830A37FF
001#80557FE7AD9997FF
002#7EBA7FE7AD9997FF
003#80437FE7AD9997FF
004#7E258007AD9997FF
005#7F9E7980C40A37FF
006#807C7FD0FD0A37FF
007#7D2C7EB0CC0A37FF
008#801B8000830A37FF
001#80558007AD9997FF
002#7EBA7FE7AD9997FF
003#80437FE7AD9997FF
004#7E257FE7AD9997FF
005#7F4D7880C40A37FF
006#807C7FD0FD0A37FF
007#7D197E20CC0A37FF
008#801B7FE0830A37FF
001#80557FE7AD9997FF
002#7EBA7FE7AD9997FF
003#80438007AD9997FF
004#7E257FD7AD9997FF
005#7EEE7830C40A37FF
006#80797F80FD0A37FF
007#7D037E40CC0A37FF
008#801B7FE0830A37FF
001#80557FE7AD9997FF
002#7EBA7FD7AD9997FF
003#80437FE7AD9997FF
004#7E257FE7AD9997FF
005#7E8C77C0C40A37FF
006#80677DE0FD0A37FF
007#7CFA7F50CC0A37FF
008#801B7FE0830A37FF
001#80557FE7AD9997FF
002#7EBA7FD7AD9997FF
003#80438007AD9997FF
004#7E258007AD9997FF
005#7E2B7820C40A37FF
006#80487D10FD0A37FF
007#7CFA7FE0CC0A37FF
008#801B7FE0830A37FF
001#80557FE7AD9997FF
002#7EB97FE7AD9997FF
003#80437FE7AD9997FF
004#7E257FD7AD9997FF
005#7DD87950C40A37FF
006#80247CF0FD0A37FF
007#7CFB8020CC0A37FF
008#801B7FE0830A37FF
001#80557FD7AD9997FF
002#7EBA7FE7AD9997FF
003#80438007AD9997FF
004#7E268007AD9997FF
005#7D987B90C40A37FF
006#7FF97C60FD0A37FF
007#7CFA7FD0CC0A37FF
008#801B7FD0830A37FF
001#80557FD7AD9997FF
002#7EBA8007AD9997FF
003#80437FE7AD9997FF
004#7E267FE7AD9997FF
005#7D847F30C40A37FF
006#7FCD7C00FD0A37FF
007#7CFA7FD0CC0A37FF
008#801B7FE0830A37FF
001#80537FE7AD9997FF
002#7EBA8007AD9997FF
003#80437FE7AD9997FF
004#7E267FE7AD9997FF
005#7D818000C40A37FF
006#7F957B20FD0A37FF
007#7CFA7FC0CC0A37FF
008#801B8000830A37FF
001#80537FE7AD9997FF
002#7EBA8007AD9997FF
003#80437FE7AD9997FF
004#7E268007AD9997FF
005#7D828030C40A37FF
006#7F5C7B30FD0A37FF
007#7CFA7FC0CC0A37FF
008#801B7FE0830A37FF
001#80537FE7AD9997FF
002#7EBA8007AD9997FF
003#80437FE7AD9997FF
004#7E267FE7AD9997FF
005#7D8E80F0C40A37FF
006#7F2C7C30FD0A37FF
007#7CF67F70CC0A37FF
008#801B7FE0830A37FF
001#80537FE7AD9997FF
002#7EBA7FE7AD9997FF
003#80437FE7AD9997FF
004#7E267FE7AD9997FF
005#7D988060C40A37FF
006#7F167E80FD0A37FF
007#7CEA7ED0CC0A37FF
008#801B7FE0830A37FF
001#80537FE7AD9997FF
002#7EBC8007AD9997FF
003#80437FE7AD9997FF
004#7E267FE7AD9997FF
005#7D9D8070C40A37FF
006#7F1A8020FD0A37FF
007#7CD77E50CC0A37FF
008#801B7FE0830A37FF
001#80558007AD9997FF
002#7EBC8007AD9997FF
003#80437FE7AD9997FF
004#7E267FE7AD9997FF
005#7D9E8010C40A37FF
006#7F1A8010FD0A37FF
007#7CCF7F50CC0A37FF
008#801B7FD0830A37FF
001#80537FE7AD9997FF
002#7EBC7FE7AD9997FF
003#80437FE7AD9997FF
004#7E267FE7AD9997FF
005#7DA68120C40A37FF
006#7F1A7FE0FD0A37FF
007#7CCB7F70CC0A37FF
008#801B7FE0830A37FF
001#80537FD7AD9997FF
002#7EBC7FE7AD9997FF
003#80437FE7AD9997FF
004#7E268007AD9997FF
005#7DBC81A0C40A37FF
006#7F1B8000FD0A37FF
007#7CC87FD0CC0A37FF
008#801B7FE0830A37FF
001#80537FD7AD9997FF
002#7EBC7FE7AD9997FF
003#80437FE7AD9997FF
004#7E267FE7AD9997FF
005#7DCE8150C40A37FF
006#7F1B7FE0FD0A37FF
007#7CC77FD0CC0A37FF
008#801B7FE0830A37FF
001#80537FD7AD9997FF
002#7EBC7FE7AD9997FF
003#80438007AD9997FF
004#7E267FE7AD9997FF
005#7DDE8110C40A37FF
006#7F1A7FC0FD0A37FF
007#7CC88010CC0A37FF
008#801B7FD0830A37FF
001#80537FD7AD9997FF
002#7EBC7FE7AD9997FF
003#80438007AD9997FF
004#7E267FE7AD9997FF
005#7DF28180C40A37FF
006#7F1B7FE0FD0A37FF
007#7CC87FE0CC0A37FF
008#801B7FE0830A37FF
001#80527FE7AD9997FF
002#7EBC7FE7AD9997FF
003#80437FE7AD9997FF
004#7E267FE7AD9997FF
005#7E0981A0C40A37FF
006#7F1A7FD0FD0A37FF
007#7CC87FE0CC0A37FF
008#801B7FE0830A37FF
001#80527FD7AD9997FF
002#7EBC8007AD9997FF
003#80437FD7AD9997FF
004#7E267FE7AD9997FF
005#7E1E8210C40A37FF
006#7F1A7FE0FD0A37FF
007#7CC88000CC0A37FF
008#801B7FE0830A37FF
001#804E7FB7AD9997FF
002#7EBF8027AD9997FF
003#80437FE7AD9997FF
004#7E267FE7AD9997FF
005#7E388200C40A37FF
006#7F1A7FE0FD0A37FF
007#7CCA8000CC0A37FF
008#801B7FE0830A37FF
001#804D7FD7AD9997FF
002#7EC38017AD9997FF
003#80437FE7AD9997FF
004#7E268007AD9997FF
005#7E5682B0C40A37FF
006#7F1A7FE0FD0A37FF
007#7CCC8020CC0A37FF
008#801B7FE0830A37FF
001#804D7FE7AD9997FF
002#7EC58037AD9997FF
003#80437FE7AD9997FF
004#7E267FE7AD9997FF
005#7E868330C40A37FF
006#7F1A7FD0FD0A37FF
007#7CD18080CC0A37FF
008#801B7FE0830A37FF
001#804B7FD7AD9997FF
002#7ECB8027AD9997FF
003#80437FD7AD9997FF
004#7E267FE7AD9997FF
005#7EA88320C40A37FF
006#7F1B8030FD0A37FF
007#7CD27FD0CC0A37FF
008#801B7FE0830A37FF
001#804B7FE7AD9997FF
002#7ED18027AD9997FF
003#80437FE7AD9997FF
004#7E267FE7AD9997FF
005#7EC88200C40A37FF
006#7F1B8000FD0A37FF
007#7CD17FD0CC0A37FF
008#801B7FE0830A37FF
001#804B7FE7AD9997FF
002#7ED78087AD9997FF
003#80437FE7AD9997FF
004#7E267FE7AD9997FF
005#7EDF8210C40A37FF
006#7F1B7FE0FD0A37FF
007#7CD27FE0CC0A37FF
008#801B7FE0830A37FF
001#804B7FE7AD9997FF
002#7EDE8087AD9997FF
003#80438007AD9997FF
004#7E267FE7AD9997FF
005#7EF28140C40A37FF
006#7F1B7FE0FD0A37FF
007#7CD28000CC0A37FF
008#801B8000830A37FF
001#804B7FD7AD9997FF
002#7EE48087AD9997FF
003#80438007AD9997FF
004#7E267FE7AD9997FF
005#7EFA8100C40A37FF
006#7F1B7FD0FD0A37FF
007#7CD28000CC0A37FF
008#801B8000830A37FF
001#804B7FE7AD9997FF
002#7EED8067AD9997FF
003#80438007AD9997FF
004#7E267FE7AD9997FF
005#7F048080C40A37FF
006#7F1E8050FD0A37FF
007#7CD47FD0CC0A37FF
008#801B8000830A37FF
001#804B8007AD9997FF
002#7EF58067AD9997FF
003#80437FE7AD9997FF
004#7E267FD7AD9997FF
005#7F048000C40A37FF
006#7F288100FD0A37FF
007#7CD48000CC0A37FF
008#801B8000830A37FF
001#804B7FE7AD9997FF
002#7EFB8077AD9997FF
003#80437FE7AD9997FF
004#7E267FE7AD9997FF
005#7F047FE0C40A37FF
006#7F2E8080FD0A37FF
007#7CD58000CC0A37FF
008#801B7FE0830A37FF
001#804B7FD7AD9997FF
002#7F028087AD9997FF
003#80437FE7AD9997FF
004#7E267FE7AD9997FF
005#7F047FE0C40A37FF
006#7F2D7FE0FD0A37FF
007#7CD47FC0CC0A37FF
008#801B8000830A37FF
001#804B7FE7AD9997FF
002#7F0B8067AD9997FF
003#80437FE7AD9997FF
004#7E267FE7AD9997FF
005#7F037FE0C40A37FF
006#7F2D7FE0FD0A37FF
007#7CD27FE0CC0A37FF
008#801B7FE0830A37FF
001#804B7FD7AD9997FF
002#7F138067AD9997FF
003#80438007AD9997FF
004#7E268007AD9997FF
005#7F048000C40A37FF
006#7F2D8000FD0A37FF
007#7CD27FD0CC0A37FF
008#801B7FD0830A37FF
001#80457F97AD9997FF
002#7F1E80A7AD9997FF
003#80437FE7AD9997FF
004#7E267FE7AD9997FF
005#7F078060C40A37FF
006#7F2D7FD0FD0A37FF
007#7CD28000CC0A37FF
008#801B8000830A37FF
001#80457FE7AD9997FF
002#7F288047AD9997FF
003#80437FE7AD9997FF
004#7E268007AD9997FF
005#7F1B81F0C40A37FF
006#7F2D7FE0FD0A37FF
007#7CD27FC0CC0A37FF
008#801B7FE0830A37FF
001#80447FD7AD9997FF
002#7F308057AD9997FF
003#80437FE7AD9997FF
004#7E267FE7AD9997FF
005#7F318180C40A37FF
006#7F2D7FD0FD0A37FF
007#7CD17FD0CC0A37FF
008#801B7FE0830A37FF
001#80437FD7AD9997FF
002#7F3A8087AD9997FF
003#80438007AD9997FF
004#7E288017AD9997FF
005#7F357FE0C40A37FF
006#7F2E8030FD0A37FF
007#7CD18000CC0A37FF
008#801B8000830A37FF
001#803E7F87AD9997FF
002#7F408057AD9997FF
003#80438007AD9997FF
004#7E2B8147AD9997FF
005#7F368000C40A37FF
006#7F318060FD0A37FF
007#7CD28020CC0A37FF
008#801B7FE0830A37FF
001#803E7FE7AD9997FF
002#7F448007AD9997FF
003#80437FE7AD9997FF
004#7E2D7FE7AD9997FF
005#7F398000C40A37FF
006#7F338020FD0A37FF
007#7CD57FE0CC0A37FF
008#801B8000830A37FF
001#803E7FD7AD9997FF
002#7F447FE7AD9997FF
003#80437FE7AD9997FF
004#7E2D8007AD9997FF
005#7F3A8020C40A37FF
006#7F357FC0FD0A37FF
007#7CD27FE0CC0A37FF
008#801B7FE0830A37FF
001#803E7FE7AD9997FF
002#7F437FD7AD9997FF
003#80437FE7AD9997FF
004#7E2D7FE7AD9997FF
005#7F3A7FE0C40A37FF
006#7F368000FD0A37FF
007#7CD17FC0CC0A37FF
008#801B7FE0830A37FF
001#803E7FE7AD9997FF
002#7F437FE7AD9997FF
003#80437FE7AD9997FF
004#7E2D7FE7AD9997FF
005#7F3B8010C40A37FF
006#7F3A8040FD0A37FF
007#7CC57EE0CC0A37FF
008#801B7FD0830A37FF
001#803E7FE7AD9997FF
002#7F427FD7AD9997FF
003#80437FD7AD9997FF
004#7E2B7FD7AD9997FF
005#7F3F8010C40A37FF
006#7F488100FD0A37FF
007#7CB77F20CC0A37FF
008#801B8000830A37FF
001#80408007AD9997FF
002#7F407FE7AD9997FF
003#80437FE7AD9997FF
004#7E2B7FA7AD9997FF
005#7F3F7FD0C40A37FF
006#7F5A8220FD0A37FF
007#7CB27F70CC0A37FF
008#801B7FE0830A37FF
001#80408007AD9997FF
002#7F407FE7AD9997FF
003#80437FE7AD9997FF
004#7E2B7FD7AD9997FF
005#7F3C7FC0C40A37FF
006#7F7B8200FD0A37FF
007#7CA77F20CC0A37FF
008#801B7FD0830A37FF
001#80407FE7AD9997FF
002#7F407FE7AD9997FF
003#80437FE7AD9997FF
004#7E2B7FE7AD9997FF
005#7F3C7FC0C40A37FF
006#7F9281B0FD0A37FF
007#7CA27FD0CC0A37FF
008#801B7FE0830A37FF
001#80407FE7AD9997FF
002#7F407FE7AD9997FF
003#80437FE7AD9997FF
004#7E2B7FE7AD9997FF
005#7F3C8000C40A37FF
006#7F9E80E0FD0A37FF
007#7CA37FE0CC0A37FF
008#801B7FD0830A37FF
001#80407FE7AD9997FF
002#7F407FE7AD9997FF
003#80437FE7AD9997FF
004#7E2B7FE7AD9997FF
005#7F3C7FE0C40A37FF
006#7FA58090FD0A37FF
007#7CA38010CC0A37FF
008#801B7FD0830A37FF
001#80407FE7AD9997FF
002#7F427FE7AD9997FF
003#80437FE7AD9997FF
004#7E2B7FE7AD9997FF
005#7F3C7FE0C40A37FF
006#7FA58000FD0A37FF
007#7CA38000CC0A37FF
008#801B7FD0830A37FF
001#80418007AD9997FF
002#7F427FE7AD9997FF
003#80437FE7AD9997FF
004#7E2B7FE7AD9997FF
005#7F3C7FE0C40A37FF
006#7FA57FE0FD0A37FF
007#7CA38000CC0A37FF
008#801B7FE0830A37FF
001#80407FE7AD9997FF
002#7F407FE7AD9997FF
003#80438007AD9997FF
004#7E2B7FE7AD9997FF
005#7F3C7FE0C40A37FF
006#7FA57FC0FD0A37FF
007#7CA37FD0CC0A37FF
008#801B7FE0830A37FF
001#80407FE7AD9997FF
002#7F428007AD9997FF
003#80437FE7AD9997FF
004#7E2B7FE7AD9997FF
005#7F3C7FE0C40A37FF
006#7FA57FE0FD0A37FF
007#7CA37FE0CC0A37FF
008#801B8000830A37FF
001#80407FE7AD9997FF
002#7F437FE7AD9997FF
003#80437FE7AD9997FF
004#7E2B7FE7AD9997FF
005#7F3C8000C40A37FF
006#7FA57FE0FD0A37FF
007#7CA37FE0CC0A37FF
008#801B7FE0830A37FF
001#80408007AD9997FF
002#7F437FE7AD9997FF
003#80437FE7AD9997FF
004#7E2B7FE7AD9997FF
005#7F3C7FE0C40A37FF
006#7FA57FE0FD0A37FF
007#7CA38000CC0A37FF
008#801B7FE0830A37FF
001#80407FE7AD9997FF
002#7F437FE7AD9997FF
003#80437FD7AD9997FF
004#7E2B7FE7AD9997FF
005#7F3C7FE0C40A37FF
006#7FA58010FD0A37FF
007#7CA37FE0CC0A37FF
008#801B7FE0830A37FF
001#80407FE7AD9997FF
002#7F437FE7AD9997FF
003#80437FD7AD9997FF
004#7E2B7FE7AD9997FF
005#7F3C7FE0C40A37FF
006#7FA57FD0FD0A37FF
007#7CA37FE0CC0A37FF
008#801B7FE0830A37FF
001#80407FE7AD9997FF
002#7F437FE7AD9997FF
003#80437FE7AD9997FF
004#7E2B7FE7AD9997FF
005#7F3C7FD0C40A37FF
006#7FA57FE0FD0A37FF
007#7CA37FE0CC0A37FF
008#801B7FE0830A37FF
001#80407FE7AD9997FF
002#7F437FE7AD9997FF
003#80437FE7AD9997FF
004#7E2B7FE7AD9997FF
005#7F3C8000C40A37FF
006#7FA57FE0FD0A37FF
007#7CA38000CC0A37FF
008#801B7FE0830A37FF
001#80407FE7AD9997FF
002#7F437FE7AD9997FF
003#80438007AD9997FF
004#7E2B7FE7AD9997FF
005#7F3C7FE0C40A37FF
006#7FA57FE0FD0A37FF
007#7CA37FE0CC0A37FF
008#801B7FD0830A37FF
001#80417FE7AD9997FF
002#7F437FE7AD9997FF
003#80437FE7AD9997FF
004#7E2B7FE7AD9997FF
005#7F3C7FE0C40A37FF
006#7FA57FE0FD0A37FF
007#7CA37FE0CC0A37FF
008#801B7FD0830A37FF
001#80417FE7AD9997FF
002#7F427FE7AD9997FF
003#80437FE7AD9997FF
004#7E2B7FE7AD9997FF
005#7F3C8000C40A37FF
006#7FA57FE0FD0A37FF
007#7CA37FD0CC0A37FF
008#801B7FD0830A37FF
001#80417FD7AD9997FF
002#7F427FE7AD9997FF
003#80437FD7AD9997FF
004#7E2B7FE7AD9997FF
005#7F3C7FE0C40A37FF
006#7FA58000FD0A37FF
007#7CA38000CC0A37FF
008#801B7FD0830A37FF
001#80417FE7AD9997FF
002#7F427FE7AD9997FF
003#80437FE7AD9997FF
004#7E2B7FE7AD9997FF
005#7F3C7FE0C40A37FF
006#7FA58000FD0A37FF
007#7CA38000CC0A37FF
008#801B7FE0830A37FF
001#80407FE7AD9997FF
002#7F427FE7AD9997FF
003#80437FD7AD9997FF
004#7E2B7FD7AD9997FF
005#7F3C7FD0C40A37FF
006#7FA57FE0FD0A37FF
007#7CA38000CC0A37FF
008#801B7FE0830A37FF
001#80407FE7AD9997FF
002#7F427FE7AD9997FF
003#80437FE7AD9997FF
004#7E2B7FE7AD9997FF
005#7F3C8010C40A37FF
006#7FA57FE0FD0A37FF
007#7CA37FE0CC0A37FF
008#801B7FD0830A37FF
001#80407FE7AD9997FF
002#7F437FE7AD9997FF
003#80437FE7AD9997FF
004#7E2B8007AD9997FF
005#7F3C8000C40A37FF
006#7FA57FE0FD0A37FF
007#7CA37FD0CC0A37FF
008#801B7FE0830A37FF
001#80407FE7AD9997FF
002#7F427FE7AD9997FF
003#80438007AD9997FF
004#7E2B7FE7AD9997FF
005#7F3C8000C40A37FF
006#7FA57FE0FD0A37FF
007#7CA37FE0CC0A37FF
008#801B7FE0830A37FF
001#80407FE7AD9997FF
002#7F438007AD9997FF
003#80437FE7AD9997FF
004#7E2B7FD7AD9997FF
005#7F3C7FE0C40A37FF
006#7FA57FE0FD0A37FF
007#7CA38000CC0A37FF
008#801B7FE0830A37FF
001#80407FD7AD9997FF
002#7F427FE7AD9997FF
003#80437FD7AD9997FF
004#7E2B7FD7AD9997FF
005#7F3C7FE0C40A37FF
006#7FA57FE0FD0A37FF
007#7CA37FE0CC0A37FF
008#801B7FE0830A37FF
001#80407FE7AD9997FF
002#7F437FE7AD9997FF
003#80438007AD9997FF
004#7E2B7FE7AD9997FF
005#7F3C8000C40A37FF
006#7FA57FE0FD0A37FF
007#7CA37FE0CC0A37FF
008#801B7FD0830A37FF
001#80407FE7AD9997FF
002#7F437FE7AD9997FF
003#80437FE7AD9997FF
004#7E2B8007AD9997FF
005#7F3C8000C40A37FF
006#7FA58000FD0A37FF
007#7CA37FD0CC0A37FF
008#801B7FE0830A37FF
001#80407FE7AD9997FF
002#7F437FE7AD9997FF
003#80438007AD9997FF
004#7E2B7FE7AD9997FF
005#7F3C7FE0C40A37FF
006#7FA57FE0FD0A37FF
007#7CA37FE0CC0A37FF
008#801B7FE0830A37FF
001#80407FE7AD9997FF
002#7F437FE7AD9997FF
003#80438007AD9997FF
004#7E2B7FE7AD9997FF
005#7F3C7FE0C40A37FF
006#7FA57FE0FD0A37FF
007#7CA37FE0CC0A37FF
008#801B7FE0830A37FF
001#80417FE7AD9997FF
002#7F437FE7AD9997FF
003#80437FE7AD9997FF
004#7E2B8007AD9997FF
005#7F3C8000C40A37FF
006#7FA58000FD0A37FF
007#7CA38000CC0A37FF
008#801B7FE0830A37FF
001#80407FE7AD9997FF
002#7F427FE7AD9997FF
003#80438007AD9997FF
004#7E2B7FE7AD9997FF
005#7F3C8000C40A37FF
006#7FA57FE0FD0A37FF
007#7CA37FE0CC0A37FF
008#801B7FD0830A37FF
001#80407FE7AD9997FF
002#7F427FE7AD9997FF
003#80437FE7AD9997FF
004#7E2B7FE7AD9997FF
005#7F3C7FD0C40A37FF
006#7FA57FE0FD0A37FF
007#7CA38000CC0A37FF
008#801B7FE0830A37FF
001#80408007AD9997FF
002#7F427FE7AD9997FF
003#80437FE7AD9997FF
004#7E2B7FD7AD9997FF
005#7F3C7FE0C40A37FF
006#7FA57FE0FD0A37FF
007#7CA37FD0CC0A37FF
008#801B7FE0830A37FF
001#80417FE7AD9997FF
002#7F427FE7AD9997FF
003#80437FE7AD9997FF
004#7E2B8007AD9997FF
005#7F3C7FD0C40A37FF
006#7FA58000FD0A37FF
007#7CA37FE0CC0A37FF
008#801B7FE0830A37FF
001#80417FE7AD9997FF
002#7F437FE7AD9997FF
003#80437FE7AD9997FF
004#7E2B7FD7AD9997FF
005#7F3C7FD0C40A37FF
006#7FA57FE0FD0A37FF
007#7CA38000CC0A37FF
008#801B7FE0830A37FF
001#80407FE7AD9997FF
002#7F427FE7AD9997FF
003#80437FE7AD9997FF
004#7E2B7FE7AD9997FF
005#7F3C7FE0C40A37FF
006#7FA57FE0FD0A37FF
007#7CA37FD0CC0A37FF
008#801B7FD0830A37FF
001#80407FD7AD9997FF
002#7F427FE7AD9997FF
003#80437FE7AD9997FF
004#7E2B7FE7AD9997FF
005#7F3C7FE0C40A37FF
006#7FA57FD0FD0A37FF
007#7CA37FE0CC0A37FF
008#801B8000830A37FF
001#80407FE7AD9997FF
002#7F427FE7AD9997FF
003#80437FE7AD9997FF
004#7E2B7FE7AD9997FF
005#7F3C7FE0C40A37FF
006#7FA57FE0FD0A37FF
007#7CA37FE0CC0A37FF
008#801B7FE0830A37FF
001#80407FE7AD9997FF
002#7F437FE7AD9997FF
003#80437FE7AD9997FF
004#7E2B8007AD9997FF
005#7F3C8010C40A37FF
006#7FA57FE0FD0A37FF
007#7CA37FE0CC0A37FF
008#801B8000830A37FF
001#80407FE7AD9997FF
002#7F437FE7AD9997FF
003#80438007AD9997FF
004#7E2B7FE7AD9997FF
005#7F3C7FE0C40A37FF
006#7FA57FE0FD0A37FF
007#7CA37FD0CC0A37FF
008#801B7FE0830A37FF
001#80407FE7AD9997FF
002#7F437FE7AD9997FF
003#80437FE7AD9997FF
004#7E2B7FD7AD9997FF
005#7F3C7FC0C40A37FF
006#7FA58000FD0A37FF
007#7CA37FE0CC0A37FF
008#801B7FE0830A37FF
001#80407FE7AD9997FF
002#7F437FE7AD9997FF
003#80437FE7AD9997FF
004#7E2B7FE7AD9997FF
005#7F3C7FE0C40A37FF
006#7FA57FE0FD0A37FF
007#7CA38000CC0A37FF
008#801B7FE0830A37FF
001#80407FE7AD9997FF
002#7F437FE7AD9997FF
003#80437FD7AD9997FF
004#7E2B8007AD9997FF
005#7F3C7FE0C40A37FF
006#7FA57FE0FD0A37FF
007#7CA37FE0CC0A37FF
008#801B8000830A37FF
001#80407FE7AD9997FF
002#7F427FE7AD9997FF
003#80437FE7AD9997FF
004#7E2B7FE7AD9997FF
005#7F3C7FE0C40A37FF
006#7FA58000FD0A37FF
007#7CA37FE0CC0A37FF
008#801B7FE0830A37FF
001#80407FD7AD9997FF
002#7F427FE7AD9997FF
003#80437FE7AD9997FF
004#7E2B7FE7AD9997FF
005#7F3C7FE0C40A37FF
006#7FA57FE0FD0A37FF
007#7CA37FE0CC0A37FF
008#801B7FE0830A37FF
001#80408007AD9997FF
002#7F427FE7AD9997FF
003#80437FD7AD9997FF
004#7E2B7FE7AD9997FF
005#7F3C7FD0C40A37FF
006#7FA57FE0FD0A37FF
007#7CA37FE0CC0A37FF
008#801B7FE0830A37FF
001#80407FE7AD9997FF
002#7F427FE7AD9997FF
003#80437FE7AD9997FF
004#7E2B7FD7AD9997FF
005#7F3C7FE0C40A37FF
006#7FA57FE0FD0A37FF
007#7CA37FE0CC0A37FF
008#801B8000830A37FF
001#80407FD7AD9997FF
002#7F437FE7AD9997FF
003#80437FE7AD9997FF
004#7E2B8007AD9997FF
005#7F3C7FE0C40A37FF
006#7FA57FD0FD0A37FF
007#7CA37FE0CC0A37FF
008#801B7FE0830A37FF
001#80407FE7AD9997FF
002#7F437FE7AD9997FF
003#80437FE7AD9997FF
004#7E2B7FE7AD9997FF
005#7F3C7FE0C40A37FF
006#7FA57FE0FD0A37FF
007#7CA38000CC0A37FF
008#801B7FE0830A37FF
001#80407FE7AD9997FF
002#7F437FE7AD9997FF
003#80437FD7AD9997FF
004#7E2B7FE7AD9997FF
005#7F3C7FE0C40A37FF
006#7FA57FE0FD0A37FF
007#7CA37FE0CC0A37FF
008#801B7FD0830A37FF
001#80418007AD9997FF
002#7F438007AD9997FF
003#80437FE7AD9997FF
004#7E2B7FE7AD9997FF
005#7F3C7FE0C40A37FF
006#7FA58000FD0A37FF
007#7CA37FE0CC0A37FF
008#801B8000830A37FF
001#80407FE7AD9997FF
002#7F437FE7AD9997FF
003#80437FE7AD9997FF
004#7E2B7FE7AD9997FF
005#7F3C7FE0C40A37FF
006#7FA57FE0FD0A37FF
007#7CA37FE0CC0A37FF
008#801B8000830A37FF
001#80407FE7AD9997FF
002#7F437FE7AD9997FF
003#80437FE7AD9997FF
004#7E2B7FE7AD9997FF
005#7F3C7FE0C40A37FF
006#7FA58000FD0A37FF
007#7CA37FE0CC0A37FF
008#801B7FE0830A37FF
001#80407FE7AD9997FF
002#7F437FE7AD9997FF
003#80437FE7AD9997FF
004#7E2B7FD7AD9997FF
005#7F3C7FE0C40A37FF
006#7FA57FD0FD0A37FF
007#7CA37FE0CC0A37FF
008#801B8000830A37FF
001#80407FE7AD9997FF
002#7F437FE7AD9997FF
003#80437FE7AD9997FF
004#7E2B7FD7AD9997FF
005#7F3C7FE0C40A37FF
006#7FA57FE0FD0A37FF
007#7CA37FE0CC0A37FF
008#801B7FE0830A37FF
001#80407FE7AD9997FF
002#7F427FE7AD9997FF
003#80437FE7AD9997FF
004#7E2B7FE7AD9997FF
005#7F3C7FE0C40A37FF
006#7FA57FE0FD0A37FF
007#7CA38000CC0A37FF
008#801B8000830A37FF
001#80407FD7AD9997FF
002#7F427FE7AD9997FF
003#80437FE7AD9997FF
004#7E2B7FD7AD9997FF
005#7F3C7FE0C40A37FF
006#7FA57FE0FD0A37FF
007#7CA37FE0CC0A37FF
008#801B7FE0830A37FF
001#80407FE7AD9997FF
002#7F427FE7AD9997FF
003#80437FE7AD9997FF
004#7E2B7FE7AD9997FF
005#7F3C7FE0C40A37FF
006#7FA58000FD0A37FF
007#7CA37FE0CC0A37FF
008#801B7FE0830A37FF
001#80407FE7AD9997FF
002#7F427FE7AD9997FF
003#80437FE7AD9997FF
004#7E2B8007AD9997FF
005#7F3C7FD0C40A37FF
006#7FA57FD0FD0A37FF
007#7CA38000CC0A37FF
008#801B7FE0830A37FF
001#80407FD7AD9997FF
002#7F427FE7AD9997FF
003#80437FD7AD9997FF
004#7E2B8007AD9997FF
005#7F3C7FE0C40A37FF
006#7FA57FD0FD0A37FF
007#7CA37FE0CC0A37FF
008#801B7FE0830A37FF
001#80407FE7AD9997FF
002#7F427FE7AD9997FF
003#80438007AD9997FF
004#7E2B7FE7AD9997FF
005#7F3C7FD0C40A37FF
006#7FA57FE0FD0A37FF
007#7CA38000CC0A37FF
008#801B7FE0830A37FF
001#80407FE7AD9997FF
002#7F427FE7AD9997FF
003#80438007AD9997FF
004#7E2B7FE7AD9997FF
005#7F3C7FE0C40A37FF
006#7FA57FE0FD0A37FF
007#7CA37FE0CC0A37FF
008#801B7FE0830A37FF
001#80408007AD9997FF
002#7F427FE7AD9997FF
003#80438007AD9997FF
004#7E2B7FE7AD9997FF
005#7F3C7FD0C40A37FF
006#7FA57FE0FD0A37FF
007#7CA38000CC0A37FF
008#801B7FE0830A37FF
001#80407FE7AD9997FF
002#7F427FE7AD9997FF
003#80437FE7AD9997FF
004#7E2B8007AD9997FF
005#7F3C7FD0C40A37FF
006#7FA57FD0FD0A37FF
007#7CA37FE0CC0A37FF
008#801B7FE0830A37FF
001#80407FE7AD9997FF
002#7F437FE7AD9997FF
003#80437FE7AD9997FF
004#7E2B7FE7AD9997FF
005#7F3C7FE0C40A37FF
006#7FA58000FD0A37FF
007#7CA37FD0CC0A37FF
008#801B7FE0830A37FF
001#80407FE7AD9997FF
002#7F437FE7AD9997FF
003#80437FE7AD9997FF
004#7E2B7FE7AD9997FF
005#7F3C7FE0C40A37FF
006#7FA58000FD0A37FF
007#7CA38000CC0A37FF
008#801B7FD0830A37FF
001#80407FE7AD9997FF
002#7F438007AD9997FF
003#80437FE7AD9997FF
004#7E2B7FE7AD9997FF
005#7F3C7FE0C40A37FF
006#7FA57FE0FD0A37FF
007#7CA37FE0CC0A37FF
008#801B8000830A37FF
001#80407FE7AD9997FF
002#7F437FE7AD9997FF
003#80437FD7AD9997FF
004#7E2B7FD7AD9997FF
005#7F3C7FE0C40A37FF
006#7FA57FD0FD0A37FF
007#7CA37FD0CC0A37FF
008#801B7FD0830A37FF
001#80407FE7AD9997FF
002#7F427FE7AD9997FF
003#80437FE7AD9997FF
004#7E2B7FE7AD9997FF
005#7F3C7FD0C40A37FF
006#7FA57FE0FD0A37FF
007#7CA37FE0CC0A37FF
008#801B7FE0830A37FF
001#80407FE7AD9997FF
002#7F437FE7AD9997FF
003#80437FE7AD9997FF
004#7E2B8007AD9997FF
005#7F3C7FE0C40A37FF
006#7FA58000FD0A37FF
007#7CA37FD0CC0A37FF
008#801B7FE0830A37FF
001#80407FE7AD9997FF
002#7F427FE7AD9997FF
003#80437FE7AD9997FF
004#7E2B7FE7AD9997FF
005#7F3C8010C40A37FF
006#7FA57FE0FD0A37FF
007#7CA37FD0CC0A37FF
008#801B7FE0830A37FF
001#80407FE7AD9997FF
002#7F427FE7AD9997FF
003#80437FE7AD9997FF
004#7E2B8007AD9997FF
005#7F3C7FE0C40A37FF
006#7FA57FE0FD0A37FF
007#7CA37FE0CC0A37FF
008#801B7FE0830A37FF
001#80407FE7AD9997FF
002#7F427FE7AD9997FF
003#80437FE7AD9997FF
004#7E2B7FE7AD9997FF
005#7F3C7FE0C40A37FF
006#7FA57FE0FD0A37FF
007#7CA37FE0CC0A37FF
008#801B7FE0830A37FF
001#80407FE7AD9997FF
002#7F427FE7AD9997FF
003#80438007AD9997FF
004#7E2B7FD7AD9997FF
005#7F3C8000C40A37FF
006#7FA57FD0FD0A37FF
007#7CA37FE0CC0A37FF
008#801B7FE0830A37FF
001#80407FD7AD9997FF
002#7F437FE7AD9997FF
003#80438007AD9997FF
004#7E2B8007AD9997FF
005#7F3C7FE0C40A37FF
006#7FA57FE0FD0A37FF
007#7CA37FE0CC0A37FF
008#801B7FE0830A37FF
001#80407FE7AD9997FF
002#7F437FE7AD9997FF
003#80437FE7AD9997FF
004#7E2B7FE7AD9997FF
005#7F3C8000C40A37FF
006#7FA57FE0FD0A37FF
007#7CA38000CC0A37FF
008#801B7FD0830A37FF
001#80407FE7AD9997FF
002#7F437FE7AD9997FF
003#80438007AD9997FF
004#7E2B7FE7AD9997FF
005#7F3C8000C40A37FF
006#7FA58000FD0A37FF
007#7CA37FE0CC0A37FF
008#801B7FD0830A37FF
001#80407FE7AD9997FF
002#7F437FE7AD9997FF
003#80437FD7AD9997FF
004#7E2B7FE7AD9997FF
005#7F3C8000C40A37FF
006#7FA58000FD0A37FF
007#7CA38000CC0A37FF
008#801B8000830A37FF
001#80408007AD9997FF
002#7F427FE7AD9997FF
003#80437FE7AD9997FF
004#7E2B7FE7AD9997FF
005#7F3C7FD0C40A37FF
006#7FA57FE0FD0A37FF
007#7CA37FE0CC0A37FF
008#801B7FE0830A37FF
001#80407FE7AD9997FF
002#7F437FE7AD9997FF
003#80437FE7AD9997FF
004#7E2B7FE7AD9997FF
005#7F3C7FD0C40A37FF
006#7FA58000FD0A37FF
007#7CA37FD0CC0A37FF
008#801B7FD0830A37FF
001#80407FE7AD9997FF
002#7F427FE7AD9997FF
003#80437FE7AD9997FF
004#7E2B8007AD9997FF
005#7F3C7FE0C40A37FF
006#7FA57FE0FD0A37FF
007#7CA37FD0CC0A37FF
008#801B8000830A37FF
001#80407FE7AD9997FF
002#7F427FE7AD9997FF
003#80437FD7AD9997FF
004#7E2B7FE7AD9997FF
005#7F3C7FE0C40A37FF
006#7FA58000FD0A37FF
007#7CA37FD0CC0A37FF
008#801B7FE0830A37FF
001#80407FD7AD9997FF
002#7F437FE7AD9997FF
003#80437FE7AD9997FF
004#7E2B7FD7AD9997FF
005#7F3C7FE0C40A37FF
006#7FA57FE0FD0A37FF
007#7CA37FE0CC0A37FF
008#801B7FE0830A37FF
001#80407FE7AD9997FF
002#7F427FE7AD9997FF
003#80437FD7AD9997FF
004#7E2B7FE7AD9997FF
005#7F3C7FE0C40A37FF
006#7FA57FE0FD0A37FF
007#7CA38000CC0A37FF
008#801B8000830A37FF
001#80407FE7AD9997FF
002#7F427FE7AD9997FF
003#80437FE7AD9997FF
004#7E2B7FE7AD9997FF
005#7F3C7FE0C40A37FF
006#7FA57FE0FD0A37FF
007#7CA38000CC0A37FF
008#801B8000830A37FF
001#80418007AD9997FF
002#7F437FE7AD9997FF
003#80437FD7AD9997FF
004#7E2B7FE7AD9997FF
005#7F3C7FE0C40A37FF
006#7FA57FD0FD0A37FF
007#7CA38000CC0A37FF
008#801B7FE0830A37FF
001#80407FE7AD9997FF
002#7F437FE7AD9997FF
003#80437FE7AD9997FF
004#7E2B7FE7AD9997FF
005#7F3C8000C40A37FF
006#7FA58000FD0A37FF
007#7CA37FE0CC0A37FF
008#801B7FE0830A37FF
001#80408007AD9997FF
002#7F437FE7AD9997FF
003#80438007AD9997FF
004#7E2B7FE7AD9997FF
005#7F3C7FE0C40A37FF
006#7FA57FD0FD0A37FF
007#7CA37FE0CC0A37FF
008#801B7FD0830A37FF
001#80407FE7AD9997FF
002#7F438007AD9997FF
003#80438007AD9997FF
004#7E2B7FE7AD9997FF
005#7F3C7FE0C40A37FF
006#7FA57FE0FD0A37FF
007#7CA37FE0CC0A37FF
008#801B7FE0830A37FF
001#80417FE7AD9997FF
002#7F437FE7AD9997FF
003#80437FE7AD9997FF
004#7E2B7FD7AD9997FF
005#7F3C7FD0C40A37FF
006#7FA58000FD0A37FF
007#7CA37FD0CC0A37FF
008#801B7FD0830A37FF
001#80407FE7AD9997FF
002#7F437FE7AD9997FF
003#80437FE7AD9997FF
004#7E2B7FE7AD9997FF
005#7F3C7FE0C40A37FF
006#7FA57FD0FD0A37FF
007#7CA37FE0CC0A37FF
008#801B7FE0830A37FF
001#80407FE7AD9997FF
002#7F437FE7AD9997FF
003#80437FE7AD9997FF
004#7E2B7FE7AD9997FF
005#7F3C8000C40A37FF
006#7FA57FC0FD0A37FF
007#7CA37FE0CC0A37FF
008#801B7FE0830A37FF
001#80407FD7AD9997FF
002#7F437FE7AD9997FF
003#80437FE7AD9997FF
004#7E2B7FE7AD9997FF
005#7F3C7FD0C40A37FF
006#7FA57FD0FD0A37FF
007#7CA37FE0CC0A37FF
008#801B8000830A37FF
001#80407FE7AD9997FF
002#7F437FE7AD9997FF
003#80438007AD9997FF
004#7E2B7FE7AD9997FF
005#7F3C8000C40A37FF
006#7FA57FE0FD0A37FF
007#7CA37FE0CC0A37FF
008#801B7FD0830A37FF
001#80407FE7AD9997FF
002#7F427FE7AD9997FF
003#80437FE7AD9997FF
004#7E2B7FE7AD9997FF
005#7F3C8000C40A37FF
006#7FA57FE0FD0A37FF
007#7CA37FE0CC0A37FF
008#801B7FD0830A37FF
001#FFFFFFFFFFFFFFFD
002#FFFFFFFFFFFFFFFD
003#FFFFFFFFFFFFFFFD
004#FFFFFFFFFFFFFFFD
005#FFFFFFFFFFFFFFFD
006#FFFFFFFFFFFFFFFD
007#FFFFFFFFFFFFFFFD
008#FFFFFFFFFFFFFFFD
