001#FFFFFFFFFFFFFFFC
002#FFFFFFFFFFFFFFFC
003#FFFFFFFFFFFFFFFC
004#FFFFFFFFFFFFFFFC
005#FFFFFFFFFFFFFFFC
006#FFFFFFFFFFFFFFFC
007#FFFFFFFFFFFFFFFC
008#FFFFFFFFFFFFFFFC
001#805E7FF7AD9997FF
002#80057FF7AD9997FF
003#7EF47FF7AD9997FF
004#7F837FF7AD9997FF
005#80F17FF0C40A37FF
006#7F847FF0FD0A37FF
007#80FB7FF0CC0A37FF
008#7FFE7FF0511997FF
001#805A7FF7AD9997FF
002#80057FF7AD9997FF
003#7F017FF7AD9997FF
004#7F897FF7AD9997FF
005#80E67FF0C40A37FF
006#7F8A7FF0FD0A37FF
007#80EF7FF0CC0A37FF
008#7FFE7FF0511997FF
001#80557FF7AD9997FF
002#80057FF7AD9997FF
003#7F0D7FF7AD9997FF
004#7F8F7FF7AD9997FF
005#80DA7FF0C40A37FF
006#7F8F7FF0FD0A37FF
007#80E37FF0CC0A37FF
008#7FFE7FF0511997FF
001#80517FF7AD9997FF
002#80047FF7AD9997FF
003#7F1A7FF7AD9997FF
004#7F947FF7AD9997FF
005#80CF7FF0C40A37FF
006#7F957FF0FD0A37FF
007#80D77FF0CC0A37FF
008#7FFE7FF0511997FF
001#804C7FF7AD9997FF
002#80047FF7AD9997FF
003#7F277FF7AD9997FF
004#7F9A7FF7AD9997FF
005#80C37FF0C40A37FF
006#7F9B7FF0FD0A37FF
007#80CB7FF0CC0A37FF
008#7FFE7FF0511997FF
001#80487FF7AD9997FF
002#80047FF7AD9997FF
003#7F337FF7AD9997FF
004#7FA07FF7AD9997FF
005#80B87FF0C40A37FF
006#7FA17FF0FD0A37FF
007#80BF7FF0CC0A37FF
008#7FFE7FF0511997FF
001#80437FF7AD9997FF
002#80037FF7AD9997FF
003#7F407FF7AD9997FF
004#7FA67FF7AD9997FF
005#80AC7FF0C40A37FF
006#7FA77FF0FD0A37FF
007#80B37FF0CC0A37FF
008#7FFE7FF0511997FF
001#803F7FF7AD9997FF
002#80037FF7AD9997FF
003#7F4D7FF7AD9997FF
004#7FAC7FF7AD9997FF
005#80A17FF0C40A37FF
006#7FAD7FF0FD0A37FF
007#80A77FF0CC0A37FF
008#7FFE7FF0511997FF
001#803A7FF7AD9997FF
002#80037FF7AD9997FF
003#7F597FF7AD9997FF
004#7FB27FF7AD9997FF
005#80957FF0C40A37FF
006#7FB27FF0FD0A37FF
007#809B7FF0CC0A37FF
008#7FFE7FF0511997FF
001#80367FF7AD9997FF
002#80037FF7AD9997FF
003#7F667FF7AD9997FF
004#7FB87FF7AD9997FF
005#808A7FF0C40A37FF
006#7FB87FF0FD0A37FF
007#808F7FF0CC0A37FF
008#7FFE7FF0511997FF
001#80317FF7AD9997FF
002#80027FF7AD9997FF
003#7F727FF7AD9997FF
004#7FBE7FF7AD9997FF
005#807E7FF0C40A37FF
006#7FBE7FF0FD0A37FF
007#80837FF0CC0A37FF
008#7FFE7FF0511997FF
001#802D7FF7AD9997FF
002#80027FF7AD9997FF
003#7F7F7FF7AD9997FF
004#7FC47FF7AD9997FF
005#80737FF0C40A37FF
006#7FC47FF0FD0A37FF
007#80787FF0CC0A37FF
008#7FFE7FF0511997FF
001#80287FF7AD9997FF
002#80027FF7AD9997FF
003#7F8C7FF7AD9997FF
004#7FC97FF7AD9997FF
005#80677FF0C40A37FF
006#7FCA7FF0FD0A37FF
007#806C7FF0CC0A37FF
008#7FFE7FF0511997FF
001#80247FF7AD9997FF
002#80017FF7AD9997FF
003#7F987FF7AD9997FF
004#7FCF7FF7AD9997FF
005#805C7FF0C40A37FF
006#7FD07FF0FD0A37FF
007#80607FF0CC0A37FF
008#7FFE7FF0511997FF
001#801F7FF7AD9997FF
002#80017FF7AD9997FF
003#7FA57FF7AD9997FF
004#7FD57FF7AD9997FF
005#80507FF0C40A37FF
006#7FD67FF0FD0A37FF
007#80547FF0CC0A37FF
008#7FFF7FF0511997FF
001#801B7FF7AD9997FF
002#80017FF7AD9997FF
003#7FB27FF7AD9997FF
004#7FDB7FF7AD9997FF
005#80457FF0C40A37FF
006#7FDB7FF0FD0A37FF
007#80487FF0CC0A37FF
008#7FFF7FF0511997FF
001#80167FF7AD9997FF
002#80017FF7AD9997FF
003#7FBE7FF7AD9997FF
004#7FE17FF7AD9997FF
005#803A7FF0C40A37FF
006#7FE17FF0FD0A37FF
007#803C7FF0CC0A37FF
008#7FFF7FF0511997FF
001#80127FF7AD9997FF
002#80007FF7AD9997FF
003#7FCB7FF7AD9997FF
004#7FE77FF7AD9997FF
005#802E7FF0C40A37FF
006#7FE77FF0FD0A37FF
007#80307FF0CC0A37FF
008#7FFF7FF0511997FF
001#800D7FF7AD9997FF
002#80007FF7AD9997FF
003#7FD87FF7AD9997FF
004#7FED7FF7AD9997FF
005#80237FF0C40A37FF
006#7FED7FF0FD0A37FF
007#80247FF0CC0A37FF
008#7FFF7FF0511997FF
001#80087FF7AD9997FF
002#80007FF7AD9997FF
003#7FE47FF7AD9997FF
004#7FF37FF7AD9997FF
005#80177FF0C40A37FF
006#7FF37FF0FD0A37FF
007#80187FF0CC0A37FF
008#7FFF7FF0511997FF
001#80047FF7AD9997FF
002#7FFF7FF7AD9997FF
003#7FF17FF7AD9997FF
004#7FF97FF7AD9997FF
005#800C7FF0C40A37FF
006#7FF97FF0FD0A37FF
007#800C7FF0CC0A37FF
008#7FFF7FF0511997FF
001#7FFF7FF7AD9997FF
002#7FFF7FF7AD9997FF
003#7FFE7FF7AD9997FF
004#7FFE7FF7AD9997FF
005#80007FF0C40A37FF
006#7FFE7FF0FD0A37FF
007#80007FF0CC0A37FF
008#7FFF7FF0511997FF
001#80058007AD9997FF
002#7FF17FB7AD9997FF
003#7FFB7FE7AD9997FF
004#7FF88117AD9997FF
005#80068000C40A37FF
006#7FF87FE0FD0A37FF
007#800D8000CC0A37FF
008#7FF57FE0830A37FF
001#80057FE7AD9997FF
002#7FF18007AD9997FF
003#7FFB7FE7AD9997FF
004#7FF87FA7AD9997FF
005#80078000C40A37FF
006#7FF77FD0FD0A37FF
007#800F8000CC0A37FF
008#7FF57FE0830A37FF
001#80058007AD9997FF
002#7FEF7FE7AD9997FF
003#7FFB7FE7AD9997FF
004#7FF88007AD9997FF
005#80077FE0C40A37FF
006#7FF78000FD0A37FF
007#800F7FE0CC0A37FF
008#7FF57FE0830A37FF
001#80057FE7AD9997FF
002#7FEF7FE7AD9997FF
003#7FFB7FD7AD9997FF
004#7FF87FD7AD9997FF
005#80077FE0C40A37FF
006#7FF77FE0FD0A37FF
007#800F7FE0CC0A37FF
008#7FF57FE0830A37FF
001#80057FE7AD9997FF
002#7FEF7FE7AD9997FF
003#7FFB7FE7AD9997FF
004#7FF87FE7AD9997FF
005#80077FE0C40A37FF
006#7FF78000FD0A37FF
007#800F7FE0CC0A37FF
008#7FF57FE0830A37FF
001#80057FE7AD9997FF
002#7FEF7FE7AD9997FF
003#7FFB8007AD9997FF
004#7FF87FE7AD9997FF
005#80078000C40A37FF
006#7FF77FE0FD0A37FF
007#800F7FD0CC0A37FF
008#7FF57FE0830A37FF
001#80057FE7AD9997FF
002#7FEF7FD7AD9997FF
003#7FFB7FD7AD9997FF
004#7FF87FE7AD9997FF
005#80078000C40A37FF
006#7FF77FE0FD0A37FF
007#800F8000CC0A37FF
008#7FF57FD0830A37FF
001#80057FE7AD9997FF
002#7FED7FC7AD9997FF
003#7FFB7FE7AD9997FF
004#7FF87FE7AD9997FF
005#80067FE0C40A37FF
006#7FF77FE0FD0A37FF
007#800F7FE0CC0A37FF
008#7FF57FE0830A37FF
001#80057FE7AD9997FF
002#7FEB7FC7AD9997FF
003#7FFB7FE7AD9997FF
004#7FF87FE7AD9997FF
005#80078000C40A37FF
006#7FF77FD0FD0A37FF
007#800F8000CC0A37FF
008#7FF57FE0830A37FF
001#80057FE7AD9997FF
002#7FEA7FC7AD9997FF
003#7FFB7FE7AD9997FF
004#7FF87FE7AD9997FF
005#80077FE0C40A37FF
006#7FF77FC0FD0A37FF
007#800F8000CC0A37FF
008#7FF57FE0830A37FF
001#80057FE7AD9997FF
002#7FE87FD7AD9997FF
003#7FFB7FE7AD9997FF
004#7FF87FE7AD9997FF
005#80077FE0C40A37FF
006#7FF78000FD0A37FF
007#800F8000CC0A37FF
008#7FF57FD0830A37FF
001#80057FE7AD9997FF
002#7FE77FE7AD9997FF
003#7FFB7FE7AD9997FF
004#7FF87FD7AD9997FF
005#80077FE0C40A37FF
006#7FF78000FD0A37FF
007#800F7FE0CC0A37FF
008#7FF57FE0830A37FF
001#80057FE7AD9997FF
002#7FE77FE7AD9997FF
003#7FFB8007AD9997FF
004#7FF87FE7AD9997FF
005#80077FE0C40A37FF
006#7FF87FE0FD0A37FF
007#800F7FD0CC0A37FF
008#7FF58000830A37FF
001#80057FE7AD9997FF
002#7FE77FD7AD9997FF
003#7FFB7FE7AD9997FF
004#7FF87FE7AD9997FF
005#80077FD0C40A37FF
006#7FF77FD0FD0A37FF
007#800F7FE0CC0A37FF
008#7FF57FE0830A37FF
001#80057FD7AD9997FF
002#7FE78007AD9997FF
003#7FFB7FE7AD9997FF
004#7FF87FE7AD9997FF
005#80077FD0C40A37FF
006#7FF77FE0FD0A37FF
007#800F7FE0CC0A37FF
008#7FF57FC0830A37FF
001#80057FE7AD9997FF
002#7FE87FE7AD9997FF
003#7FFB7FE7AD9997FF
004#7FF87FE7AD9997FF
005#80077FE0C40A37FF
006#7FF77FD0FD0A37FF
007#800F7FE0CC0A37FF
008#7FF57FD0830A37FF
001#80057FE7AD9997FF
002#7FE87FE7AD9997FF
003#7FFB7FE7AD9997FF
004#7FF87FD7AD9997FF
005#80077FE0C40A37FF
006#7FF78000FD0A37FF
007#800F7FD0CC0A37FF
008#7FF57FE0830A37FF
001#80057FE7AD9997FF
002#7FE88007AD9997FF
003#7FFB7FE7AD9997FF
004#7FF87FD7AD9997FF
005#80077FE0C40A37FF
006#7FF77FE0FD0A37FF
007#800F7FE0CC0A37FF
008#7FF57FE0830A37FF
001#80057FE7AD9997FF
002#7FE87FE7AD9997FF
003#7FFB7FE7AD9997FF
004#7FF87FE7AD9997FF
005#80077FE0C40A37FF
006#7FF77FE0FD0A37FF
007#800F7FE0CC0A37FF
008#7FF58000830A37FF
001#80057FE7AD9997FF
002#7FE87FE7AD9997FF
003#7FFB7FE7AD9997FF
004#7FF87FE7AD9997FF
005#80077FD0C40A37FF
006#7FF78000FD0A37FF
007#800F7FE0CC0A37FF
008#7FF57FE0830A37FF
001#80057FE7AD9997FF
002#7FE87FE7AD9997FF
003#7FFB7FE7AD9997FF
004#7FF87FE7AD9997FF
005#80077FE0C40A37FF
006#7FF77FE0FD0A37FF
007#800F7FE0CC0A37FF
008#7FF58000830A37FF
001#80057FE7AD9997FF
002#7FE87FE7AD9997FF
003#7FFB7FE7AD9997FF
004#7FF87FE7AD9997FF
005#80077FE0C40A37FF
006#7FF77FE0FD0A37FF
007#800F8000CC0A37FF
008#7FF57FE0830A37FF
001#80057FE7AD9997FF
002#7FE87FE7AD9997FF
003#7FFB7FE7AD9997FF
004#7FF87FD7AD9997FF
005#80078000C40A37FF
006#7FF78000FD0A37FF
007#800F7FD0CC0A37FF
008#7FF58000830A37FF
001#80057FE7AD9997FF
002#7FE87FE7AD9997FF
003#7FFB7FE7AD9997FF
004#7FF87FE7AD9997FF
005#80077FE0C40A37FF
006#7FF77FE0FD0A37FF
007#800F7FE0CC0A37FF
008#7FF58000830A37FF
001#80057FE7AD9997FF
002#7FEA8007AD9997FF
003#7FFB7FE7AD9997FF
004#7FF87FE7AD9997FF
005#80077FD0C40A37FF
006#7FF77FE0FD0A37FF
007#800F7FE0CC0A37FF
008#7FF57FE0830A37FF
001#80057FE7AD9997FF
002#7FEA8007AD9997FF
003#7FFB7FE7AD9997FF
004#7FF88007AD9997FF
005#80077FD0C40A37FF
006#7FF77FE0FD0A37FF
007#800F7FE0CC0A37FF
008#7FF57FE0830A37FF
001#80057FE7AD9997FF
002#7FEA7FE7AD9997FF
003#7FFB7FE7AD9997FF
004#7FF87FE7AD9997FF
005#80077FE0C40A37FF
006#7FF77FD0FD0A37FF
007#800F8000CC0A37FF
008#7FF57FE0830A37FF
001#80057FE7AD9997FF
002#7FEA8007AD9997FF
003#7FFB8007AD9997FF
004#7FF88007AD9997FF
005#80077FE0C40A37FF
006#7FF78000FD0A37FF
007#800F7FE0CC0A37FF
008#7FF57FD0830A37FF
001#80057FE7AD9997FF
002#7FEA7FE7AD9997FF
003#7FFB8007AD9997FF
004#7FF87FE7AD9997FF
005#80077FD0C40A37FF
006#7FF77FD0FD0A37FF
007#800F7FD0CC0A37FF
008#7FF58000830A37FF
001#80067FE7AD9997FF
002#7FEA7FE7AD9997FF
003#7FFE80F7AD9997FF
004#7FF87FE7AD9997FF
005#80077FE0C40A37FF
006#7FF77FE0FD0A37FF
007#800F7FD0CC0A37FF
008#7FF58000830A37FF
001#80057FE7AD9997FF
002#7FEA7FE7AD9997FF
003#80098327AD9997FF
004#7FF87FD7AD9997FF
005#80077FE0C40A37FF
006#7FF77FD0FD0A37FF
007#800F8000CC0A37FF
008#7FF57FE0830A37FF
001#80057FD7AD9997FF
002#7FEA8007AD9997FF
003#801884C7AD9997FF
004#7FF87FE7AD9997FF
005#80078000C40A37FF
006#7FF77FE0FD0A37FF
007#800F7FE0CC0A37FF
008#7FF57FE0830A37FF
001#80057FE7AD9997FF
002#7FEB8007AD9997FF
003#80318627AD9997FF
004#7FF87FE7AD9997FF
005#80078000C40A37FF
006#7FF77FE0FD0A37FF
007#800F7FE0CC0A37FF
008#7FF57FE0830A37FF
001#80057FE7AD9997FF
002#7FEB8007AD9997FF
003#804D8787AD9997FF
004#7FF87FE7AD9997FF
005#80077FE0C40A37FF
006#7FF77FE0FD0A37FF
007#800F7FE0CC0A37FF
008#7FF57FE0830A37FF
001#80057FE7AD9997FF
002#7FEB8007AD9997FF
003#807288E7AD9997FF
004#7FF87FE7AD9997FF
005#80077FE0C40A37FF
006#7FF77FE0FD0A37FF
007#800F7FE0CC0A37FF
008#7FF57FE0830A37FF
001#80057FE7AD9997FF
002#7FED8017AD9997FF
003#809B8A47AD9997FF
004#7FF87FE7AD9997FF
005#80077FE0C40A37FF
006#7FF77FE0FD0A37FF
007#800F7FE0CC0A37FF
008#7FF57FD0830A37FF
001#80057FE7AD9997FF
002#7FEF8017AD9997FF
003#80C38B47AD9997FF
004#7FF88007AD9997FF
005#80077FE0C40A37FF
006#7FF77FE0FD0A37FF
007#800F7FE0CC0A37FF
008#7FF58000830A37FF
001#80057FE7AD9997FF
002#7FF17FE7AD9997FF
003#80F98C37AD9997FF
004#7FF87FE7AD9997FF
005#80078000C40A37FF
006#7FF77FE0FD0A37FF
007#800F7FD0CC0A37FF
008#7FF57FD0830A37FF
001#80057FE7AD9997FF
002#7FF17FE7AD9997FF
003#81318CC7AD9997FF
004#7FF87FE7AD9997FF
005#80077FE0C40A37FF
006#7FF77FD0FD0A37FF
007#800F8000CC0A37FF
008#7FF57FE0830A37FF
001#80057FE7AD9997FF
002#7FF17FE7AD9997FF
003#81638D27AD9997FF
004#7FF87FE7AD9997FF
005#80077FE0C40A37FF
006#7FF77FE0FD0A37FF
007#800F8000CC0A37FF
008#7FF57FD0830A37FF
001#80057FE7AD9997FF
002#7FF17FE7AD9997FF
003#81998D77AD9997FF
004#7FF87FE7AD9997FF
005#80077FE0C40A37FF
006#7FF77FE0FD0A37FF
007#800F7FE0CC0A37FF
008#7FF57FE0830A37FF
001#80057FE7AD9997FF
002#7FF17FE7AD9997FF
003#81D68DC7AD9997FF
004#7FF87FE7AD9997FF
005#80078000C40A37FF
006#7FF77FD0FD0A37FF
007#800F7FE0CC0A37FF
008#7FF57FE0830A37FF
001#80057FE7AD9997FF
002#7FF17FE7AD9997FF
003#820A8DB7AD9997FF
004#7FF87FE7AD9997FF
005#80077FD0C40A37FF
006#7FF77FD0FD0A37FF
007#800F7FE0CC0A37FF
008#7FF57FD0830A37FF
001#80057FD7AD9997FF
002#7FF17FE7AD9997FF
003#82448DD7AD9997FF
004#7FF88007AD9997FF
005#80078000C40A37FF
006#7FF77FE0FD0A37FF
007#800F8000CC0A37FF
008#7FF57FE0830A37FF
001#80057FE7AD9997FF
002#7FF17FE7AD9997FF
003#827C8DB7AD9997FF
004#7FF87FE7AD9997FF
005#80077FE0C40A37FF
006#7FF77FE0FD0A37FF
007#800F7FE0CC0A37FF
008#7FF57FE0830A37FF
001#80057FE7AD9997FF
002#7FF17FE7AD9997FF
003#82AE8D87AD9997FF
004#7FF87FE7AD9997FF
005#80077FE0C40A37FF
006#7FF77FD0FD0A37FF
007#800F8000CC0A37FF
008#7FF57FE0830A37FF
001#80057FE7AD9997FF
002#7FF17FE7AD9997FF
003#82F08D47AD9997FF
004#7FF87FE7AD9997FF
005#80077FE0C40A37FF
006#7FF77FD0FD0A37FF
007#800F7FE0CC0A37FF
008#7FF57FE0830A37FF
001#80057FE7AD9997FF
002#7FF17FE7AD9997FF
003#83228D07AD9997FF
004#7FF87FD7AD9997FF
005#80077FE0C40A37FF
006#7FF77FE0FD0A37FF
007#800F7FE0CC0A37FF
008#7FF57FE0830A37FF
001#80037FD7AD9997FF
002#7FF17FE7AD9997FF
003#83568CD7AD9997FF
004#7FF87FE7AD9997FF
005#80077FE0C40A37FF
006#7FF77FE0FD0A37FF
007#800F7FD0CC0A37FF
008#7FF57FD0830A37FF
001#80017FC7AD9997FF
002#7FF17FE7AD9997FF
003#83898C77AD9997FF
004#7FF88007AD9997FF
005#80077FE0C40A37FF
006#7FF77FE0FD0A37FF
007#800F7FE0CC0A37FF
008#7FF57FE0830A37FF
001#7FFF7FD7AD9997FF
002#7FF17FE7AD9997FF
003#83BC8C47AD9997FF
004#7FF87FE7AD9997FF
005#80077FE0C40A37FF
006#7FF77FE0FD0A37FF
007#800F7FE0CC0A37FF
008#7FF57FE0830A37FF
001#7FFF7FE7AD9997FF
002#7FF17FE7AD9997FF
003#83EB8BA7AD9997FF
004#7FF87FE7AD9997FF
005#80077FD0C40A37FF
006#7FF77FE0FD0A37FF
007#800F7FE0CC0A37FF
008#7FF57FD0830A37FF
001#7FFF7FE7AD9997FF
002#7FF17FE7AD9997FF
003#841A8B17AD9997FF
004#7FF87FE7AD9997FF
005#80077FE0C40A37FF
006#7FF77FE0FD0A37FF
007#800F7FE0CC0A37FF
008#7FF57FD0830A37FF
001#7FFE7FE7AD9997FF
002#7FF17FE7AD9997FF
003#84428AB7AD9997FF
004#7FF87FD7AD9997FF
005#80077FE0C40A37FF
006#7FF77FE0FD0A37FF
007#800F7FE0CC0A37FF
008#7FF57FE0830A37FF
001#7FFE7FE7AD9997FF
002#7FF17FE7AD9997FF
003#847489F7AD9997FF
004#7FF87FE7AD9997FF
005#80077FD0C40A37FF
006#7FF77FE0FD0A37FF
007#800F7FD0CC0A37FF
008#7FF57FE0830A37FF
001#7FFE7FE7AD9997FF
002#7FF17FE7AD9997FF
003#84978967AD9997FF
004#7FF87FE7AD9997FF
005#80077FD0C40A37FF
006#7FF77FE0FD0A37FF
007#800F7FE0CC0A37FF
008#7FF57FD0830A37FF
001#7FFE7FE7AD9997FF
002#7FF17FE7AD9997FF
003#84C088C7AD9997FF
004#7FF87FE7AD9997FF
005#80077FE0C40A37FF
006#7FF78000FD0A37FF
007#800F7FE0CC0A37FF
008#7FF57FD0830A37FF
001#7FFE7FE7AD9997FF
002#7FF17FE7AD9997FF
003#84DF8877AD9997FF
004#7FF87FE7AD9997FF
005#80078000C40A37FF
006#7FF78000FD0A37FF
007#800F7FE0CC0A37FF
008#7FF57FD0830A37FF
001#7FFE7FE7AD9997FF
002#7FF17FE7AD9997FF
003#84FF87E7AD9997FF
004#7FF87FE7AD9997FF
005#80077FE0C40A37FF
006#7FF77FE0FD0A37FF
007#800F8000CC0A37FF
008#7FF57FE0830A37FF
001#7FFE7FE7AD9997FF
002#7FF17FD7AD9997FF
003#851E8777AD9997FF
004#7FF87FE7AD9997FF
005#80077FE0C40A37FF
006#7FF78000FD0A37FF
007#800F7FE0CC0A37FF
008#7FF57FE0830A37FF
001#7FFE7FE7AD9997FF
002#7FF18007AD9997FF
003#853D8737AD9997FF
004#7FF87FE7AD9997FF
005#80077FE0C40A37FF
006#7FF77FE0FD0A37FF
007#800F7FE0CC0A37FF
008#7FF57FE0830A37FF
001#7FFE7FE7AD9997FF
002#7FF17FE7AD9997FF
003#855B86F7AD9997FF
004#7FF87FE7AD9997FF
005#80077FE0C40A37FF
006#7FF77FD0FD0A37FF
007#800F7FE0CC0A37FF
008#7FF58010830A37FF
001#7FFE7FE7AD9997FF
002#7FF17FD7AD9997FF
003#857786B7AD9997FF
004#7FF88007AD9997FF
005#80077FE0C40A37FF
006#7FF77FE0FD0A37FF
007#800F7FE0CC0A37FF
008#7FF57FE0830A37FF
001#7FFE7FE7AD9997FF
002#7FF18007AD9997FF
003#859186A7AD9997FF
004#7FF88007AD9997FF
005#80077FE0C40A37FF
006#7FF77FE0FD0A37FF
007#800F7FD0CC0A37FF
008#7FF57FD0830A37FF
001#7FFE7FE7AD9997FF
002#7FF17FE7AD9997FF
003#85AD86C7AD9997FF
004#7FF87FE7AD9997FF
005#80077FE0C40A37FF
006#7FF77FD0FD0A37FF
007#800F7FE0CC0A37FF
008#7FF57FE0830A37FF
001#7FFE7FE7AD9997FF
002#7FF17FE7AD9997FF
003#85C986E7AD9997FF
004#7FF88007AD9997FF
005#80077FE0C40A37FF
006#7FF77FE0FD0A37FF
007#800F8000CC0A37FF
008#7FF58000830A37FF
001#7FFE7FE7AD9997FF
002#7FF17FE7AD9997FF
003#85E686E7AD9997FF
004#7FF87FE7AD9997FF
005#80077FE0C40A37FF
006#7FF78000FD0A37FF
007#800F7FE0CC0A37FF
008#7FF57FE0830A37FF
001#7FFE7FE7AD9997FF
002#7FF17FE7AD9997FF
003#86038747AD9997FF
004#7FF87FE7AD9997FF
005#80077FD0C40A37FF
006#7FF77FE0FD0A37FF
007#800F7FE0CC0A37FF
008#7FF57FE0830A37FF
001#7FFE7FE7AD9997FF
002#7FF17FE7AD9997FF
003#862187A7AD9997FF
004#7FF87FE7AD9997FF
005#80077FE0C40A37FF
006#7FF77FD0FD0A37FF
007#800F7FE0CC0A37FF
008#7FF57FE0830A37FF
001#7FFE7FE7AD9997FF
002#7FF17FE7AD9997FF
003#86438817AD9997FF
004#7FF87FD7AD9997FF
005#80077FE0C40A37FF
006#7FF77FE0FD0A37FF
007#800F7FD0CC0A37FF
008#7FF57FE0830A37FF
001#7FFE7FE7AD9997FF
002#7FF17FE7AD9997FF
003#86658887AD9997FF
004#7FF87FD7AD9997FF
005#80077FD0C40A37FF
006#7FF77FE0FD0A37FF
007#800F7FE0CC0A37FF
008#7FF58000830A37FF
001#7FFE7FE7AD9997FF
002#7FF17FE7AD9997FF
003#868A88F7AD9997FF
004#7FF87FE7AD9997FF
005#80077FE0C40A37FF
006#7FF77FD0FD0A37FF
007#800F7FD0CC0A37FF
008#7FF57FE0830A37FF
001#7FFE7FE7AD9997FF
002#7FF17FE7AD9997FF
003#86B08967AD9997FF
004#7FF87FE7AD9997FF
005#80077FE0C40A37FF
006#7FF77FE0FD0A37FF
007#800F7FE0CC0A37FF
008#7FF57FE0830A37FF
001#7FFE7FE7AD9997FF
002#7FF17FD7AD9997FF
003#86D889E7AD9997FF
004#7FF87FE7AD9997FF
005#80077FE0C40A37FF
006#7FF77FE0FD0A37FF
007#800F7FD0CC0A37FF
008#7FF57FE0830A37FF
001#7FFE7FE7AD9997FF
002#7FF17FE7AD9997FF
003#87028A77AD9997FF
004#7FF88007AD9997FF
005#80077FE0C40A37FF
006#7FF77FE0FD0A37FF
007#800F7FD0CC0A37FF
008#7FF57FE0830A37FF
001#7FFE7FE7AD9997FF
002#7FF17FE7AD9997FF
003#87308AE7AD9997FF
004#7FF87FE7AD9997FF
005#80078000C40A37FF
006#7FF77FE0FD0A37FF
007#800F8000CC0A37FF
008#7FF57FE0830A37FF
001#7FFE7FE7AD9997FF
002#7FF17FE7AD9997FF
003#875D8B67AD9997FF
004#7FF87FE7AD9997FF
005#80077FE0C40A37FF
006#7FF78000FD0A37FF
007#800F7FE0CC0A37FF
008#7FF57FE0830A37FF
001#7FFE7FE7AD9997FF
002#7FF17FE7AD9997FF
003#878E8BE7AD9997FF
004#7FF87FE7AD9997FF
005#80077FE0C40A37FF
006#7FF77FE0FD0A37FF
007#800F7FD0CC0A37FF
008#7FF58000830A37FF
001#7FFE7FE7AD9997FF
002#7FF17FE7AD9997FF
003#87C18C57AD9997FF
004#7FF87FE7AD9997FF
005#80077FE0C40A37FF
006#7FF77FD0FD0A37FF
007#800F7FE0CC0A37FF
008#7FF57FE0830A37FF
001#7FFE8007AD9997FF
002#7FF17FE7AD9997FF
003#87F58CB7AD9997FF
004#7FF87FE7AD9997FF
005#80077FE0C40A37FF
006#7FF77FD0FD0A37FF
007#800F7FE0CC0A37FF
008#7FF57FE0830A37FF
001#7FFE7FE7AD9997FF
002#7FF18007AD9997FF
003#882B8D37AD9997FF
004#7FF87FD7AD9997FF
005#80077FD0C40A37FF
006#7FF77FD0FD0A37FF
007#800F7FE0CC0A37FF
008#7FF57FE0830A37FF
001#7FFE7FE7AD9997FF
002#7FF18007AD9997FF
003#88618D67AD9997FF
004#7FF88007AD9997FF
005#80077FE0C40A37FF
006#7FF77FE0FD0A37FF
007#800F8000CC0A37FF
008#7FF57FE0830A37FF
001#7FFE7FE7AD9997FF
002#7FF18007AD9997FF
003#88928DA7AD9997FF
004#7FF87FE7AD9997FF
005#80077FE0C40A37FF
006#7FF77FD0FD0A37FF
007#800F7FE0CC0A37FF
008#7FF57FE0830A37FF
001#7FFE7FE7AD9997FF
002#7FF68067AD9997FF
003#88D28DA7AD9997FF
004#7FF87FE7AD9997FF
005#80077FE0C40A37FF
006#7FF77FE0FD0A37FF
007#800F7FD0CC0A37FF
008#7FF57FE0830A37FF
001#7FFF7FE7AD9997FF
002#7FF98017AD9997FF
003#890D8DA7AD9997FF
004#7FF77FE7AD9997FF
005#80077FE0C40A37FF
006#7FF88010FD0A37FF
007#800F8000CC0A37FF
008#7FF57FE0830A37FF
001#7FFE7FE7AD9997FF
002#7FFF8037AD9997FF
003#89468D57AD9997FF
004#7FF77FD7AD9997FF
005#80077FE0C40A37FF
006#7FF77FE0FD0A37FF
007#800F7FD0CC0A37FF
008#7FF57FE0830A37FF
001#7FFF8007AD9997FF
002#80088067AD9997FF
003#89778CF7AD9997FF
004#7FF77FE7AD9997FF
005#80077FE0C40A37FF
006#7FF78000FD0A37FF
007#800F8030CC0A37FF
008#7FF57FE0830A37FF
001#7FFE7FE7AD9997FF
002#800F8077AD9997FF
003#89AA8CA7AD9997FF
004#7FF77FE7AD9997FF
005#80077FE0C40A37FF
006#7FF77FD0FD0A37FF
007#800F8010CC0A37FF
008#7FF57FD0830A37FF
001#7FFE7FE7AD9997FF
002#80178067AD9997FF
003#89DC8C17AD9997FF
004#7FF77FD7AD9997FF
005#80077FE0C40A37FF
006#7FF77FE0FD0A37FF
007#800F8010CC0A37FF
008#7FF58010830A37FF
001#7FFE7FE7AD9997FF
002#80208067AD9997FF
003#8A0C8B97AD9997FF
004#7FF78007AD9997FF
005#80077FE0C40A37FF
006#7FF78000FD0A37FF
007#800F7FE0CC0A37FF
008#7FF57FE0830A37FF
001#7FFE7FE7AD9997FF
002#802D8087AD9997FF
003#8A3C8B67AD9997FF
004#7FF77FE7AD9997FF
005#80077FE0C40A37FF
006#7FF77FE0FD0A37FF
007#800F7FD0CC0A37FF
008#7FF58000830A37FF
001#7FFF7FE7AD9997FF
002#803B8097AD9997FF
003#8A698B47AD9997FF
004#7FF77FD7AD9997FF
005#80077FE0C40A37FF
006#7FF88000FD0A37FF
007#800F7FE0CC0A37FF
008#7FF58000830A37FF
001#7FFE7FE7AD9997FF
002#804980C7AD9997FF
003#8A9A8B87AD9997FF
004#7FF78007AD9997FF
005#80077FD0C40A37FF
006#7FF77FD0FD0A37FF
007#800F7FE0CC0A37FF
008#7FF57FE0830A37FF
001#7FFE7FE7AD9997FF
002#805980E7AD9997FF
003#8ACB8C47AD9997FF
004#7FF77FE7AD9997FF
005#80077FE0C40A37FF
006#7FF78000FD0A37FF
007#800F7FE0CC0A37FF
008#7FF57FE0830A37FF
001#7FFE7FE7AD9997FF
002#806C80D7AD9997FF
003#8B058D27AD9997FF
004#7FF77FD7AD9997FF
005#80077FD0C40A37FF
006#7FF77FE0FD0A37FF
007#800F8000CC0A37FF
008#7FF57FE0830A37FF
001#7FFE7FE7AD9997FF
002#807C80E7AD9997FF
003#8B3E8E17AD9997FF
004#7FF88007AD9997FF
005#80078000C40A37FF
006#7FF78000FD0A37FF
007#800F8000CC0A37FF
008#7FF57FD0830A37FF
001#7FFE7FE7AD9997FF
002#808C8107AD9997FF
003#8B748EC7AD9997FF
004#7FF77FD7AD9997FF
005#80077FE0C40A37FF
006#7FF77FE0FD0A37FF
007#800F7FD0CC0A37FF
008#7FF57FE0830A37FF
001#7FFE7FE7AD9997FF
002#809E80C7AD9997FF
003#8BB18F67AD9997FF
004#7FF77FE7AD9997FF
005#80078000C40A37FF
006#7FF77FE0FD0A37FF
007#800F7FD0CC0A37FF
008#7FF57FE0830A37FF
001#7FFE7FE7AD9997FF
002#80B18117AD9997FF
003#8BFA8FD7AD9997FF
004#7FF88007AD9997FF
005#80077FE0C40A37FF
006#7FF77FE0FD0A37FF
007#800F7FE0CC0A37FF
008#7FF57FE0830A37FF
001#7FFE7FE7AD9997FF
002#80C480F7AD9997FF
003#8C3B8F97AD9997FF
004#7FF77FE7AD9997FF
005#80077FE0C40A37FF
006#7FF77FD0FD0A37FF
007#800D7FA0CC0A37FF
008#7FF58000830A37FF
001#7FFE7FD7AD9997FF
002#80D08087AD9997FF
003#8C738E87AD9997FF
004#7FF88007AD9997FF
005#80078000C40A37FF
006#7FF77FE0FD0A37FF
007#800F8020CC0A37FF
008#7FF57FE0830A37FF
001#7FFE8007AD9997FF
002#80E28107AD9997FF
003#8CA68C57AD9997FF
004#7FF87FD7AD9997FF
005#80077FE0C40A37FF
006#7FF77FE0FD0A37FF
007#800F7FD0CC0A37FF
008#7FF57FE0830A37FF
001#7FFE7FD7AD9997FF
002#80F180D7AD9997FF
003#8CCD89B7AD9997FF
004#7FF87FD7AD9997FF
005#80077FE0C40A37FF
006#7FF77FE0FD0A37FF
007#800D7FA0CC0A37FF
008#7FF57FD0830A37FF
001#7FFC7FD7AD9997FF
002#80FA8027AD9997FF
003#8CEE8667AD9997FF
004#7FF88017AD9997FF
005#80077FE0C40A37FF
006#7FF77FE0FD0A37FF
007#800F8010CC0A37FF
008#7FF57FE0830A37FF
001#7FFB7FE7AD9997FF
002#81048077AD9997FF
003#8D0283B7AD9997FF
004#7FF87FE7AD9997FF
005#80077FE0C40A37FF
006#7FF67FC0FD0A37FF
007#80138040CC0A37FF
008#7FF58000830A37FF
001#7FFE8027AD9997FF
002#811180A7AD9997FF
003#8D0A81C7AD9997FF
004#7FF87FC7AD9997FF
005#80077FE0C40A37FF
006#7FF68000FD0A37FF
007#80118000CC0A37FF
008#7FF57FE0830A37FF
001#7FFE7FE7AD9997FF
002#81178047AD9997FF
003#8D097F77AD9997FF
004#7FF78007AD9997FF
005#80077FD0C40A37FF
006#7FF78000FD0A37FF
007#800D7FA0CC0A37FF
008#7FF58000830A37FF
001#7FFE7FE7AD9997FF
002#811A8007AD9997FF
003#8D097FE7AD9997FF
004#7FF88007AD9997FF
005#80078000C40A37FF
006#7FF77FE0FD0A37FF
007#80117FE0CC0A37FF
008#7FF57FE0830A37FF
001#7FFF7FE7AD9997FF
002#811E8017AD9997FF
003#8D097FE7AD9997FF
004#7FF87FD7AD9997FF
005#80077FE0C40A37FF
006#7FF78000FD0A37FF
007#800F7FE0CC0A37FF
008#7FF57FE0830A37FF
001#7FFF7FE7AD9997FF
002#811F8017AD9997FF
003#8D097FE7AD9997FF
004#7FF87FE7AD9997FF
005#80077FD0C40A37FF
006#7FF77FE0FD0A37FF
007#80117FE0CC0A37FF
008#7FF57FD0830A37FF
001#7FFF7FE7AD9997FF
002#81207FE7AD9997FF
003#8D097FE7AD9997FF
004#7FF87FE7AD9997FF
005#80078000C40A37FF
006#7FF78000FD0A37FF
007#800F7FD0CC0A37FF
008#7FF57FE0830A37FF
001#7FFF8007AD9997FF
002#811F7FD7AD9997FF
003#8D097FE7AD9997FF
004#7FF87FE7AD9997FF
005#80077FD0C40A37FF
006#7FF77FE0FD0A37FF
007#800F7FE0CC0A37FF
008#7FF57FE0830A37FF
001#7FFF8007AD9997FF
002#811E7FC7AD9997FF
003#8D097FE7AD9997FF
004#7FF87FD7AD9997FF
005#80077FD0C40A37FF
006#7FF77FE0FD0A37FF
007#800F7FD0CC0A37FF
008#7FF57FE0830A37FF
001#80007FE7AD9997FF
002#811A7FC7AD9997FF
003#8D097FE7AD9997FF
004#7FF87FE7AD9997FF
005#80077FE0C40A37FF
006#7FF77FE0FD0A37FF
007#80118020CC0A37FF
008#7FF57FE0830A37FF
001#80007FD7AD9997FF
002#811A7FE7AD9997FF
003#8D097FD7AD9997FF
004#7FF87FD7AD9997FF
005#80077FD0C40A37FF
006#7FF88000FD0A37FF
007#800F7FA0CC0A37FF
008#7FF57FE0830A37FF
001#7FFF7FD7AD9997FF
002#81197FC7AD9997FF
003#8D097FE7AD9997FF
004#7FF77FE7AD9997FF
005#80077FE0C40A37FF
006#7FF77FD0FD0A37FF
007#800F8000CC0A37FF
008#7FF57FD0830A37FF
001#7FFF7FE7AD9997FF
002#81167FC7AD9997FF
003#8D098007AD9997FF
004#7FF87FE7AD9997FF
005#80077FE0C40A37FF
006#7FF77FE0FD0A37FF
007#800F7FE0CC0A37FF
008#7FF58000830A37FF
001#7FFF7FD7AD9997FF
002#81137FD7AD9997FF
003#8D097FE7AD9997FF
004#7FF87FE7AD9997FF
005#80077FE0C40A37FF
006#7FF78000FD0A37FF
007#800F8000CC0A37FF
008#7FF57FD0830A37FF
001#7FFF7FE7AD9997FF
002#81137FE7AD9997FF
003#8D097FD7AD9997FF
004#7FF77FE7AD9997FF
005#80078000C40A37FF
006#7FF77FE0FD0A37FF
007#800F7FE0CC0A37FF
008#7FF57FE0830A37FF
001#7FFF7FE7AD9997FF
002#81127FD7AD9997FF
003#8D097FE7AD9997FF
004#7FF78007AD9997FF
005#80077FE0C40A37FF
006#7FF77FE0FD0A37FF
007#800F8000CC0A37FF
008#7FF57FD0830A37FF
001#7FFF7FE7AD9997FF
002#81137FE7AD9997FF
003#8D097FE7AD9997FF
004#7FF77FE7AD9997FF
005#80077FE0C40A37FF
006#7FF78000FD0A37FF
007#800F8000CC0A37FF
008#7FF58000830A37FF
001#7FFF7FE7AD9997FF
002#81138007AD9997FF
003#8D098007AD9997FF
004#7FF87FE7AD9997FF
005#80077FE0C40A37FF
006#7FF77FE0FD0A37FF
007#800F7FE0CC0A37FF
008#7FF57FC0830A37FF
001#7FFF7FD7AD9997FF
002#81168017AD9997FF
003#8D097FE7AD9997FF
004#7FF87FE7AD9997FF
005#80077FD0C40A37FF
006#7FF68000FD0A37FF
007#800F7FE0CC0A37FF
008#7FF58000830A37FF
001#7FFF7FE7AD9997FF
002#81198027AD9997FF
003#8D097FE7AD9997FF
004#7FF87FE7AD9997FF
005#80077FE0C40A37FF
006#7FF67FD0FD0A37FF
007#800F7FE0CC0A37FF
008#7FF57FE0830A37FF
001#7FFF7FE7AD9997FF
002#811A8007AD9997FF
003#8D098007AD9997FF
004#7FF87FE7AD9997FF
005#80077FE0C40A37FF
006#7FF78000FD0A37FF
007#800F7FD0CC0A37FF
008#7FF58000830A37FF
001#7FFF7FE7AD9997FF
002#811A7FD7AD9997FF
003#8D097FE7AD9997FF
004#7FF88007AD9997FF
005#80078000C40A37FF
006#7FF87FE0FD0A37FF
007#800F8000CC0A37FF
008#7FF57FE0830A37FF
001#7FFF7FE7AD9997FF
002#811B7FE7AD9997FF
003#8D098007AD9997FF
004#7FF87FE7AD9997FF
005#80077FE0C40A37FF
006#7FF77FD0FD0A37FF
007#800F7FE0CC0A37FF
008#7FF57FD0830A37FF
001#7FFF7FE7AD9997FF
002#811B7FE7AD9997FF
003#8D098007AD9997FF
004#7FF87FE7AD9997FF
005#80077FC0C40A37FF
006#7FF77FE0FD0A37FF
007#800F8000CC0A37FF
008#7FF57FE0830A37FF
001#7FFF7FE7AD9997FF
002#811B7FE7AD9997FF
003#8D097FE7AD9997FF
004#7FF87FD7AD9997FF
005#80078000C40A37FF
006#7FF77FD0FD0A37FF
007#800F7FC0CC0A37FF
008#7FF57FE0830A37FF
001#7FFF7FE7AD9997FF
002#811A7FD7AD9997FF
003#8D097FE7AD9997FF
004#7FF88007AD9997FF
005#80077FE0C40A37FF
006#7FF77FE0FD0A37FF
007#800F7FE0CC0A37FF
008#7FF58000830A37FF
001#7FFF7FE7AD9997FF
002#811A7FE7AD9997FF
003#8D097FE7AD9997FF
004#7FF77FD7AD9997FF
005#80077FD0C40A37FF
006#7FF77FD0FD0A37FF
007#800F8000CC0A37FF
008#7FF57FE0830A37FF
001#7FFE7FE7AD9997FF
002#811A7FE7AD9997FF
003#8D0A7FE7AD9997FF
004#7FF77FE7AD9997FF
005#80077FE0C40A37FF
006#7FF77FE0FD0A37FF
007#800F7FD0CC0A37FF
008#7FF57FD0830A37FF
001#7FFE7FE7AD9997FF
002#811A7FE7AD9997FF
003#8D0A7FE7AD9997FF
004#7FF77FE7AD9997FF
005#80078000C40A37FF
006#7FF77FD0FD0A37FF
007#800F7FD0CC0A37FF
008#7FF57FD0830A37FF
001#7FFE7FE7AD9997FF
002#811A7FE7AD9997FF
003#8D0A8017AD9997FF
004#7FF87FE7AD9997FF
005#80077FE0C40A37FF
006#7FF67FE0FD0A37FF
007#800F7FE0CC0A37FF
008#7FF57FE0830A37FF
001#7FFE7FE7AD9997FF
002#811B7FE7AD9997FF
003#8D0E8167AD9997FF
004#7FF87FE7AD9997FF
005#80078000C40A37FF
006#7FF77FE0FD0A37FF
007#800F7FE0CC0A37FF
008#7FF57FE0830A37FF
001#7FFE7FE7AD9997FF
002#811B7FE7AD9997FF
003#8D1C83C7AD9997FF
004#7FF87FE7AD9997FF
005#80077FE0C40A37FF
006#7FF78000FD0A37FF
007#800F7FE0CC0A37FF
008#7FF57FE0830A37FF
001#7FFE7FE7AD9997FF
002#811B7FE7AD9997FF
003#8D3285A7AD9997FF
004#7FF87FE7AD9997FF
005#80077FD0C40A37FF
006#7FF77FE0FD0A37FF
007#800F7FE0CC0A37FF
008#7FF57FE0830A37FF
001#7FFF7FE7AD9997FF
002#811B7FE7AD9997FF
003#8D4D8727AD9997FF
004#7FF87FD7AD9997FF
005#80077FE0C40A37FF
006#7FF78000FD0A37FF
007#800F7FE0CC0A37FF
008#7FF57FE0830A37FF
001#7FFF7FE7AD9997FF
002#811A7FE7AD9997FF
003#8D6C8897AD9997FF
004#7FF87FD7AD9997FF
005#80077FE0C40A37FF
006#7FF77FE0FD0A37FF
007#800F7FD0CC0A37FF
008#7FF57FE0830A37FF
001#7FFF7FE7AD9997FF
002#811A7FE7AD9997FF
003#8D9889F7AD9997FF
004#7FF77FE7AD9997FF
005#80077FE0C40A37FF
006#7FF78000FD0A37FF
007#800F8000CC0A37FF
008#7FF57FE0830A37FF
001#7FFF7FE7AD9997FF
002#811A7FD7AD9997FF
003#8DC28AC7AD9997FF
004#7FF77FE7AD9997FF
005#80078000C40A37FF
006#7FF78000FD0A37FF
007#800F7FD0CC0A37FF
008#7FF57FE0830A37FF
001#7FFF7FE7AD9997FF
002#811A7FE7AD9997FF
003#8DEF8B27AD9997FF
004#7FF77FE7AD9997FF
005#80078000C40A37FF
006#7FF77FE0FD0A37FF
007#800F7FE0CC0A37FF
008#7FF57FE0830A37FF
001#7FFF7FE7AD9997FF
002#811B7FE7AD9997FF
003#8E208BA7AD9997FF
004#7FF87FE7AD9997FF
005#80077FE0C40A37FF
006#7FF77FE0FD0A37FF
007#800F7FE0CC0A37FF
008#7FF57FE0830A37FF
001#7FFF7FE7AD9997FF
002#811B8007AD9997FF
003#8E518C27AD9997FF
004#7FF87FE7AD9997FF
005#80077FE0C40A37FF
006#7FF77FE0FD0A37FF
007#800F7FD0CC0A37FF
008#7FF57FE0830A37FF
001#7FFF7FE7AD9997FF
002#811C7FE7AD9997FF
003#8E858C77AD9997FF
004#7FF87FE7AD9997FF
005#80077FE0C40A37FF
006#7FF78000FD0A37FF
007#800F7FD0CC0A37FF
008#7FF57FE0830A37FF
001#7FFF7FE7AD9997FF
002#811C7FE7AD9997FF
003#8EB78C77AD9997FF
004#7FF87FE7AD9997FF
005#80077FE0C40A37FF
006#7FF77FE0FD0A37FF
007#800F8010CC0A37FF
008#7FF57FE0830A37FF
001#7FFF7FE7AD9997FF
002#811C7FE7AD9997FF
003#8EEB8BF7AD9997FF
004#7FF87FE7AD9997FF
005#80077FE0C40A37FF
006#7FF77FE0FD0A37FF
007#800F7FE0CC0A37FF
008#7FF57FE0830A37FF
001#7FFE7FE7AD9997FF
002#811C7FE7AD9997FF
003#8F148B47AD9997FF
004#7FF87FE7AD9997FF
005#80078000C40A37FF
006#7FF77FD0FD0A37FF
007#800F8000CC0A37FF
008#7FF58000830A37FF
001#7FFE7FD7AD9997FF
002#811B7FD7AD9997FF
003#8F4289B7AD9997FF
004#7FF87FE7AD9997FF
005#80077FD0C40A37FF
006#7FF77FD0FD0A37FF
007#800F7FD0CC0A37FF
008#7FF57FE0830A37FF
001#7FFE7FE7AD9997FF
002#811A7FE7AD9997FF
003#8F648807AD9997FF
004#7FF87FE7AD9997FF
005#80078000C40A37FF
006#7FF77FD0FD0A37FF
007#800F7FE0CC0A37FF
008#7FF57FD0830A37FF
001#7FFE7FE7AD9997FF
002#811A7FD7AD9997FF
003#8F818677AD9997FF
004#7FF77FE7AD9997FF
005#80078000C40A37FF
006#7FF77FD0FD0A37FF
007#800F8000CC0A37FF
008#7FF57FD0830A37FF
001#7FFE7FE7AD9997FF
002#811A7FE7AD9997FF
003#8F988497AD9997FF
004#7FF77FE7AD9997FF
005#80078000C40A37FF
006#7FF77FD0FD0A37FF
007#800F7FD0CC0A37FF
008#7FF57FD0830A37FF
001#7FFE7FE7AD9997FF
002#811A7FE7AD9997FF
003#8F9F80B7AD9997FF
004#7FF77FE7AD9997FF
005#80077FE0C40A37FF
006#7FF77FD0FD0A37FF
007#800F8000CC0A37FF
008#7FF57FD0830A37FF
001#7FFE7FE7AD9997FF
002#811A7FE7AD9997FF
003#8F9E7FE7AD9997FF
004#7FF87FE7AD9997FF
005#80078000C40A37FF
006#7FF77FD0FD0A37FF
007#800F7FD0CC0A37FF
008#7FF58000830A37FF
001#7FFE7FE7AD9997FF
002#811A8007AD9997FF
003#8F9E7FE7AD9997FF
004#7FF87FE7AD9997FF
005#80077FD0C40A37FF
006#7FF77FE0FD0A37FF
007#800F7FE0CC0A37FF
008#7FF57FD0830A37FF
001#7FFE7FE7AD9997FF
002#811B7FE7AD9997FF
003#8F9E7FE7AD9997FF
004#7FF87FE7AD9997FF
005#80077FE0C40A37FF
006#7FF77FE0FD0A37FF
007#800F7FE0CC0A37FF
008#7FF57FE0830A37FF
001#7FFE7FE7AD9997FF
002#811B7FE7AD9997FF
003#8F9E7FE7AD9997FF
004#7FF87FE7AD9997FF
005#80078000C40A37FF
006#7FF77FD0FD0A37FF
007#800F7FE0CC0A37FF
008#7FF58000830A37FF
001#7FFF7FE7AD9997FF
002#811B7FE7AD9997FF
003#8F9E8007AD9997FF
004#7FF88007AD9997FF
005#80077FE0C40A37FF
006#7FF77FE0FD0A37FF
007#800F7FE0CC0A37FF
008#7FF57FE0830A37FF
001#7FFF7FE7AD9997FF
002#811A7FE7AD9997FF
003#8F9D7F87AD9997FF
004#7FF87FD7AD9997FF
005#80077FE0C40A37FF
006#7FF77FE0FD0A37FF
007#800F7FE0CC0A37FF
008#7FF58000830A37FF
001#7FFF7FE7AD9997FF
002#811A7FD7AD9997FF
003#8F9D7FE7AD9997FF
004#7FF87FE7AD9997FF
005#80078000C40A37FF
006#7FF77FE0FD0A37FF
007#800F7FE0CC0A37FF
008#7FF57FE0830A37FF
001#7FFF7FE7AD9997FF
002#811A7FE7AD9997FF
003#8F9D7FE7AD9997FF
004#7FF87FE7AD9997FF
005#80077FE0C40A37FF
006#7FF77FC0FD0A37FF
007#800F7FD0CC0A37FF
008#7FF57FD0830A37FF
001#7FFE7FD7AD9997FF
002#811A7FE7AD9997FF
003#8F9D7FE7AD9997FF
004#7FF87FE7AD9997FF
005#80077FE0C40A37FF
006#7FF87FE0FD0A37FF
007#800F7FD0CC0A37FF
008#7FF57FD0830A37FF
001#7FFC7FB7AD9997FF
002#811A7FE7AD9997FF
003#8F9D7FD7AD9997FF
004#7FF87FE7AD9997FF
005#80077FE0C40A37FF
006#7FF78000FD0A37FF
007#800F8000CC0A37FF
008#7FF57FE0830A37FF
001#7FF67FD7AD9997FF
002#811A7FE7AD9997FF
003#8F9D7FE7AD9997FF
004#7FF87FE7AD9997FF
005#80077FE0C40A37FF
006#7FF77FD0FD0A37FF
007#800F7FD0CC0A37FF
008#7FF57FE0830A37FF
001#7FEF7F67AD9997FF
002#811A7FE7AD9997FF
003#8F9D7FE7AD9997FF
004#7FF87FE7AD9997FF
005#80078000C40A37FF
006#7FF77FE0FD0A37FF
007#800F8010CC0A37FF
008#7FF57FE0830A37FF
001#7FEF7FD7AD9997FF
002#811A7FE7AD9997FF
003#8F9D7FE7AD9997FF
004#7FF87FE7AD9997FF
005#80077FE0C40A37FF
006#7FF77FE0FD0A37FF
007#800F7FE0CC0A37FF
008#7FF57FE0830A37FF
001#7FE87F97AD9997FF
002#811A7FE7AD9997FF
003#8F9D7FE7AD9997FF
004#7FF87FE7AD9997FF
005#80077FD0C40A37FF
006#7FF57FD0FD0A37FF
007#800F7FE0CC0A37FF
008#7FF57FD0830A37FF
001#7FE88007AD9997FF
002#811A8007AD9997FF
003#8F9D8007AD9997FF
004#7FF87FE7AD9997FF
005#80078000C40A37FF
006#7FF67FE0FD0A37FF
007#800F8010CC0A37FF
008#7FF57FE0830A37FF
001#7FE77FE7AD9997FF
002#811A7FE7AD9997FF
003#8F9D7FE7AD9997FF
004#7FF88007AD9997FF
005#80078000C40A37FF
006#7FF68000FD0A37FF
007#800F7FE0CC0A37FF
008#7FF57FD0830A37FF
001#7FE87FE7AD9997FF
002#811A7FE7AD9997FF
003#8F9D7FE7AD9997FF
004#7FF88007AD9997FF
005#80078000C40A37FF
006#7FF67FE0FD0A37FF
007#800F7FE0CC0A37FF
008#7FF57FE0830A37FF
001#7FE87FE7AD9997FF
002#811A7FE7AD9997FF
003#8F9D7FE7AD9997FF
004#7FF87FE7AD9997FF
005#80077FE0C40A37FF
006#7FF78010FD0A37FF
007#800F7FE0CC0A37FF
008#7FF57FE0830A37FF
001#7FE87FD7AD9997FF
002#811A7FE7AD9997FF
003#8F9D7FE7AD9997FF
004#7FF87FE7AD9997FF
005#80078000C40A37FF
006#7FF78010FD0A37FF
007#800F7FD0CC0A37FF
008#7FF57FD0830A37FF
001#7FE87FE7AD9997FF
002#811A7FD7AD9997FF
003#8F9D7FE7AD9997FF
004#7FF87FE7AD9997FF
005#80077FD0C40A37FF
006#7FF77FE0FD0A37FF
007#800F7FE0CC0A37FF
008#7FF57FE0830A37FF
001#7FE87FE7AD9997FF
002#811A7FE7AD9997FF
003#8F9D7FE7AD9997FF
004#7FF87FE7AD9997FF
005#80077FE0C40A37FF
006#7FF77FD0FD0A37FF
007#800F8000CC0A37FF
008#7FF57FD0830A37FF
001#7FE87FE7AD9997FF
002#811A7FD7AD9997FF
003#8F9D7FE7AD9997FF
004#7FF87FE7AD9997FF
005#80077FE0C40A37FF
006#7FF77FE0FD0A37FF
007#800F7FE0CC0A37FF
008#7FF57FE0830A37FF
001#7FE87FE7AD9997FF
002#811A7FE7AD9997FF
003#8F9D8007AD9997FF
004#7FF87FE7AD9997FF
005#80077FE0C40A37FF
006#7FF77FE0FD0A37FF
007#800F7FE0CC0A37FF
008#7FF57FD0830A37FF
001#7FE87FE7AD9997FF
002#811A7FE7AD9997FF
003#8F9D8007AD9997FF
004#7FF87FE7AD9997FF
005#80078000C40A37FF
006#7FF77FE0FD0A37FF
007#800F8000CC0A37FF
008#7FF58000830A37FF
001#7FE87FE7AD9997FF
002#811A8007AD9997FF
003#8F9D7FE7AD9997FF
004#7FF87FE7AD9997FF
005#80077FD0C40A37FF
006#7FF77FD0FD0A37FF
007#800F7FE0CC0A37FF
008#7FF57FE0830A37FF
001#7FE87FE7AD9997FF
002#811A7FE7AD9997FF
003#8F9D8007AD9997FF
004#7FF87FE7AD9997FF
005#80078000C40A37FF
006#7FF77FD0FD0A37FF
007#800F7FE0CC0A37FF
008#7FF58000830A37FF
001#7FE87FE7AD9997FF
002#811A7FE7AD9997FF
003#8F9D8007AD9997FF
004#7FF88007AD9997FF
005#80077FE0C40A37FF
006#7FF77FE0FD0A37FF
007#800F7FE0CC0A37FF
008#7FF57FE0830A37FF
001#7FE87FE7AD9997FF
002#811A7FE7AD9997FF
003#8F9D7FE7AD9997FF
004#7FF87FE7AD9997FF
005#80078000C40A37FF
006#7FF77FE0FD0A37FF
007#800F7FE0CC0A37FF
008#7FF57FE0830A37FF
001#7FE87FE7AD9997FF
002#811A7FE7AD9997FF
003#8F9D7FE7AD9997FF
004#7FF87FE7AD9997FF
005#80077FE0C40A37FF
006#7FF77FC0FD0A37FF
007#800F7FD0CC0A37FF
008#7FF57FE0830A37FF
001#7FE87FE7AD9997FF
002#811A8007AD9997FF
003#8F9D7FE7AD9997FF
004#7FF87FE7AD9997FF
005#80077FE0C40A37FF
006#7FF77FE0FD0A37FF
007#800F8000CC0A37FF
008#7FF57FE0830A37FF
001#7FE87FE7AD9997FF
002#811A7FE7AD9997FF
003#8F9D7FE7AD9997FF
004#7FF87FE7AD9997FF
005#80078000C40A37FF
006#7FF77FD0FD0A37FF
007#800F7FD0CC0A37FF
008#7FF57FE0830A37FF
001#7FE87FE7AD9997FF
002#811A7FE7AD9997FF
003#8F9D7FE7AD9997FF
004#7FF87FE7AD9997FF
005#80077FE0C40A37FF
006#7FF77FD0FD0A37FF
007#800F7FE0CC0A37FF
008#7FF57FE0830A37FF
001#7FE87FE7AD9997FF
002#811A8007AD9997FF
003#8F9D7FE7AD9997FF
004#7FF87FE7AD9997FF
005#80077FE0C40A37FF
006#7FF77FE0FD0A37FF
007#800F7FE0CC0A37FF
008#7FF58000830A37FF
001#7FE87FE7AD9997FF
002#811A7FE7AD9997FF
003#8F9D7FD7AD9997FF
004#7FF87FE7AD9997FF
005#80077FE0C40A37FF
006#7FF77FE0FD0A37FF
007#800F7FE0CC0A37FF
008#7FF57FE0830A37FF
001#7FE87FE7AD9997FF
002#811A7FE7AD9997FF
003#8F9D7FD7AD9997FF
004#7FF87FE7AD9997FF
005#80078000C40A37FF
006#7FF78000FD0A37FF
007#800F7FE0CC0A37FF
008#7FF57FE0830A37FF
001#7FE87FE7AD9997FF
002#811A7FE7AD9997FF
003#8F9D7FE7AD9997FF
004#7FF87FE7AD9997FF
005#80078000C40A37FF
006#7FF77FE0FD0A37FF
007#800F7FD0CC0A37FF
008#7FF57FD0830A37FF
001#7FE87FE7AD9997FF
002#811A7FE7AD9997FF
003#8F9D7FE7AD9997FF
004#7FF87FE7AD9997FF
005#80077FE0C40A37FF
006#7FF77FE0FD0A37FF
007#800F7FE0CC0A37FF
008#7FF58000830A37FF
001#7FE87FE7AD9997FF
002#811A7FE7AD9997FF
003#8F9D7FE7AD9997FF
004#7FF87FE7AD9997FF
005#80077FE0C40A37FF
006#7FF77FE0FD0A37FF
007#800F7FE0CC0A37FF
008#7FF57FE0830A37FF
001#7FE87FE7AD9997FF
002#811A7FE7AD9997FF
003#8F9D7FE7AD9997FF
004#7FF87FE7AD9997FF
005#80078000C40A37FF
006#7FF77FE0FD0A37FF
007#800F7FE0CC0A37FF
008#7FF57FE0830A37FF
001#7FE88007AD9997FF
002#811A7FE7AD9997FF
003#8F9D8007AD9997FF
004#7FF87FE7AD9997FF
005#80077FE0C40A37FF
006#7FF77FD0FD0A37FF
007#800F7FE0CC0A37FF
008#7FF57FD0830A37FF
001#7FE87FE7AD9997FF
002#811A7FE7AD9997FF
003#8F9D8007AD9997FF
004#7FF87FE7AD9997FF
005#80077FE0C40A37FF
006#7FF77FE0FD0A37FF
007#800F7FD0CC0A37FF
008#7FF57FE0830A37FF
001#7FE87FE7AD9997FF
002#811A8007AD9997FF
003#8F9D7FE7AD9997FF
004#7FF87FE7AD9997FF
005#80078000C40A37FF
006#7FF78000FD0A37FF
007#800F7FD0CC0A37FF
008#7FF58000830A37FF
001#7FE87FE7AD9997FF
002#811A7FE7AD9997FF
003#8F9D7FD7AD9997FF
004#7FF87FE7AD9997FF
005#80077FE0C40A37FF
006#7FF77FD0FD0A37FF
007#800F8000CC0A37FF
008#7FF57FE0830A37FF
001#7FE87FD7AD9997FF
002#811A7FE7AD9997FF
003#8F9D7FE7AD9997FF
004#7FF87FE7AD9997FF
005#80077FE0C40A37FF
006#7FF77FE0FD0A37FF
007#800F7FE0CC0A37FF
008#7FF57FE0830A37FF
001#7FE87FE7AD9997FF
002#811A7FE7AD9997FF
003#8F9D7FE7AD9997FF
004#7FF87FE7AD9997FF
005#80077FD0C40A37FF
006#7FF77FE0FD0A37FF
007#800F7FE0CC0A37FF
008#7FF57FE0830A37FF
001#7FE88007AD9997FF
002#811A7FD7AD9997FF
003#8F9D7FE7AD9997FF
004#7FF87FD7AD9997FF
005#80077FE0C40A37FF
006#7FF77FE0FD0A37FF
007#800F8000CC0A37FF
008#7FF57FD0830A37FF
001#7FE88007AD9997FF
002#811A7FD7AD9997FF
003#8F9D7FE7AD9997FF
004#7FF87FE7AD9997FF
005#80077FE0C40A37FF
006#7FF77FD0FD0A37FF
007#800F7FD0CC0A37FF
008#7FF57FD0830A37FF
001#7FE87FE7AD9997FF
002#811A7FE7AD9997FF
003#8F9D7FE7AD9997FF
004#7FF87FE7AD9997FF
005#80077FD0C40A37FF
006#7FF77FE0FD0A37FF
007#800F7FD0CC0A37FF
008#7FF57FE0830A37FF
001#7FE87FE7AD9997FF
002#811A8007AD9997FF
003#8F9D7FE7AD9997FF
004#7FF87FE7AD9997FF
005#80077FE0C40A37FF
006#7FF77FE0FD0A37FF
007#800F8000CC0A37FF
008#7FF57FD0830A37FF
001#7FE87FE7AD9997FF
002#811A7FE7AD9997FF
003#8F9D7FE7AD9997FF
004#7FF87FE7AD9997FF
005#80077FE0C40A37FF
006#7FF78000FD0A37FF
007#800F8000CC0A37FF
008#7FF57FE0830A37FF
001#7FE87FE7AD9997FF
002#811A7FE7AD9997FF
003#8F9D7FE7AD9997FF
004#7FF87FE7AD9997FF
005#80077FE0C40A37FF
006#7FF77FE0FD0A37FF
007#800F8000CC0A37FF
008#7FF57FE0830A37FF
001#7FE87FE7AD9997FF
002#811A7FE7AD9997FF
003#8F9D7FE7AD9997FF
004#7FF87FD7AD9997FF
005#80078000C40A37FF
006#7FF77FE0FD0A37FF
007#800F7FE0CC0A37FF
008#7FF58000830A37FF
001#7FE87FE7AD9997FF
002#811A7FE7AD9997FF
003#8F9D7FE7AD9997FF
004#7FF87FE7AD9997FF
005#80077FE0C40A37FF
006#7FF77FE0FD0A37FF
007#800F7FE0CC0A37FF
008#7FF57FE0830A37FF
001#7FE87FE7AD9997FF
002#811A7FE7AD9997FF
003#8F9D7FE7AD9997FF
004#7FF87FE7AD9997FF
005#80077FE0C40A37FF
006#7FF77FE0FD0A37FF
007#800F7FD0CC0A37FF
008#7FF57FD0830A37FF
001#7FE87FE7AD9997FF
002#811A7FE7AD9997FF
003#8F9D7FE7AD9997FF
004#7FF87FE7AD9997FF
005#80077FE0C40A37FF
006#7FF67FD0FD0A37FF
007#800F7FD0CC0A37FF
008#7FF57FE0830A37FF
001#7FE87FE7AD9997FF
002#811A7FE7AD9997FF
003#8F9D7FE7AD9997FF
004#7FF87FE7AD9997FF
005#80077FE0C40A37FF
006#7FF77FE0FD0A37FF
007#800F8000CC0A37FF
008#7FF58000830A37FF
001#7FE87FE7AD9997FF
002#811A7FE7AD9997FF
003#8F9D7FE7AD9997FF
004#7FF87FE7AD9997FF
005#80078010C40A37FF
006#7FF77FE0FD0A37FF
007#800F8000CC0A37FF
008#7FF57FD0830A37FF
001#7FE87FE7AD9997FF
002#811A7FD7AD9997FF
003#8F9D7FE7AD9997FF
004#7FF88007AD9997FF
005#80077FE0C40A37FF
006#7FF77FE0FD0A37FF
007#800F7FE0CC0A37FF
008#7FF58000830A37FF
001#7FE87FE7AD9997FF
002#811A7FE7AD9997FF
003#8F9D8007AD9997FF
004#7FF87FE7AD9997FF
005#80077FD0C40A37FF
006#7FF77FE0FD0A37FF
007#800F8000CC0A37FF
008#7FF57FD0830A37FF
001#7FE87FE7AD9997FF
002#811A7FE7AD9997FF
003#8F9D7FE7AD9997FF
004#7FF87FE7AD9997FF
005#80077FD0C40A37FF
006#7FF77FE0FD0A37FF
007#800F7FE0CC0A37FF
008#7FF57FE0830A37FF
001#7FE87FE7AD9997FF
002#811A7FE7AD9997FF
003#8F9D7FE7AD9997FF
004#7FF87FE7AD9997FF
005#80078000C40A37FF
006#7FF78000FD0A37FF
007#800F7FD0CC0A37FF
008#7FF57FE0830A37FF
001#7FE87FD7AD9997FF
002#811A7FE7AD9997FF
003#8F9D7FE7AD9997FF
004#7FF87FE7AD9997FF
005#80077FE0C40A37FF
006#7FF77FE0FD0A37FF
007#800F8000CC0A37FF
008#7FF57FE0830A37FF
001#7FE87FE7AD9997FF
002#811A7FE7AD9997FF
003#8F9D7FE7AD9997FF
004#7FF87FE7AD9997FF
005#80077FE0C40A37FF
006#7FF77FE0FD0A37FF
007#800F7FD0CC0A37FF
008#7FF57FD0830A37FF
001#7FE87FE7AD9997FF
002#811B7FE7AD9997FF
003#8F9D7FE7AD9997FF
004#7FF88007AD9997FF
005#80067FE0C40A37FF
006#7FF77FE0FD0A37FF
007#800F7FD0CC0A37FF
008#7FF57FE0830A37FF
001#7FE77FD7AD9997FF
002#811B7FE7AD9997FF
003#8F9D7FE7AD9997FF
004#7FF88007AD9997FF
005#80067FD0C40A37FF
006#7FF77FE0FD0A37FF
007#800F7FE0CC0A37FF
008#7FF57FE0830A37FF
001#7FE77FE7AD9997FF
002#811B8007AD9997FF
003#8F9D7FE7AD9997FF
004#7FF87FE7AD9997FF
005#80068000C40A37FF
006#7FF77FE0FD0A37FF
007#800F8000CC0A37FF
008#7FF58000830A37FF
001#7FE77FD7AD9997FF
002#811B7FE7AD9997FF
003#8F9D7FE7AD9997FF
004#7FFD8167AD9997FF
005#80067FD0C40A37FF
006#7FF78000FD0A37FF
007#800F7FE0CC0A37FF
008#7FF57FE0830A37FF
001#7FE77FE7AD9997FF
002#811B7FE7AD9997FF
003#8F9D7FE7AD9997FF
004#800381D7AD9997FF
005#80067FE0C40A37FF
006#7FF78000FD0A37FF
007#800F7FE0CC0A37FF
008#7FF57FE0830A37FF
001#7FE77FE7AD9997FF
002#811B7FE7AD9997FF
003#8F9D7FE7AD9997FF
004#800B8237AD9997FF
005#80067FE0C40A37FF
006#7FF77FE0FD0A37FF
007#800F7FD0CC0A37FF
008#7FF57FE0830A37FF
001#7FE77FE7AD9997FF
002#811B7FE7AD9997FF
003#8F9D7FE7AD9997FF
004#80168287AD9997FF
005#80067FE0C40A37FF
006#7FF77FE0FD0A37FF
007#800F7FD0CC0A37FF
008#7FF58000830A37FF
001#7FE67FD7AD9997FF
002#811B7FE7AD9997FF
003#8F9D7FD7AD9997FF
004#80238317AD9997FF
005#80057FD0C40A37FF
006#7FF77FD0FD0A37FF
007#800F7FE0CC0A37FF
008#7FF57FD0830A37FF
001#7FE37FA7AD9997FF
002#811B8007AD9997FF
003#8F9D7FE7AD9997FF
004#80328397AD9997FF
005#80057FE0C40A37FF
006#7FF78000FD0A37FF
007#800F7FE0CC0A37FF
008#7FF57FE0830A37FF
001#7FDF7FC7AD9997FF
002#811B7FE7AD9997FF
003#8F9D7FE7AD9997FF
004#80408407AD9997FF
005#80057FE0C40A37FF
006#7FF78000FD0A37FF
007#800F7FD0CC0A37FF
008#7FF57FE0830A37FF
001#7FDF7FE7AD9997FF
002#811B7FE7AD9997FF
003#8F9D7FD7AD9997FF
004#805584E7AD9997FF
005#80038000C40A37FF
006#7FF77FE0FD0A37FF
007#800F7FC0CC0A37FF
008#7FF57FD0830A37FF
001#7FDF7FE7AD9997FF
002#811B7FE7AD9997FF
003#8F9D7FE7AD9997FF
004#806C85C7AD9997FF
005#80038000C40A37FF
006#7FF78000FD0A37FF
007#800F7FD0CC0A37FF
008#7FF57FE0830A37FF
001#7FDF7FD7AD9997FF
002#811B7FE7AD9997FF
003#8F9D7FE7AD9997FF
004#80858637AD9997FF
005#80037FE0C40A37FF
006#7FF77FD0FD0A37FF
007#800F7FE0CC0A37FF
008#7FF57FE0830A37FF
001#7FDB7FB7AD9997FF
002#811B7FE7AD9997FF
003#8F9D7FE7AD9997FF
004#809E8697AD9997FF
005#80037FD0C40A37FF
006#7FF77FD0FD0A37FF
007#800F7FE0CC0A37FF
008#7FF57FD0830A37FF
001#7FDA7FE7AD9997FF
002#811A7FD7AD9997FF
003#8F9D7FE7AD9997FF
004#80BE86F7AD9997FF
005#80037FE0C40A37FF
006#7FF77FE0FD0A37FF
007#800F7FE0CC0A37FF
008#7FF57FD0830A37FF
001#7FDA7FE7AD9997FF
002#811B7FE7AD9997FF
003#8F9D7FE7AD9997FF
004#80DA8777AD9997FF
005#80037FE0C40A37FF
006#7FF77FE0FD0A37FF
007#800F7FE0CC0A37FF
008#7FF57FE0830A37FF
001#7FDA7FE7AD9997FF
002#811B7FE7AD9997FF
003#8F9D7FE7AD9997FF
004#80FA87F7AD9997FF
005#80037FE0C40A37FF
006#7FF77FE0FD0A37FF
007#800F7FE0CC0A37FF
008#7FF57FE0830A37FF
001#7FDA7FE7AD9997FF
002#811B7FE7AD9997FF
003#8F9D7FE7AD9997FF
004#811B8887AD9997FF
005#80038000C40A37FF
006#7FF77FE0FD0A37FF
007#800F7FE0CC0A37FF
008#7FF58000830A37FF
001#7FD87FD7AD9997FF
002#811B7FE7AD9997FF
003#8F9D8007AD9997FF
004#814088E7AD9997FF
005#80037FE0C40A37FF
006#7FF77FE0FD0A37FF
007#800F7FE0CC0A37FF
008#7FF58000830A37FF
001#7FD87FD7AD9997FF
002#811B7FE7AD9997FF
003#8F9D7FE7AD9997FF
004#81638937AD9997FF
005#80038000C40A37FF
006#7FF78000FD0A37FF
007#800F7FD0CC0A37FF
008#7FF57FE0830A37FF
001#7FD77FC7AD9997FF
002#811B7FE7AD9997FF
003#8F9D7FE7AD9997FF
004#818C8957AD9997FF
005#80037FE0C40A37FF
006#7FF77FE0FD0A37FF
007#800F8000CC0A37FF
008#7FF57FE0830A37FF
001#7FD37F97AD9997FF
002#811B7FE7AD9997FF
003#8F9D7FE7AD9997FF
004#81B489B7AD9997FF
005#80037FE0C40A37FF
006#7FF78000FD0A37FF
007#800F7FD0CC0A37FF
008#7FF57FC0830A37FF
001#7FD38007AD9997FF
002#811B7FE7AD9997FF
003#8F9D7FE7AD9997FF
004#81DE8A47AD9997FF
005#80037FE0C40A37FF
006#7FF77FD0FD0A37FF
007#800F7FE0CC0A37FF
008#7FF57FE0830A37FF
001#7FD27FD7AD9997FF
002#811B7FE7AD9997FF
003#8F9D7FE7AD9997FF
004#820C8AA7AD9997FF
005#80037FE0C40A37FF
006#7FF77FD0FD0A37FF
007#800F7FD0CC0A37FF
008#7FF57FD0830A37FF
001#7FD17FE7AD9997FF
002#811B7FE7AD9997FF
003#8F9D7FE7AD9997FF
004#82388A87AD9997FF
005#80037FE0C40A37FF
006#7FF77FE0FD0A37FF
007#800F7FE0CC0A37FF
008#7FF57FE0830A37FF
001#7FCE7FC7AD9997FF
002#811B7FE7AD9997FF
003#8F9D7FE7AD9997FF
004#82638A57AD9997FF
005#80037FE0C40A37FF
006#7FF77FE0FD0A37FF
007#800F7FE0CC0A37FF
008#7FF58000830A37FF
001#7FCB7FC7AD9997FF
002#811B7FE7AD9997FF
003#8F9D7FE7AD9997FF
004#82898A47AD9997FF
005#80027FD0C40A37FF
006#7FF77FE0FD0A37FF
007#800F7FD0CC0A37FF
008#7FF57FE0830A37FF
001#7FCB7FD7AD9997FF
002#811B7FE7AD9997FF
003#8F9D7FE7AD9997FF
004#82B38A97AD9997FF
005#7FFB7EF0C40A37FF
006#7FF77FE0FD0A37FF
007#800F7FE0CC0A37FF
008#7FF57FD0830A37FF
001#7FCB7FE7AD9997FF
002#811B7FE7AD9997FF
003#8F9D7FD7AD9997FF
004#82E58B37AD9997FF
005#7FE87E70C40A37FF
006#7FF77FD0FD0A37FF
007#800F7FD0CC0A37FF
008#7FF57FD0830A37FF
001#7FCB7FE7AD9997FF
002#811B7FE7AD9997FF
003#8F9D7FE7AD9997FF
004#830F8B47AD9997FF
005#7FD87EA0C40A37FF
006#7FF77FD0FD0A37FF
007#800F7FD0CC0A37FF
008#7FF57FE0830A37FF
001#7FCB7FE7AD9997FF
002#811B7FE7AD9997FF
003#8F9D7FD7AD9997FF
004#83428B17AD9997FF
005#7FC57E60C40A37FF
006#7FF77FE0FD0A37FF
007#800F7FD0CC0A37FF
008#7FF57FD0830A37FF
001#7FCB7FE7AD9997FF
002#811C8007AD9997FF
003#8F9D7FE7AD9997FF
004#836B8B57AD9997FF
005#7FB47E50C40A37FF
006#7FF77FE0FD0A37FF
007#800F7FE0CC0A37FF
008#7FF57FE0830A37FF
001#7FCB7FE7AD9997FF
002#811E8007AD9997FF
003#8F9D7FE7AD9997FF
004#839D8BE7AD9997FF
005#7FA77F20C40A37FF
006#7FF78000FD0A37FF
007#800F7FD0CC0A37FF
008#7FF57FD0830A37FF
001#7FCB7FE7AD9997FF
002#811E7FE7AD9997FF
003#8F9D7FE7AD9997FF
004#83CC8C17AD9997FF
005#7FA37FD0C40A37FF
006#7FF77FD0FD0A37FF
007#800F7FE0CC0A37FF
008#7FF57FE0830A37FF
001#7FCB7FE7AD9997FF
002#811E7FD7AD9997FF
003#8F9D7FE7AD9997FF
004#83FF8C67AD9997FF
005#7FA58000C40A37FF
006#7FF78010FD0A37FF
007#800F7FE0CC0A37FF
008#7FF57FE0830A37FF
001#7FCB8007AD9997FF
002#811E7FE7AD9997FF
003#8F9D7FE7AD9997FF
004#84368CB7AD9997FF
005#7FA57FE0C40A37FF
006#7FF77FE0FD0A37FF
007#800F7FE0CC0A37FF
008#7FF57FE0830A37FF
001#7FCB7FE7AD9997FF
002#811E7FE7AD9997FF
003#8F9D7FE7AD9997FF
004#84698CF7AD9997FF
005#7FA57FE0C40A37FF
006#7FF77FE0FD0A37FF
007#800F7FE0CC0A37FF
008#7FF58000830A37FF
001#7FCB7FE7AD9997FF
002#811E7FE7AD9997FF
003#8F9D7FE7AD9997FF
004#84978CC7AD9997FF
005#7FA57FE0C40A37FF
006#7FF77FE0FD0A37FF
007#800F7FD0CC0A37FF
008#7FF57FE0830A37FF
001#7FCB7FE7AD9997FF
002#811E7FE7AD9997FF
003#8F9D7FE7AD9997FF
004#84D18C47AD9997FF
005#7FA57FD0C40A37FF
006#7FF77FE0FD0A37FF
007#800F7FD0CC0A37FF
008#7FF57FE0830A37FF
001#7FCB7FE7AD9997FF
002#811E7FE7AD9997FF
003#8F9D7FD7AD9997FF
004#85018C57AD9997FF
005#7FA58000C40A37FF
006#7FF77FE0FD0A37FF
007#800F7FE0CC0A37FF
008#7FF57FD0830A37FF
001#7FCB7FE7AD9997FF
002#811F8007AD9997FF
003#8F9D7FE7AD9997FF
004#85358CC7AD9997FF
005#7FA57FE0C40A37FF
006#7FF78000FD0A37FF
007#800F7FD0CC0A37FF
008#7FF57FE0830A37FF
001#7FCB7FE7AD9997FF
002#811F7FE7AD9997FF
003#8F9D7FE7AD9997FF
004#856B8CC7AD9997FF
005#7FA58000C40A37FF
006#7FF77FE0FD0A37FF
007#800F7FE0CC0A37FF
008#7FF58000830A37FF
001#7FCB7FE7AD9997FF
002#811F8007AD9997FF
003#8F9D7FE7AD9997FF
004#85A08CD7AD9997FF
005#7FA58000C40A37FF
006#7FF77FE0FD0A37FF
007#800F7FE0CC0A37FF
008#7FF57FE0830A37FF
001#7FCB7FE7AD9997FF
002#81228017AD9997FF
003#8F9D7FE7AD9997FF
004#85D58CD7AD9997FF
005#7FA57FE0C40A37FF
006#7FF78000FD0A37FF
007#800F7FE0CC0A37FF
008#7FF57FE0830A37FF
001#7FCB7FE7AD9997FF
002#81227FE7AD9997FF
003#8F9D8007AD9997FF
004#860A8D07AD9997FF
005#7FA58000C40A37FF
006#7FF77FD0FD0A37FF
007#800F7FD0CC0A37FF
008#7FF58000830A37FF
001#7FCB7FE7AD9997FF
002#81237FE7AD9997FF
003#8F9D7FE7AD9997FF
004#86468D87AD9997FF
005#7FA58000C40A37FF
006#7FF77FE0FD0A37FF
007#800F7FE0CC0A37FF
008#7FF57FE0830A37FF
001#7FCB7FE7AD9997FF
002#81237FD7AD9997FF
003#8F9D7FE7AD9997FF
004#86798DD7AD9997FF
005#7FA57FE0C40A37FF
006#7FF77FE0FD0A37FF
007#800F8000CC0A37FF
008#7FF58000830A37FF
001#7FCB7FE7AD9997FF
002#81237FE7AD9997FF
003#8F9D7FE7AD9997FF
004#86B48E27AD9997FF
005#7FA57FE0C40A37FF
006#7FF77FE0FD0A37FF
007#800F7FE0CC0A37FF
008#7FF57FD0830A37FF
001#7FCB7FE7AD9997FF
002#81237FE7AD9997FF
003#8F9D7FE7AD9997FF
004#86ED8E17AD9997FF
005#7FA57FE0C40A37FF
006#7FF77FE0FD0A37FF
007#800F7FE0CC0A37FF
008#7FF58000830A37FF
001#7FCB7FE7AD9997FF
002#81237FE7AD9997FF
003#8F9D7FE7AD9997FF
004#87268DC7AD9997FF
005#7FA57FE0C40A37FF
006#7FF77FE0FD0A37FF
007#800F7FD0CC0A37FF
008#7FF57FD0830A37FF
001#7FCC7FE7AD9997FF
002#81237FE7AD9997FF
003#8F9D7FE7AD9997FF
004#875F8DF7AD9997FF
005#7FA57FE0C40A37FF
006#7FF77FE0FD0A37FF
007#800F7FE0CC0A37FF
008#7FF57FD0830A37FF
001#7FCC7FE7AD9997FF
002#81237FD7AD9997FF
003#8F9D7FE7AD9997FF
004#87998E37AD9997FF
005#7FA57FE0C40A37FF
006#7FF77FE0FD0A37FF
007#800F7FE0CC0A37FF
008#7FF57FE0830A37FF
001#7FCC7FD7AD9997FF
002#81237FE7AD9997FF
003#8F9D7FE7AD9997FF
004#87D58E37AD9997FF
005#7FA58000C40A37FF
006#7FF77FE0FD0A37FF
007#800F7FD0CC0A37FF
008#7FF57FD0830A37FF
001#7FCC7FE7AD9997FF
002#81237FE7AD9997FF
003#8F9D7FE7AD9997FF
004#880D8DD7AD9997FF
005#7FA57FE0C40A37FF
006#7FF77FE0FD0A37FF
007#800F8000CC0A37FF
008#7FF57FE0830A37FF
001#7FCC8007AD9997FF
002#81238007AD9997FF
003#8F9D7FE7AD9997FF
004#884B8E27AD9997FF
005#7FA58000C40A37FF
006#7FF77FE0FD0A37FF
007#800F7FD0CC0A37FF
008#7FF57FD0830A37FF
001#7FCD8007AD9997FF
002#81237FE7AD9997FF
003#8F9D7FE7AD9997FF
004#88818E37AD9997FF
005#7FA57FE0C40A37FF
006#7FF77FE0FD0A37FF
007#800F7FD0CC0A37FF
008#7FF57FE0830A37FF
001#7FD28047AD9997FF
002#81237FE7AD9997FF
003#8F9D7FE7AD9997FF
004#88BA8DF7AD9997FF
005#7FA57FE0C40A37FF
006#7FF77FE0FD0A37FF
007#800F7FD0CC0A37FF
008#7FF57FE0830A37FF
001#7FD37FE7AD9997FF
002#81237FE7AD9997FF
003#8F9D8007AD9997FF
004#88F58E47AD9997FF
005#7FA77FE0C40A37FF
006#7FF77FD0FD0A37FF
007#800F7FE0CC0A37FF
008#7FF57FE0830A37FF
001#7FD37FE7AD9997FF
002#81237FE7AD9997FF
003#8F9D7FE7AD9997FF
004#89348E57AD9997FF
005#7FA78000C40A37FF
006#7FF87FE0FD0A37FF
007#800F8000CC0A37FF
008#7FF57FE0830A37FF
001#7FD37FE7AD9997FF
002#81237FD7AD9997FF
003#8F9D8007AD9997FF
004#89698E27AD9997FF
005#7FA78000C40A37FF
006#7FF77FD0FD0A37FF
007#800F7FE0CC0A37FF
008#7FF57FE0830A37FF
001#7FD37FE7AD9997FF
002#81237FE7AD9997FF
003#8F9D7FE7AD9997FF
004#89A98DE7AD9997FF
005#7FA77FE0C40A37FF
006#7FF77FE0FD0A37FF
007#800F7FD0CC0A37FF
008#7FF57FD0830A37FF
001#7FD37FE7AD9997FF
002#81237FE7AD9997FF
003#8F9D7FE7AD9997FF
004#89E08DF7AD9997FF
005#7FA77FD0C40A37FF
006#7FF77FE0FD0A37FF
007#800F8000CC0A37FF
008#7FF57FE0830A37FF
001#7FD37FE7AD9997FF
002#81237FE7AD9997FF
003#8F9D7FE7AD9997FF
004#8A1C8E07AD9997FF
005#7FA77FE0C40A37FF
006#7FF78000FD0A37FF
007#800F7FE0CC0A37FF
008#7FF57FE0830A37FF
001#7FD37FE7AD9997FF
002#81237FE7AD9997FF
003#8F9D7FE7AD9997FF
004#8A4F8DB7AD9997FF
005#7FA57FE0C40A37FF
006#7FF77FE0FD0A37FF
007#800F7FE0CC0A37FF
008#7FF58000830A37FF
001#7FD37FE7AD9997FF
002#81247FE7AD9997FF
003#8F9D7FE7AD9997FF
004#8A8E8E07AD9997FF
005#7FA58000C40A37FF
006#7FF77FE0FD0A37FF
007#800F7FE0CC0A37FF
008#7FF57FE0830A37FF
001#7FD37FE7AD9997FF
002#81237FE7AD9997FF
003#8F9D7FE7AD9997FF
004#8AC18E17AD9997FF
005#7FA57FD0C40A37FF
006#7FF77FD0FD0A37FF
007#800F7FE0CC0A37FF
008#7FF58000830A37FF
001#7FD37FE7AD9997FF
002#81237FE7AD9997FF
003#8F9D7FE7AD9997FF
004#8AFA8DC7AD9997FF
005#7FA57FE0C40A37FF
006#7FF78000FD0A37FF
007#800F7FE0CC0A37FF
008#7FF57FE0830A37FF
001#7FD37FE7AD9997FF
002#81237FE7AD9997FF
003#8F9D7FE7AD9997FF
004#8B368DA7AD9997FF
005#7FA57FD0C40A37FF
006#7FF77FD0FD0A37FF
007#800F7FE0CC0A37FF
008#7FF57FE0830A37FF
001#7FD37FE7AD9997FF
002#81237FE7AD9997FF
003#8F9D7FE7AD9997FF
004#8B6C8DC7AD9997FF
005#7FA57FD0C40A37FF
006#7FF77FD0FD0A37FF
007#800F8000CC0A37FF
008#7FF57FD0830A37FF
001#7FD37FE7AD9997FF
002#81237FE7AD9997FF
003#8F9D7FE7AD9997FF
004#8BA78DC7AD9997FF
005#7FA57FE0C40A37FF
006#7FF78000FD0A37FF
007#800F7FE0CC0A37FF
008#7FF57FD0830A37FF
001#7FD27FE7AD9997FF
002#81237FE7AD9997FF
003#8F9D7FE7AD9997FF
004#8BDB8D97AD9997FF
005#7FA57FE0C40A37FF
006#7FF77FD0FD0A37FF
007#800F7FE0CC0A37FF
008#7FF57FE0830A37FF
001#7FD27FE7AD9997FF
002#81237FE7AD9997FF
003#8F9D8007AD9997FF
004#8C148DF7AD9997FF
005#7FA57FE0C40A37FF
006#7FF77FD0FD0A37FF
007#800F7FD0CC0A37FF
008#7FF57FE0830A37FF
001#7FD27FE7AD9997FF
002#81237FE7AD9997FF
003#8F9D7FE7AD9997FF
004#8C4E8DB7AD9997FF
005#7FA58000C40A37FF
006#7FF78000FD0A37FF
007#800F8000CC0A37FF
008#7FF58000830A37FF
001#7FD28007AD9997FF
002#81237FE7AD9997FF
003#8F9D7FD7AD9997FF
004#8C868D47AD9997FF
005#7FA57FE0C40A37FF
006#7FF78000FD0A37FF
007#800F7FE0CC0A37FF
008#7FF57FD0830A37FF
001#7FD27FE7AD9997FF
002#81237FE7AD9997FF
003#8F9D7FE7AD9997FF
004#8CBA8D57AD9997FF
005#7FA57FD0C40A37FF
006#7FF77FE0FD0A37FF
007#800F7FE0CC0A37FF
008#7FF57FE0830A37FF
001#7FD37FE7AD9997FF
002#81238007AD9997FF
003#8F9D7FE7AD9997FF
004#8CF38D27AD9997FF
005#7FA58000C40A37FF
006#7FF77FD0FD0A37FF
007#800F8000CC0A37FF
008#7FF58000830A37FF
001#7FD27FE7AD9997FF
002#81237FE7AD9997FF
003#8F9D7FE7AD9997FF
004#8D268CF7AD9997FF
005#7FA57FE0C40A37FF
006#7FF77FE0FD0A37FF
007#800F7FE0CC0A37FF
008#7FF57FE0830A37FF
001#7FD27FE7AD9997FF
002#81237FE7AD9997FF
003#8F9D7FE7AD9997FF
004#8D598CA7AD9997FF
005#7FA57FE0C40A37FF
006#7FF77FE0FD0A37FF
007#800F7FD0CC0A37FF
008#7FF57FE0830A37FF
001#7FD27FE7AD9997FF
002#81237FE7AD9997FF
003#8F9D7FE7AD9997FF
004#8D8F8CB7AD9997FF
005#7FA57FE0C40A37FF
006#7FF77FE0FD0A37FF
007#800F7FD0CC0A37FF
008#7FF57FE0830A37FF
001#7FD27FE7AD9997FF
002#81237FE7AD9997FF
003#8F9D7FE7AD9997FF
004#8DC38CA7AD9997FF
005#7FA58000C40A37FF
006#7FF77FD0FD0A37FF
007#800F8000CC0A37FF
008#7FF58000830A37FF
001#7FD27FE7AD9997FF
002#81237FE7AD9997FF
003#8F9D7FE7AD9997FF
004#8DF68C47AD9997FF
005#7FA57FE0C40A37FF
006#7FF78000FD0A37FF
007#800F7FE0CC0A37FF
008#7FF57FD0830A37FF
001#7FD27FE7AD9997FF
002#81237FE7AD9997FF
003#8F9D7FE7AD9997FF
004#8E288C37AD9997FF
005#7FA57FE0C40A37FF
006#7FF77FE0FD0A37FF
007#800F7FD0CC0A37FF
008#7FF57FE0830A37FF
001#7FD27FE7AD9997FF
002#81237FE7AD9997FF
003#8F9D7FE7AD9997FF
004#8E608C57AD9997FF
005#7FA57FE0C40A37FF
006#7FF77FE0FD0A37FF
007#800F7FE0CC0A37FF
008#7FF58000830A37FF
001#7FD27FE7AD9997FF
002#81237FE7AD9997FF
003#8F9D7FE7AD9997FF
004#8E908C27AD9997FF
005#7FA57FE0C40A37FF
006#7FF77FD0FD0A37FF
007#800F8000CC0A37FF
008#7FF57FE0830A37FF
001#7FD37FE7AD9997FF
002#81237FE7AD9997FF
003#8F9D7FE7AD9997FF
004#8EBE8BC7AD9997FF
005#7FA57FE0C40A37FF
006#7FF77FE0FD0A37FF
007#800F7FD0CC0A37FF
008#7FF58000830A37FF
001#7FD27FE7AD9997FF
002#81237FE7AD9997FF
003#8F9D7FD7AD9997FF
004#8EED8B77AD9997FF
005#7FA57FE0C40A37FF
006#7FF77FE0FD0A37FF
007#800F8000CC0A37FF
008#7FF57FD0830A37FF
001#7FD37FE7AD9997FF
002#81237FE7AD9997FF
003#8F9D7FE7AD9997FF
004#8F1C8B77AD9997FF
005#7FA57FE0C40A37FF
006#7FF78000FD0A37FF
007#800F7FE0CC0A37FF
008#7FF57FE0830A37FF
001#7FD37FE7AD9997FF
002#81237FE7AD9997FF
003#8F9D7FD7AD9997FF
004#8F498B17AD9997FF
005#7FA58000C40A37FF
006#7FF77FE0FD0A37FF
007#800F7FE0CC0A37FF
008#7FF58000830A37FF
001#7FD37FE7AD9997FF
002#81237FE7AD9997FF
003#8F9D7FE7AD9997FF
004#8F748A57AD9997FF
005#7FA57FE0C40A37FF
006#7FF77FE0FD0A37FF
007#800F7FE0CC0A37FF
008#7FF58000830A37FF
001#7FD37FE7AD9997FF
002#81237FE7AD9997FF
003#8F9D7FE7AD9997FF
004#8FA089A7AD9997FF
005#7FA57FE0C40A37FF
006#7FF77FE0FD0A37FF
007#800F7FD0CC0A37FF
008#7FF58000830A37FF
001#7FD37FE7AD9997FF
002#81237FE7AD9997FF
003#8F9D7FD7AD9997FF
004#8FC489A7AD9997FF
005#7FA58000C40A37FF
006#7FF77FD0FD0A37FF
007#800F8000CC0A37FF
008#7FF57FE0830A37FF
001#7FD37FE7AD9997FF
002#81237FD7AD9997FF
003#8F9D7FE7AD9997FF
004#8FEB8957AD9997FF
005#7FA57FE0C40A37FF
006#7FF77FE0FD0A37FF
007#800F8000CC0A37FF
008#7FF57FD0830A37FF
001#7FD37FE7AD9997FF
002#81237FE7AD9997FF
003#8F9D7FE7AD9997FF
004#901188B7AD9997FF
005#7FA57FE0C40A37FF
006#7FF77FE0FD0A37FF
007#800F7FE0CC0A37FF
008#7FF57FE0830A37FF
001#7FD37FE7AD9997FF
002#81237FE7AD9997FF
003#8F9D7FE7AD9997FF
004#903187E7AD9997FF
005#7FA57FD0C40A37FF
006#7FF77FE0FD0A37FF
007#800F7FE0CC0A37FF
008#7FF58000830A37FF
001#7FD27FE7AD9997FF
002#81237FE7AD9997FF
003#8F9D7FE7AD9997FF
004#90518757AD9997FF
005#7FA57FD0C40A37FF
006#7FF77FE0FD0A37FF
007#800F7FE0CC0A37FF
008#7FF57FE0830A37FF
001#7FD37FE7AD9997FF
002#81237FE7AD9997FF
003#8F9D7FE7AD9997FF
004#906D86F7AD9997FF
005#7FA58000C40A37FF
006#7FF78000FD0A37FF
007#800F7FE0CC0A37FF
008#7FF57FE0830A37FF
001#7FD38007AD9997FF
002#81237FE7AD9997FF
003#8F9D7FD7AD9997FF
004#90898657AD9997FF
005#7FA57FE0C40A37FF
006#7FF77FE0FD0A37FF
007#800F7FD0CC0A37FF
008#7FF58000830A37FF
001#7FD37FE7AD9997FF
002#81238007AD9997FF
003#8F9D7FE7AD9997FF
004#90A185B7AD9997FF
005#7FA57FE0C40A37FF
006#7FF77FE0FD0A37FF
007#800F7FD0CC0A37FF
008#7FF57FE0830A37FF
001#7FD27FD7AD9997FF
002#81237FE7AD9997FF
003#8F9D7FE7AD9997FF
004#90B38457AD9997FF
005#7FA57FE0C40A37FF
006#7FF77FD0FD0A37FF
007#800F7FD0CC0A37FF
008#7FF57FE0830A37FF
001#7FD37FE7AD9997FF
002#81237FE7AD9997FF
003#8F9D7FE7AD9997FF
004#90C483F7AD9997FF
005#7FA57FE0C40A37FF
006#7FF77FD0FD0A37FF
007#800F7FD0CC0A37FF
008#7FF58000830A37FF
001#7FD37FE7AD9997FF
002#81237FE7AD9997FF
003#8F9D7FE7AD9997FF
004#90D08327AD9997FF
005#7FA57FD0C40A37FF
006#7FF77FE0FD0A37FF
007#800F7FE0CC0A37FF
008#7FF57FE0830A37FF
001#7FD37FE7AD9997FF
002#81237FE7AD9997FF
003#8F9D7FE7AD9997FF
004#90DD82B7AD9997FF
005#7FA57FD0C40A37FF
006#7FF77FE0FD0A37FF
007#800F8000CC0A37FF
008#7FF57FE0830A37FF
001#7FD37FE7AD9997FF
002#81237FE7AD9997FF
003#8F9D7FD7AD9997FF
004#90E78247AD9997FF
005#7FA57FD0C40A37FF
006#7FF77FE0FD0A37FF
007#800F7FD0CC0A37FF
008#7FF57FD0830A37FF
001#7FD37FE7AD9997FF
002#81237FE7AD9997FF
003#8F9D8007AD9997FF
004#90F28247AD9997FF
005#7FA57FE0C40A37FF
006#7FF78000FD0A37FF
007#800F7FE0CC0A37FF
008#7FF57FE0830A37FF
001#7FD27FE7AD9997FF
002#81237FD7AD9997FF
003#8F9D7FE7AD9997FF
004#90F68127AD9997FF
005#7FA57FE0C40A37FF
006#7FF77FE0FD0A37FF
007#800F8000CC0A37FF
008#7FF57FE0830A37FF
001#7FD37FE7AD9997FF
002#81238007AD9997FF
003#8F9D7FE7AD9997FF
004#90F78007AD9997FF
005#7FA58000C40A37FF
006#7FF77FE0FD0A37FF
007#800F8000CC0A37FF
008#7FF58000830A37FF
001#7FD37FE7AD9997FF
002#81248007AD9997FF
003#8F9D7FE7AD9997FF
004#90F67FE7AD9997FF
005#7FA57FE0C40A37FF
006#7FF77FD0FD0A37FF
007#800F7FE0CC0A37FF
008#7FF58000830A37FF
001#7FD37FE7AD9997FF
002#81237FD7AD9997FF
003#8F9D8007AD9997FF
004#90F67FE7AD9997FF
005#7FA57FE0C40A37FF
006#7FF77FE0FD0A37FF
007#800F8000CC0A37FF
008#7FF57FE0830A37FF
001#7FD37FE7AD9997FF
002#81227FE7AD9997FF
003#8F9D7FE7AD9997FF
004#90F67FE7AD9997FF
005#7FA57FD0C40A37FF
006#7FF77FE0FD0A37FF
007#800F7FD0CC0A37FF
008#7FF57FE0830A37FF
001#7FD37FE7AD9997FF
002#81227FD7AD9997FF
003#8F9D7FE7AD9997FF
004#90F67FE7AD9997FF
005#7FA58000C40A37FF
006#7FF77FE0FD0A37FF
007#800F7FE0CC0A37FF
008#7FF57FD0830A37FF
001#7FD37FE7AD9997FF
002#81207FE7AD9997FF
003#8F9D7FE7AD9997FF
004#90F67FE7AD9997FF
005#7FA57FE0C40A37FF
006#7FF77FE0FD0A37FF
007#800F8000CC0A37FF
008#7FF57FE0830A37FF
001#7FD37FE7AD9997FF
002#81207FE7AD9997FF
003#8F9D7FE7AD9997FF
004#90F67FD7AD9997FF
005#7FA57FD0C40A37FF
006#7FF78000FD0A37FF
007#800F7FE0CC0A37FF
008#7FF57FC0830A37FF
001#7FD37FE7AD9997FF
002#81228007AD9997FF
003#8F9D7FE7AD9997FF
004#90F67FD7AD9997FF
005#7FA57FE0C40A37FF
006#7FF77FE0FD0A37FF
007#800F7FE0CC0A37FF
008#7FF57FE0830A37FF
001#7FD37FE7AD9997FF
002#81227FE7AD9997FF
003#8F9D7FD7AD9997FF
004#90F68007AD9997FF
005#7FA57FE0C40A37FF
006#7FF77FE0FD0A37FF
007#800F7FD0CC0A37FF
008#7FF58000830A37FF
001#7FD27FE7AD9997FF
002#81227FE7AD9997FF
003#8F9D7FE7AD9997FF
004#90F67FE7AD9997FF
005#7FA57FD0C40A37FF
006#7FF77FE0FD0A37FF
007#800F7FE0CC0A37FF
008#7FF57FE0830A37FF
001#7FD37FE7AD9997FF
002#81227FE7AD9997FF
003#8F9D7FE7AD9997FF
004#90F67FE7AD9997FF
005#7FA58000C40A37FF
006#7FF77FE0FD0A37FF
007#800F7FE0CC0A37FF
008#7FF58000830A37FF
001#7FD37FE7AD9997FF
002#81227FD7AD9997FF
003#8F9D7FE7AD9997FF
004#90F67FD7AD9997FF
005#7FA57FE0C40A37FF
006#7FF77FE0FD0A37FF
007#800F7FE0CC0A37FF
008#7FF58000830A37FF
001#7FD37FE7AD9997FF
002#81227FE7AD9997FF
003#8F9D7FE7AD9997FF
004#90F67FE7AD9997FF
005#7FA57FE0C40A37FF
006#7FF77FE0FD0A37FF
007#800F7FE0CC0A37FF
008#7FF57FE0830A37FF
001#7FD37FE7AD9997FF
002#81227FE7AD9997FF
003#8F9D7FE7AD9997FF
004#90F67FE7AD9997FF
005#7FA57FE0C40A37FF
006#7FF77FD0FD0A37FF
007#800F7FE0CC0A37FF
008#7FF57FE0830A37FF
001#7FD37FE7AD9997FF
002#81237FE7AD9997FF
003#8F9D7FE7AD9997FF
004#90F67FE7AD9997FF
005#7FA58000C40A37FF
006#7FF77FE0FD0A37FF
007#800F8000CC0A37FF
008#7FF57FD0830A37FF
001#7FD37FE7AD9997FF
002#81237FE7AD9997FF
003#8F9D7FE7AD9997FF
004#90F67FE7AD9997FF
005#7FA58000C40A37FF
006#7FF77FD0FD0A37FF
007#800F7FD0CC0A37FF
008#7FF57FE0830A37FF
001#7FD37FE7AD9997FF
002#81227FD7AD9997FF
003#8F9D7FE7AD9997FF
004#90F67FE7AD9997FF
005#7FA57FE0C40A37FF
006#7FF77FE0FD0A37FF
007#800F7FE0CC0A37FF
008#7FF57FD0830A37FF
001#7FD37FE7AD9997FF
002#81227FD7AD9997FF
003#8F9D8007AD9997FF
004#90F67FE7AD9997FF
005#7FA57FE0C40A37FF
006#7FF77FD0FD0A37FF
007#800F7FE0CC0A37FF
008#7FF57FE0830A37FF
001#7FD37FE7AD9997FF
002#81207FD7AD9997FF
003#8F9D7FD7AD9997FF
004#90F68007AD9997FF
005#7FA57FE0C40A37FF
006#7FF77FE0FD0A37FF
007#800F7FD0CC0A37FF
008#7FF57FD0830A37FF
001#7FD37FE7AD9997FF
002#81207FD7AD9997FF
003#8F9D7FE7AD9997FF
004#90F67FE7AD9997FF
005#7FA58000C40A37FF
006#7FF77FE0FD0A37FF
007#800F7FD0CC0A37FF
008#7FF57FE0830A37FF
001#7FD37FE7AD9997FF
002#81208007AD9997FF
003#8F9D7FD7AD9997FF
004#90F67FE7AD9997FF
005#7FA57FE0C40A37FF
006#7FF77FE0FD0A37FF
007#800F7FD0CC0A37FF
008#7FF57FE0830A37FF
001#7FD37FE7AD9997FF
002#81207FE7AD9997FF
003#8F9D7FE7AD9997FF
004#90F67FE7AD9997FF
005#7FA58000C40A37FF
006#7FF77FE0FD0A37FF
007#800F7FE0CC0A37FF
008#7FF57FE0830A37FF
001#7FD37FE7AD9997FF
002#81208007AD9997FF
003#8F9D7FE7AD9997FF
004#90F67FD7AD9997FF
005#7FA57FE0C40A37FF
006#7FF77FD0FD0A37FF
007#800F7FE0CC0A37FF
008#7FF58000830A37FF
001#7FD37FE7AD9997FF
002#81207FE7AD9997FF
003#8F9D7FD7AD9997FF
004#90F67FE7AD9997FF
005#7FA57FE0C40A37FF
006#7FF78000FD0A37FF
007#800F7FE0CC0A37FF
008#7FF57FE0830A37FF
001#7FD37FE7AD9997FF
002#81207FD7AD9997FF
003#8F9D7FD7AD9997FF
004#90F67FE7AD9997FF
005#7FA57FE0C40A37FF
006#7FF77FE0FD0A37FF
007#800F7FE0CC0A37FF
008#7FF57FE0830A37FF
001#7FD38007AD9997FF
002#811F7FD7AD9997FF
003#8F9D7FE7AD9997FF
004#90F67FE7AD9997FF
005#7FA58000C40A37FF
006#7FF77FE0FD0A37FF
007#800F7FE0CC0A37FF
008#7FF57FE0830A37FF
001#7FD37FE7AD9997FF
002#811F7FE7AD9997FF
003#8F9D7FE7AD9997FF
004#90F67FE7AD9997FF
005#7FA57FE0C40A37FF
006#7FF77FE0FD0A37FF
007#800F7FE0CC0A37FF
008#7FF57FD0830A37FF
001#7FD37FE7AD9997FF
002#811F7FE7AD9997FF
003#8F9D7FE7AD9997FF
004#90F67FE7AD9997FF
005#7FA57FE0C40A37FF
006#7FF77FE0FD0A37FF
007#800F7FE0CC0A37FF
008#7FF57FE0830A37FF
001#7FD37FE7AD9997FF
002#811F7FE7AD9997FF
003#8F9C7FD7AD9997FF
004#90F68007AD9997FF
005#7FA57FE0C40A37FF
006#7FF87FE0FD0A37FF
007#800F7FD0CC0A37FF
008#7FF57FE0830A37FF
001#7FD37FE7AD9997FF
002#811F7FE7AD9997FF
003#8F9D8007AD9997FF
004#90F67FE7AD9997FF
005#7FA57FE0C40A37FF
006#7FF77FE0FD0A37FF
007#800F7FE0CC0A37FF
008#7FF57FD0830A37FF
001#7FD37FE7AD9997FF
002#811F7FE7AD9997FF
003#8F9D7FD7AD9997FF
004#90F67FE7AD9997FF
005#7FA57FE0C40A37FF
006#7FF88000FD0A37FF
007#800F8000CC0A37FF
008#7FF57FE0830A37FF
001#7FD37FE7AD9997FF
002#811F7FE7AD9997FF
003#8F9D7FE7AD9997FF
004#90F67FE7AD9997FF
005#7FA58000C40A37FF
006#7FF87FE0FD0A37FF
007#800F8000CC0A37FF
008#7FF57FE0830A37FF
001#7FD37FE7AD9997FF
002#811F7FE7AD9997FF
003#8F9D7FE7AD9997FF
004#90F68007AD9997FF
005#7FA57FE0C40A37FF
006#7FF77FE0FD0A37FF
007#800F8000CC0A37FF
008#7FF57FE0830A37FF
001#7FD37FE7AD9997FF
002#811F7FE7AD9997FF
003#8F9D7FE7AD9997FF
004#90F67FE7AD9997FF
005#7FA57FD0C40A37FF
006#7FF77FE0FD0A37FF
007#800F8000CC0A37FF
008#7FF58000830A37FF
001#7FD37FE7AD9997FF
002#811F7FD7AD9997FF
003#8F9D7FE7AD9997FF
004#90F67FE7AD9997FF
005#7FA57FE0C40A37FF
006#7FF78000FD0A37FF
007#800F7FE0CC0A37FF
008#7FF57FD0830A37FF
001#7FD37FE7AD9997FF
002#811F8007AD9997FF
003#8F9D7FE7AD9997FF
004#90F67FE7AD9997FF
005#7FA58000C40A37FF
006#7FF77FD0FD0A37FF
007#800F7FE0CC0A37FF
008#7FF57FE0830A37FF
001#7FD37FE7AD9997FF
002#811F7FD7AD9997FF
003#8F9D7FE7AD9997FF
004#90F67FD7AD9997FF
005#7FA57FE0C40A37FF
006#7FF78000FD0A37FF
007#800F7FD0CC0A37FF
008#7FF57FC0830A37FF
001#7FD37FE7AD9997FF
002#811E7FD7AD9997FF
003#8F9D7FE7AD9997FF
004#90F67FE7AD9997FF
005#7FA58000C40A37FF
006#7FF77FE0FD0A37FF
007#800F7FE0CC0A37FF
008#7FF57FD0830A37FF
001#7FD37FE7AD9997FF
002#811C7FD7AD9997FF
003#8F9D7FD7AD9997FF
004#90F67FE7AD9997FF
005#7FA57FE0C40A37FF
006#7FF77FE0FD0A37FF
007#800F7FE0CC0A37FF
008#7FF57FD0830A37FF
001#7FD37FE7AD9997FF
002#811B7FD7AD9997FF
003#8F9D7FD7AD9997FF
004#90F68007AD9997FF
005#7FA57FE0C40A37FF
006#7FF78000FD0A37FF
007#800F7FE0CC0A37FF
008#7FF57FE0830A37FF
001#7FD37FE7AD9997FF
002#811B7FE7AD9997FF
003#8F9D7FE7AD9997FF
004#90F67FE7AD9997FF
005#7FA57FD0C40A37FF
006#7FF77FE0FD0A37FF
007#800F7FE0CC0A37FF
008#7FF57FE0830A37FF
001#7FD37FE7AD9997FF
002#811A7FE7AD9997FF
003#8F9D7FE7AD9997FF
004#90F68007AD9997FF
005#7FA57FD0C40A37FF
006#7FF77FE0FD0A37FF
007#800F7FE0CC0A37FF
008#7FF58000830A37FF
001#7FD37FE7AD9997FF
002#811A7FE7AD9997FF
003#8F9D8007AD9997FF
004#90F67FE7AD9997FF
005#7FA57FE0C40A37FF
006#7FF77FD0FD0A37FF
007#800F7FD0CC0A37FF
008#7FF57FD0830A37FF
001#7FD37FE7AD9997FF
002#811B8007AD9997FF
003#8F9D7FE7AD9997FF
004#90F68007AD9997FF
005#7FA58000C40A37FF
006#7FF78000FD0A37FF
007#800F7FE0CC0A37FF
008#7FF58000830A37FF
001#7FD37FE7AD9997FF
002#811B7FE7AD9997FF
003#8F9D7FE7AD9997FF
004#90F68007AD9997FF
005#7FA57FD0C40A37FF
006#7FF78000FD0A37FF
007#800F8000CC0A37FF
008#7FF57FE0830A37FF
001#7FD37FE7AD9997FF
002#811B7FE7AD9997FF
003#8F9D7FE7AD9997FF
004#90F68007AD9997FF
005#7FA57FE0C40A37FF
006#7FF77FE0FD0A37FF
007#800F7FE0CC0A37FF
008#7FF57FE0830A37FF
001#7FD37FE7AD9997FF
002#811B7FE7AD9997FF
003#8F9D7FE7AD9997FF
004#90F67FE7AD9997FF
005#7FA58000C40A37FF
006#7FF78000FD0A37FF
007#800F7FE0CC0A37FF
008#7FF58010830A37FF
001#7FD37FE7AD9997FF
002#811B8007AD9997FF
003#8F9D7FE7AD9997FF
004#90F67FE7AD9997FF
005#7FA57FE0C40A37FF
006#7FF78000FD0A37FF
007#800F7FD0CC0A37FF
008#7FF57FE0830A37FF
001#7FD37FE7AD9997FF
002#811A7FE7AD9997FF
003#8F9D7FE7AD9997FF
004#90F67FE7AD9997FF
005#7FA57FD0C40A37FF
006#7FF77FE0FD0A37FF
007#800F7FE0CC0A37FF
008#7FF57FE0830A37FF
001#7FD37FE7AD9997FF
002#811B7FE7AD9997FF
003#8F9D7FD7AD9997FF
004#90F68007AD9997FF
005#7FA58010C40A37FF
006#7FF77FE0FD0A37FF
007#800F7FE0CC0A37FF
008#7FF57FE0830A37FF
001#7FD37FE7AD9997FF
002#811B7FE7AD9997FF
003#8F9D7FE7AD9997FF
004#90F68007AD9997FF
005#7FA57FE0C40A37FF
006#7FF88000FD0A37FF
007#800F7FE0CC0A37FF
008#7FF58000830A37FF
001#7FD37FE7AD9997FF
002#811B7FE7AD9997FF
003#8F9D7FE7AD9997FF
004#90F67FE7AD9997FF
005#7FA57FD0C40A37FF
006#7FF77FE0FD0A37FF
007#800F7FE0CC0A37FF
008#7FF57FE0830A37FF
001#7FD27FD7AD9997FF
002#811B7FE7AD9997FF
003#8F9D7FE7AD9997FF
004#90F68007AD9997FF
005#7FA57FE0C40A37FF
006#7FF77FE0FD0A37FF
007#800F7FE0CC0A37FF
008#7FF57FD0830A37FF
001#7FD37FE7AD9997FF
002#811B7FE7AD9997FF
003#8F9D7FE7AD9997FF
004#90F67FE7AD9997FF
005#7FA57FD0C40A37FF
006#7FF77FD0FD0A37FF
007#800F7FE0CC0A37FF
008#7FF58000830A37FF
001#7FD37FE7AD9997FF
002#811B8007AD9997FF
003#8F9D7FE7AD9997FF
004#90F67FE7AD9997FF
005#7FA57FE0C40A37FF
006#7FF77FE0FD0A37FF
007#800F7FE0CC0A37FF
008#7FF57FE0830A37FF
001#7FD37FE7AD9997FF
002#811B7FE7AD9997FF
003#8F9D7FE7AD9997FF
004#90F67FD7AD9997FF
005#7FA58000C40A37FF
006#7FF77FE0FD0A37FF
007#800F8000CC0A37FF
008#7FF58000830A37FF
001#7FD38007AD9997FF
002#811C7FE7AD9997FF
003#8F9D7FE7AD9997FF
004#90F67FE7AD9997FF
005#7FA57FE0C40A37FF
006#7FF77FD0FD0A37FF
007#80118000CC0A37FF
008#7FF57FE0830A37FF
001#7FD37FE7AD9997FF
002#811C7FE7AD9997FF
003#8F9C7FE7AD9997FF
004#90F67FE7AD9997FF
005#7FA57FE0C40A37FF
006#7FF77FE0FD0A37FF
007#80168080CC0A37FF
008#7FF58000830A37FF
001#7FD37FE7AD9997FF
002#811C7FD7AD9997FF
003#8F9C7FD7AD9997FF
004#90F67FE7AD9997FF
005#7FA57FE0C40A37FF
006#7FF88000FD0A37FF
007#80238140CC0A37FF
008#7FF57FE0830A37FF
001#7FD37FE7AD9997FF
002#811B7FE7AD9997FF
003#8F9D8007AD9997FF
004#90F68007AD9997FF
005#7FA58000C40A37FF
006#7FF87FE0FD0A37FF
007#80338130CC0A37FF
008#7FF58000830A37FF
001#7FD37FE7AD9997FF
002#811C7FE7AD9997FF
003#8F9D8007AD9997FF
004#90F67FE7AD9997FF
005#7FA57FE0C40A37FF
006#7FF87FE0FD0A37FF
007#80428160CC0A37FF
008#7FF57FE0830A37FF
001#7FD37FE7AD9997FF
002#811C7FE7AD9997FF
003#8F9D7FE7AD9997FF
004#90F67FE7AD9997FF
005#7FA58000C40A37FF
006#7FF88000FD0A37FF
007#805C8270CC0A37FF
008#7FF57FE0830A37FF
001#7FD37FE7AD9997FF
002#811C7FE7AD9997FF
003#8F9D7FD7AD9997FF
004#90F67FE7AD9997FF
005#7FA58010C40A37FF
006#7FF77FD0FD0A37FF
007#808783A0CC0A37FF
008#7FF58000830A37FF
001#7FD37FE7AD9997FF
002#811C7FE7AD9997FF
003#8F9D7FE7AD9997FF
004#90F67FE7AD9997FF
005#7FA58000C40A37FF
006#7FF78000FD0A37FF
007#80B38370CC0A37FF
008#7FF57FE0830A37FF
001#7FD37FE7AD9997FF
002#811C7FE7AD9997FF
003#8F9D7FE7AD9997FF
004#90F67FE7AD9997FF
005#7FA58000C40A37FF
006#7FF77FD0FD0A37FF
007#80DB8300CC0A37FF
008#7FF57FE0830A37FF
001#7FD37FE7AD9997FF
002#811C7FD7AD9997FF
003#8F9D7FD7AD9997FF
004#90F67FE7AD9997FF
005#7FA57FE0C40A37FF
006#7FF77FD0FD0A37FF
007#81078380CC0A37FF
008#7FF58000830A37FF
001#7FD37FE7AD9997FF
002#811C7FE7AD9997FF
003#8F9D8007AD9997FF
004#90F67FD7AD9997FF
005#7FA57FE0C40A37FF
006#7FF77FD0FD0A37FF
007#813783D0CC0A37FF
008#7FF58000830A37FF
001#7FD37FE7AD9997FF
002#811C7FD7AD9997FF
003#8F9D7FE7AD9997FF
004#90F67FE7AD9997FF
005#7FA57FE0C40A37FF
006#7FF77FE0FD0A37FF
007#815E8360CC0A37FF
008#7FF57FD0830A37FF
001#7FD37FE7AD9997FF
002#811C7FE7AD9997FF
003#8F9D7FE7AD9997FF
004#90F68007AD9997FF
005#7FA57FE0C40A37FF
006#7FF77FE0FD0A37FF
007#818E83D0CC0A37FF
008#7FF57FE0830A37FF
001#7FD37FE7AD9997FF
002#811C8007AD9997FF
003#8F9D7FE7AD9997FF
004#90F67FD7AD9997FF
005#7FA57FD0C40A37FF
006#7FF78000FD0A37FF
007#81BF8420CC0A37FF
008#7FF57FD0830A37FF
001#7FD37FE7AD9997FF
002#811C7FE7AD9997FF
003#8F9D8007AD9997FF
004#90F67FE7AD9997FF
005#7FA57FD0C40A37FF
006#7FF77FE0FD0A37FF
007#81F083B0CC0A37FF
008#7FF57FD0830A37FF
001#7FD38007AD9997FF
002#811C8007AD9997FF
003#8F9D7FE7AD9997FF
004#90F67FE7AD9997FF
005#7FA58000C40A37FF
006#7FF88010FD0A37FF
007#82208390CC0A37FF
008#7FF57FE0830A37FF
001#7FD37FE7AD9997FF
002#811C8007AD9997FF
003#8F9D8007AD9997FF
004#90F67FE7AD9997FF
005#7FA57FE0C40A37FF
006#7FF78000FD0A37FF
007#82498400CC0A37FF
008#7FF57FD0830A37FF
001#7FD37FE7AD9997FF
002#811E8007AD9997FF
003#8F9D7FE7AD9997FF
004#90F67FE7AD9997FF
005#7FA57FE0C40A37FF
006#7FF77FD0FD0A37FF
007#827C84A0CC0A37FF
008#7FF57FD0830A37FF
001#7FD37FE7AD9997FF
002#81208017AD9997FF
003#8F9D7FE7AD9997FF
004#90F67FE7AD9997FF
005#7FA78000C40A37FF
006#7FF78000FD0A37FF
007#82BC8500CC0A37FF
008#7FF57FE0830A37FF
001#7FD37FE7AD9997FF
002#81228007AD9997FF
003#8F9D7FD7AD9997FF
004#90F67FE7AD9997FF
005#7FA57FE0C40A37FF
006#7FF78000FD0A37FF
007#830985E0CC0A37FF
008#7FF58000830A37FF
001#7FD37FE7AD9997FF
002#81228007AD9997FF
003#8F9D7FE7AD9997FF
004#90F67FE7AD9997FF
005#7FA78010C40A37FF
006#7FF77FE0FD0A37FF
007#835886D0CC0A37FF
008#7FF57FD0830A37FF
001#7FD37FE7AD9997FF
002#81227FE7AD9997FF
003#8F9D7FE7AD9997FF
004#90F67FE7AD9997FF
005#7FAB8050C40A37FF
006#7FF77FE0FD0A37FF
007#83BC8830CC0A37FF
008#7FF57FE0830A37FF
001#7FD37FE7AD9997FF
002#81237FE7AD9997FF
003#8F9D7FD7AD9997FF
004#90F67FE7AD9997FF
005#7FB480A0C40A37FF
006#7FF77FE0FD0A37FF
007#842A8960CC0A37FF
008#7FF57FD0830A37FF
001#7FD37FE7AD9997FF
002#81237FE7AD9997FF
003#8F9D8007AD9997FF
004#90F67FE7AD9997FF
005#7FC180E0C40A37FF
006#7FF67FD0FD0A37FF
007#84AA8AA0CC0A37FF
008#7FF57FD0830A37FF
001#7FD38007AD9997FF
002#81237FE7AD9997FF
003#8F9D7FE7AD9997FF
004#90F67FE7AD9997FF
005#7FC47FE0C40A37FF
006#7FF78000FD0A37FF
007#85398BA0CC0A37FF
008#7FF57FE0830A37FF
001#7FD37FE7AD9997FF
002#81238007AD9997FF
003#8F9D7FD7AD9997FF
004#90F67FE7AD9997FF
005#7FC37FC0C40A37FF
006#7FF77FE0FD0A37FF
007#85CF8C70CC0A37FF
008#7FF57FD0830A37FF
001#7FD37FE7AD9997FF
002#81237FE7AD9997FF
003#8F9D7FE7AD9997FF
004#90F67FE7AD9997FF
005#7FC37FD0C40A37FF
006#7FF88000FD0A37FF
007#86638D30CC0A37FF
008#7FF57FD0830A37FF
001#7FD37FE7AD9997FF
002#81237FE7AD9997FF
003#8F9D8007AD9997FF
004#90F67FE7AD9997FF
005#7FC37FE0C40A37FF
006#7FF77FE0FD0A37FF
007#871E8E30CC0A37FF
008#7FF57FD0830A37FF
001#7FD37FE7AD9997FF
002#81237FD7AD9997FF
003#8F9D7FE7AD9997FF
004#90F67FE7AD9997FF
005#7FC38000C40A37FF
006#7FF88000FD0A37FF
007#87CD8E70CC0A37FF
008#7FF57FE0830A37FF
001#7FD37FE7AD9997FF
002#81238007AD9997FF
003#8F9D7FE7AD9997FF
004#90F67FE7AD9997FF
005#7FC37FE0C40A37FF
006#7FF88000FD0A37FF
007#88848EB0CC0A37FF
008#7FF57FD0830A37FF
001#7FD37FE7AD9997FF
002#81247FE7AD9997FF
003#8F9D7FE7AD9997FF
004#90F67FE7AD9997FF
005#7FC38000C40A37FF
006#7FF87FE0FD0A37FF
007#89278E80CC0A37FF
008#7FF58000830A37FF
001#7FD37FE7AD9997FF
002#81237FD7AD9997FF
003#8F9D7FE7AD9997FF
004#90F67FE7AD9997FF
005#7FC37FE0C40A37FF
006#7FF87FE0FD0A37FF
007#89E88E20CC0A37FF
008#7FF57FD0830A37FF
001#7FD37FE7AD9997FF
002#81247FE7AD9997FF
003#8F9D7FE7AD9997FF
004#90F67FE7AD9997FF
005#7FC37FE0C40A37FF
006#7FF97FE0FD0A37FF
007#8A9A8DE0CC0A37FF
008#7FF57FE0830A37FF
001#7FD38007AD9997FF
002#81237FE7AD9997FF
003#8F9C7FE7AD9997FF
004#90F67FE7AD9997FF
005#7FC37FD0C40A37FF
006#7FFC8040FD0A37FF
007#8B398D10CC0A37FF
008#7FF57FE0830A37FF
001#7FD37FE7AD9997FF
002#81237FE7AD9997FF
003#8F9D7FE7AD9997FF
004#90F67FE7AD9997FF
005#7FC37FE0C40A37FF
006#80058090FD0A37FF
007#8BD28C10CC0A37FF
008#7FF58000830A37FF
001#7FD37FE7AD9997FF
002#81227FE7AD9997FF
003#8F9D7FE7AD9997FF
004#90F67FE7AD9997FF
005#7FC37FE0C40A37FF
006#800D8090FD0A37FF
007#8C678AC0CC0A37FF
008#7FF58000830A37FF
001#7FD37FE7AD9997FF
002#81227FE7AD9997FF
003#8F9D7FE7AD9997FF
004#90F67FE7AD9997FF
005#7FC37FD0C40A37FF
006#800B7FB0FD0A37FF
007#8CDB89D0CC0A37FF
008#7FF57FE0830A37FF
001#7FD37FE7AD9997FF
002#81227FE7AD9997FF
003#8F9D7FE7AD9997FF
004#90F67FE7AD9997FF
005#7FC38000C40A37FF
006#800B7FE0FD0A37FF
007#8D4088D0CC0A37FF
008#7FF57FE0830A37FF
001#7FD37FE7AD9997FF
002#81227FE7AD9997FF
003#8F9D7FE7AD9997FF
004#90F67FE7AD9997FF
005#7FC37FE0C40A37FF
006#800B7FE0FD0A37FF
007#8DAD87E0CC0A37FF
008#7FF58000830A37FF
001#7FD37FE7AD9997FF
002#81207FD7AD9997FF
003#8F9D7FE7AD9997FF
004#90F67FE7AD9997FF
005#7FC37FE0C40A37FF
006#800B7FE0FD0A37FF
007#8E0286B0CC0A37FF
008#7FF57FE0830A37FF
001#7FD37FE7AD9997FF
002#81208007AD9997FF
003#8F9D7FE7AD9997FF
004#90F68007AD9997FF
005#7FC37FE0C40A37FF
006#800B7FD0FD0A37FF
007#8E518620CC0A37FF
008#7FF57FE0830A37FF
001#7FD38007AD9997FF
002#81207FD7AD9997FF
003#8F9D7FE7AD9997FF
004#90F67FE7AD9997FF
005#7FC47FE0C40A37FF
006#800B7FE0FD0A37FF
007#8E938500CC0A37FF
008#7FF57FE0830A37FF
001#7FD37FE7AD9997FF
002#81207FE7AD9997FF
003#8F9D8007AD9997FF
004#90F67FE7AD9997FF
005#7FC37FD0C40A37FF
006#800B7FE0FD0A37FF
007#8EC98390CC0A37FF
008#7FF58000830A37FF
001#7FD37FE7AD9997FF
002#811F7FC7AD9997FF
003#8F9D7FE7AD9997FF
004#90F67FE7AD9997FF
005#7FC38000C40A37FF
006#800B7FD0FD0A37FF
007#8EE58260CC0A37FF
008#7FF57FE0830A37FF
001#7FD37FE7AD9997FF
002#811C7FB7AD9997FF
003#8F9D7FE7AD9997FF
004#90F67FE7AD9997FF
005#7FC37FE0C40A37FF
006#80097FC0FD0A37FF
007#8EF18040CC0A37FF
008#7FF57FE0830A37FF
001#7FD37FE7AD9997FF
002#811A7FD7AD9997FF
003#8F9D7FE7AD9997FF
004#90F68007AD9997FF
005#7FC48010C40A37FF
006#80097FE0FD0A37FF
007#8EEE7FD0CC0A37FF
008#7FF57FD0830A37FF
001#7FD37FE7AD9997FF
002#811B7FE7AD9997FF
003#8F9D7FE7AD9997FF
004#90F67FE7AD9997FF
005#7FC37FC0C40A37FF
006#80097FE0FD0A37FF
007#8EED7F90CC0A37FF
008#7FF57FD0830A37FF
001#7FD37FE7AD9997FF
002#811A7FD7AD9997FF
003#8F9D7FE7AD9997FF
004#90F67FE7AD9997FF
005#7FC38000C40A37FF
006#80097FE0FD0A37FF
007#8EED8020CC0A37FF
008#7FF57FE0830A37FF
001#7FD37FE7AD9997FF
002#811A8007AD9997FF
003#8F9D7FE7AD9997FF
004#90F67FE7AD9997FF
005#7FC37FE0C40A37FF
006#80097FD0FD0A37FF
007#8EED7FE0CC0A37FF
008#7FF57FE0830A37FF
001#7FD37FE7AD9997FF
002#811B7FE7AD9997FF
003#8F9D8007AD9997FF
004#90F67FE7AD9997FF
005#7FC37FE0C40A37FF
006#80097FE0FD0A37FF
007#8EED7FE0CC0A37FF
008#7FF57FD0830A37FF
001#7FD37FE7AD9997FF
002#811B7FE7AD9997FF
003#8F9D7FE7AD9997FF
004#90F67FE7AD9997FF
005#7FC37FE0C40A37FF
006#80097FE0FD0A37FF
007#8EEE8000CC0A37FF
008#7FF57FE0830A37FF
001#7FD37FE7AD9997FF
002#811C8007AD9997FF
003#8F9D8007AD9997FF
004#90F67FD7AD9997FF
005#7FC37FD0C40A37FF
006#80097FE0FD0A37FF
007#8EEE7FE0CC0A37FF
008#7FF57FE0830A37FF
001#7FD38007AD9997FF
002#811F8027AD9997FF
003#8F9D7FE7AD9997FF
004#90F67FE7AD9997FF
005#7FC38000C40A37FF
006#80097FE0FD0A37FF
007#8EEE8000CC0A37FF
008#7FF57FE0830A37FF
001#7FD37FD7AD9997FF
002#81238027AD9997FF
003#8F9D7FD7AD9997FF
004#90F67FE7AD9997FF
005#7FC38000C40A37FF
006#80097FE0FD0A37FF
007#8EEE7FD0CC0A37FF
008#7FF58000830A37FF
001#7FD37FE7AD9997FF
002#812B8077AD9997FF
003#8F9D7FE7AD9997FF
004#90F67FE7AD9997FF
005#7FC48000C40A37FF
006#80097FE0FD0A37FF
007#8EEF8030CC0A37FF
008#7FF58000830A37FF
001#7FD37FE7AD9997FF
002#81318087AD9997FF
003#8F9D7FE7AD9997FF
004#90F67FE7AD9997FF
005#7FC68030C40A37FF
006#800B7FE0FD0A37FF
007#8EEE7FB0CC0A37FF
008#7FF57FE0830A37FF
001#7FD37FD7AD9997FF
002#813F80C7AD9997FF
003#8F9D8007AD9997FF
004#90F67FE7AD9997FF
005#7FCD80A0C40A37FF
006#800B7FE0FD0A37FF
007#8EEF8010CC0A37FF
008#7FF58000830A37FF
001#7FD37FE7AD9997FF
002#815380F7AD9997FF
003#8F9D7FE7AD9997FF
004#90F67FE7AD9997FF
005#7FD480A0C40A37FF
006#800B7FD0FD0A37FF
007#8EEE7FE0CC0A37FF
008#7FF57FE0830A37FF
001#7FD38007AD9997FF
002#816B8177AD9997FF
003#8F9D8007AD9997FF
004#90F67FE7AD9997FF
005#7FDF8120C40A37FF
006#800B7FD0FD0A37FF
007#8EEF8010CC0A37FF
008#7FF57FE0830A37FF
001#7FD37FE7AD9997FF
002#818A81C7AD9997FF
003#8F9D7FE7AD9997FF
004#90F67FD7AD9997FF
005#7FF38190C40A37FF
006#800B8000FD0A37FF
007#8EEF7FE0CC0A37FF
008#7FF57FE0830A37FF
001#7FD37FE7AD9997FF
002#81AD81E7AD9997FF
003#8F9D7FE7AD9997FF
004#90F67FE7AD9997FF
005#800B81E0C40A37FF
006#800B7FE0FD0A37FF
007#8EEE7FE0CC0A37FF
008#7FF57FE0830A37FF
001#7FD37FE7AD9997FF
002#81D68217AD9997FF
003#8F9D7FD7AD9997FF
004#90F67FE7AD9997FF
005#802281D0C40A37FF
006#800B7FE0FD0A37FF
007#8EEF7FD0CC0A37FF
008#7FF57FE0830A37FF
001#7FD37FE7AD9997FF
002#82028247AD9997FF
003#8F9D7FE7AD9997FF
004#90F67FE7AD9997FF
005#803581A0C40A37FF
006#800B7FE0FD0A37FF
007#8EEF8010CC0A37FF
008#7FF58000830A37FF
001#7FD37FE7AD9997FF
002#82348267AD9997FF
003#8F9D7FE7AD9997FF
004#90F67FE7AD9997FF
005#804B8190C40A37FF
006#800B8000FD0A37FF
007#8EEE8020CC0A37FF
008#7FF57FE0830A37FF
001#7FD37FE7AD9997FF
002#82668297AD9997FF
003#8F9D7FE7AD9997FF
004#90F67FE7AD9997FF
005#80658240C40A37FF
006#800B8000FD0A37FF
007#8EEE8010CC0A37FF
008#7FF57FE0830A37FF
001#7FD38007AD9997FF
002#829782C7AD9997FF
003#8F9D7FE7AD9997FF
004#90F67FE7AD9997FF
005#807981B0C40A37FF
006#800B8000FD0A37FF
007#8EED8010CC0A37FF
008#7FF57FE0830A37FF
001#7FD37FE7AD9997FF
002#82D48307AD9997FF
003#8F9D7FE7AD9997FF
004#90F67FE7AD9997FF
005#808C8180C40A37FF
006#80097FD0FD0A37FF
007#8EEE8000CC0A37FF
008#7FF57FE0830A37FF
001#7FD37FE7AD9997FF
002#83088317AD9997FF
003#8F9D7FE7AD9997FF
004#90F67FE7AD9997FF
005#809C8180C40A37FF
006#800B7FE0FD0A37FF
007#8EEE7FE0CC0A37FF
008#7FF58000830A37FF
001#7FD37FE7AD9997FF
002#83518357AD9997FF
003#8F9D8007AD9997FF
004#90F67FD7AD9997FF
005#80A88030C40A37FF
006#800B7FD0FD0A37FF
007#8EED7FE0CC0A37FF
008#7FF58000830A37FF
001#7FD37FE7AD9997FF
002#83868327AD9997FF
003#8F9D7FE7AD9997FF
004#90F67FD7AD9997FF
005#80A77FD0C40A37FF
006#80097FC0FD0A37FF
007#8EEC7FD0CC0A37FF
008#7FF57FD0830A37FF
001#7FD37FE7AD9997FF
002#83C58347AD9997FF
003#8F9D7FD7AD9997FF
004#90F67FE7AD9997FF
005#80A87FE0C40A37FF
006#800B8010FD0A37FF
007#8EED8000CC0A37FF
008#7FF57FE0830A37FF
001#7FD37FE7AD9997FF
002#84048357AD9997FF
003#8F9D7FE7AD9997FF
004#90F67FE7AD9997FF
005#80A77FD0C40A37FF
006#800B8000FD0A37FF
007#8EEC7FE0CC0A37FF
008#7FF57FE0830A37FF
001#7FD37FE7AD9997FF
002#84468377AD9997FF
003#8F9D7FE7AD9997FF
004#90F67FE7AD9997FF
005#80A77FE0C40A37FF
006#800B8000FD0A37FF
007#8EEC7FE0CC0A37FF
008#7FF57FE0830A37FF
001#7FD38007AD9997FF
002#84888397AD9997FF
003#8F9D7FE7AD9997FF
004#90F67FD7AD9997FF
005#80A77FD0C40A37FF
006#800B7FD0FD0A37FF
007#8EE97FB0CC0A37FF
008#7FF57FE0830A37FF
001#7FD37FE7AD9997FF
002#84D08367AD9997FF
003#8F9D7FE7AD9997FF
004#90F67FE7AD9997FF
005#80A77FE0C40A37FF
006#800B7FE0FD0A37FF
007#8EE37F20CC0A37FF
008#7FF57FE0830A37FF
001#7FD37FD7AD9997FF
002#850E83A7AD9997FF
003#8F9D7FE7AD9997FF
004#90F67FE7AD9997FF
005#80A77FE0C40A37FF
006#800B7FD0FD0A37FF
007#8EE07FB0CC0A37FF
008#7FF57FD0830A37FF
001#7FD37FE7AD9997FF
002#855283C7AD9997FF
003#8F9D7FE7AD9997FF
004#90F67FE7AD9997FF
005#80A77FE0C40A37FF
006#800B7FE0FD0A37FF
007#8EDE7FA0CC0A37FF
008#7FF57FD0830A37FF
001#7FD37FE7AD9997FF
002#859783A7AD9997FF
003#8F9D7FE7AD9997FF
004#90F67FD7AD9997FF
005#80A77FD0C40A37FF
006#800B7FE0FD0A37FF
007#8ED57F30CC0A37FF
008#7FF58000830A37FF
001#7FD37FE7AD9997FF
002#85E383B7AD9997FF
003#8F9D7FE7AD9997FF
004#90F67FE7AD9997FF
005#80A78000C40A37FF
006#80097FE0FD0A37FF
007#8ECA7EF0CC0A37FF
008#7FF57FE0830A37FF
001#7FD37FE7AD9997FF
002#86228397AD9997FF
003#8F9D7FD7AD9997FF
004#90F67FE7AD9997FF
005#80A77FE0C40A37FF
006#80097FD0FD0A37FF
007#8EBE7EE0CC0A37FF
008#7FF57FD0830A37FF
001#7FD37FE7AD9997FF
002#866B83B7AD9997FF
003#8F9D7FE7AD9997FF
004#90F68007AD9997FF
005#80A78000C40A37FF
006#800B7FE0FD0A37FF
007#8EB17EF0CC0A37FF
008#7FF57FE0830A37FF
001#7FD37FE7AD9997FF
002#86B083D7AD9997FF
003#8F9D7FE7AD9997FF
004#90F67FE7AD9997FF
005#80A77FD0C40A37FF
006#800B8000FD0A37FF
007#8EA67EE0CC0A37FF
008#7FF57FE0830A37FF
001#7FD37FE7AD9997FF
002#86F683A7AD9997FF
003#8F9D7FD7AD9997FF
004#90F67FE7AD9997FF
005#80A77FC0C40A37FF
006#80097FE0FD0A37FF
007#8E9B7F10CC0A37FF
008#7FF57FD0830A37FF
001#7FD37FE7AD9997FF
002#873D83C7AD9997FF
003#8F9D7FD7AD9997FF
004#90F67FE7AD9997FF
005#80A78000C40A37FF
006#80097FE0FD0A37FF
007#8E927F40CC0A37FF
008#7FF57FD0830A37FF
001#7FD37FE7AD9997FF
002#878E83E7AD9997FF
003#8F9D7FE7AD9997FF
004#90F67FD7AD9997FF
005#80A88000C40A37FF
006#80098010FD0A37FF
007#8E8F7FC0CC0A37FF
008#7FF57FE0830A37FF
001#7FD37FE7AD9997FF
002#87C883D7AD9997FF
003#8F9D7FD7AD9997FF
004#90F67FD7AD9997FF
005#80A78000C40A37FF
006#800B8000FD0A37FF
007#8E8C7F70CC0A37FF
008#7FF57FE0830A37FF
001#7FD37FE7AD9997FF
002#881783F7AD9997FF
003#8F9D8007AD9997FF
004#90F67FE7AD9997FF
005#80A77FE0C40A37FF
006#800B7FE0FD0A37FF
007#8E897FE0CC0A37FF
008#7FF57FD0830A37FF
001#7FD37FE7AD9997FF
002#886183D7AD9997FF
003#8F9D8007AD9997FF
004#90F67FE7AD9997FF
005#80A77FE0C40A37FF
006#80098000FD0A37FF
007#8E897FD0CC0A37FF
008#7FF57FE0830A37FF
001#7FD37FE7AD9997FF
002#88B383F7AD9997FF
003#8F9D8007AD9997FF
004#90F67FE7AD9997FF
005#80A78000C40A37FF
006#80097FE0FD0A37FF
007#8E8A7FE0CC0A37FF
008#7FF57FD0830A37FF
001#7FD37FE7AD9997FF
002#88F683F7AD9997FF
003#8F9D7FE7AD9997FF
004#90F67FE7AD9997FF
005#80A88000C40A37FF
006#80097FC0FD0A37FF
007#8E8A7FC0CC0A37FF
008#7FF57FE0830A37FF
001#7FD37FE7AD9997FF
002#894783F7AD9997FF
003#8F9D7FE7AD9997FF
004#90F68007AD9997FF
005#80A88010C40A37FF
006#80098000FD0A37FF
007#8E897FD0CC0A37FF
008#7FF57FE0830A37FF
001#7FD37FE7AD9997FF
002#898A83F7AD9997FF
003#8F9D7FE7AD9997FF
004#90F67FE7AD9997FF
005#80A88000C40A37FF
006#80097FC0FD0A37FF
007#8E8A8010CC0A37FF
008#7FF57FD0830A37FF
001#7FD37FE7AD9997FF
002#89D483E7AD9997FF
003#8F9D7FE7AD9997FF
004#90F67FD7AD9997FF
005#80A88000C40A37FF
006#80098000FD0A37FF
007#8E8A8000CC0A37FF
008#7FF57FE0830A37FF
001#7FD37FE7AD9997FF
002#8A2583F7AD9997FF
003#8F9D7FE7AD9997FF
004#90F67FE7AD9997FF
005#80A87FE0C40A37FF
006#80087FB0FD0A37FF
007#8E8A7FE0CC0A37FF
008#7FF58000830A37FF
001#7FD37FE7AD9997FF
002#8A6783E7AD9997FF
003#8F9D7FE7AD9997FF
004#90F67FE7AD9997FF
005#80A87FD0C40A37FF
006#80067F80FD0A37FF
007#8E8A7FE0CC0A37FF
008#7FF57FE0830A37FF
001#7FD37FE7AD9997FF
002#8AAF83D7AD9997FF
003#8F9D7FE7AD9997FF
004#90F67FE7AD9997FF
005#80A77FC0C40A37FF
006#7FF57E70FD0A37FF
007#8E897FD0CC0A37FF
008#7FF57FE0830A37FF
001#7FD37FE7AD9997FF
002#8AF783C7AD9997FF
003#8F9D7FE7AD9997FF
004#90F67FE7AD9997FF
005#80A87FE0C40A37FF
006#7FED7F30FD0A37FF
007#8E8A7FE0CC0A37FF
008#7FF57FE0830A37FF
001#7FD37FE7AD9997FF
002#8B4083D7AD9997FF
003#8F9D7FE7AD9997FF
004#90F67FE7AD9997FF
005#80A88000C40A37FF
006#7FEA7FD0FD0A37FF
007#8E897FE0CC0A37FF
008#7FF58000830A37FF
001#7FD37FE7AD9997FF
002#8B8883D7AD9997FF
003#8F9D7FE7AD9997FF
004#90F67FE7AD9997FF
005#80A87FE0C40A37FF
006#7FEA7FD0FD0A37FF
007#8E897FE0CC0A37FF
008#7FF57FE0830A37FF
001#7FD37FE7AD9997FF
002#8BD083D7AD9997FF
003#8F9D7FD7AD9997FF
004#90F67FE7AD9997FF
005#80A87FE0C40A37FF
006#7FE77F90FD0A37FF
007#8E897FE0CC0A37FF
008#7FF57FE0830A37FF
001#7FD37FE7AD9997FF
002#8C1C83C7AD9997FF
003#8F9D7FE7AD9997FF
004#90F68007AD9997FF
005#80A88000C40A37FF
006#7FDF7F90FD0A37FF
007#8E887FC0CC0A37FF
008#7FF57FE0830A37FF
001#7FD37FE7AD9997FF
002#8C5E83B7AD9997FF
003#8F9D8007AD9997FF
004#90F67FE7AD9997FF
005#80A87FD0C40A37FF
006#7FDB7F70FD0A37FF
007#8E887FD0CC0A37FF
008#7FF57FD0830A37FF
001#7FD37FE7AD9997FF
002#8CA08397AD9997FF
003#8F9D7FE7AD9997FF
004#90F67FE7AD9997FF
005#80A88000C40A37FF
006#7FCB7E60FD0A37FF
007#8E877FB0CC0A37FF
008#7FF57FE0830A37FF
001#7FD37FE7AD9997FF
002#8CDF83B7AD9997FF
003#8F9D7FE7AD9997FF
004#90F67FE7AD9997FF
005#80A87FE0C40A37FF
006#7FC17EF0FD0A37FF
007#8E7D7EF0CC0A37FF
008#7FF57FE0830A37FF
001#7FD38007AD9997FF
002#8D278387AD9997FF
003#8F9D7FD7AD9997FF
004#90F68007AD9997FF
005#80A88000C40A37FF
006#7FB97FD0FD0A37FF
007#8E647DC0CC0A37FF
008#7FF57FD0830A37FF
001#7FD37FE7AD9997FF
002#8D6A8367AD9997FF
003#8F9D7FE7AD9997FF
004#90F67FD7AD9997FF
005#80AB8040C40A37FF
006#7FB97FD0FD0A37FF
007#8E3F7CF0CC0A37FF
008#7FF57FD0830A37FF
001#7FD37FE7AD9997FF
002#8DA98357AD9997FF
003#8F9D8007AD9997FF
004#90F67FE7AD9997FF
005#80B680D0C40A37FF
006#7FB98000FD0A37FF
007#8E187CA0CC0A37FF
008#7FF57FE0830A37FF
001#7FD37FE7AD9997FF
002#8DE78347AD9997FF
003#8F9D7FD7AD9997FF
004#90F67FE7AD9997FF
005#80C88190C40A37FF
006#7FB97FE0FD0A37FF
007#8DF77D30CC0A37FF
008#7FF57FE0830A37FF
001#7FD37FE7AD9997FF
002#8E248317AD9997FF
003#8F9D7FE7AD9997FF
004#90F67FE7AD9997FF
005#80E281D0C40A37FF
006#7FB98000FD0A37FF
007#8DD17CA0CC0A37FF
008#7FF57FE0830A37FF
001#7FD37FE7AD9997FF
002#8E5A8317AD9997FF
003#8F9D7FD7AD9997FF
004#90F68007AD9997FF
005#80FA8220C40A37FF
006#7FB97FD0FD0A37FF
007#8DAB7C60CC0A37FF
008#7FF58000830A37FF
001#7FD37FE7AD9997FF
002#8E9A82E7AD9997FF
003#8F9D7FD7AD9997FF
004#90F67FD7AD9997FF
005#811C8280C40A37FF
006#7FB97FE0FD0A37FF
007#8D7C7C80CC0A37FF
008#7FF58000830A37FF
001#7FD37FE7AD9997FF
002#8ED182E7AD9997FF
003#8F9D7FD7AD9997FF
004#90F68007AD9997FF
005#81378210C40A37FF
006#7FB87FC0FD0A37FF
007#8D527C80CC0A37FF
008#7FF57FE0830A37FF
001#7FD37FE7AD9997FF
002#8F0C8307AD9997FF
003#8F9D7FE7AD9997FF
004#90F67FE7AD9997FF
005#81518210C40A37FF
006#7FB67FC0FD0A37FF
007#8D2F7CD0CC0A37FF
008#7FF57FE0830A37FF
001#7FD37FE7AD9997FF
002#8F4282D7AD9997FF
003#8F9D7FE7AD9997FF
004#90F67FE7AD9997FF
005#81668190C40A37FF
006#7FB07F40FD0A37FF
007#8D0A7D00CC0A37FF
008#7FF57FE0830A37FF
001#7FD37FE7AD9997FF
002#8F7782D7AD9997FF
003#8F9D7FE7AD9997FF
004#90F67FD7AD9997FF
005#817A8150C40A37FF
006#7FAE7FE0FD0A37FF
007#8CEB7D70CC0A37FF
008#7FF58000830A37FF
001#7FD37FE7AD9997FF
002#8FAD82B7AD9997FF
003#8F9D7FD7AD9997FF
004#90F67FE7AD9997FF
005#818A8120C40A37FF
006#7FAE7FE0FD0A37FF
007#8CD37E20CC0A37FF
008#7FF58000830A37FF
001#7FD37FE7AD9997FF
002#8FE182C7AD9997FF
003#8F9D7FE7AD9997FF
004#90F67FE7AD9997FF
005#818C7FD0C40A37FF
006#7FAE7FD0FD0A37FF
007#8CBD7E30CC0A37FF
008#7FF58000830A37FF
001#7FD37FE7AD9997FF
002#901382C7AD9997FF
003#8F9D7FE7AD9997FF
004#90F67FE7AD9997FF
005#81897FD0C40A37FF
006#7FAE7FE0FD0A37FF
007#8CAA7E70CC0A37FF
008#7FF57FE0830A37FF
001#7FD37FE7AD9997FF
002#904282A7AD9997FF
003#8F9D8007AD9997FF
004#90F67FE7AD9997FF
005#81898000C40A37FF
006#7FAD7FB0FD0A37FF
007#8C9B7EB0CC0A37FF
008#7FF57FE0830A37FF
001#7FD37FE7AD9997FF
002#90718287AD9997FF
003#8F9D7FE7AD9997FF
004#90F68017AD9997FF
005#81897FE0C40A37FF
006#7FA57EE0FD0A37FF
007#8C877E40CC0A37FF
008#7FF57FE0830A37FF
001#7FD37FE7AD9997FF
002#909B8277AD9997FF
003#8F9D8007AD9997FF
004#90F67FE7AD9997FF
005#81897FE0C40A37FF
006#7F977E70FD0A37FF
007#8C767E70CC0A37FF
008#7FF57FD0830A37FF
001#7FD37FD7AD9997FF
002#90C58267AD9997FF
003#8F9D8007AD9997FF
004#90F57FC7AD9997FF
005#81897FC0C40A37FF
006#7F797D90FD0A37FF
007#8C727FA0CC0A37FF
008#7FF57FE0830A37FF
001#7FD37FE7AD9997FF
002#90F08227AD9997FF
003#8F9D7FE7AD9997FF
004#90F47F67AD9997FF
005#81898000C40A37FF
006#7F6C7F70FD0A37FF
007#8C6D7F70CC0A37FF
008#7FF57FE0830A37FF
001#7FD37FE7AD9997FF
002#910D81F7AD9997FF
003#8F9D7FE7AD9997FF
004#90F47FE7AD9997FF
005#81897FC0C40A37FF
006#7F6C7FE0FD0A37FF
007#8C6C7FE0CC0A37FF
008#7FF57FE0830A37FF
001#7FD37FE7AD9997FF
002#913681F7AD9997FF
003#8F9D7FE7AD9997FF
004#90F47FE7AD9997FF
005#81897FD0C40A37FF
006#7F6C7FE0FD0A37FF
007#8C6D7FD0CC0A37FF
008#7FF57FE0830A37FF
001#7FD37FE7AD9997FF
002#91558197AD9997FF
003#8F9D7FE7AD9997FF
004#90F47FD7AD9997FF
005#81897FD0C40A37FF
006#7F6C7FE0FD0A37FF
007#8C6C7FB0CC0A37FF
008#7FF57FE0830A37FF
001#7FD37FE7AD9997FF
002#917681A7AD9997FF
003#8F9D7FE7AD9997FF
004#90F47FE7AD9997FF
005#81897FD0C40A37FF
006#7F6C7FD0FD0A37FF
007#8C6D7FE0CC0A37FF
008#7FF57FE0830A37FF
001#7FD37FE7AD9997FF
002#919A81C7AD9997FF
003#8F9D7FE7AD9997FF
004#90F57FE7AD9997FF
005#81898010C40A37FF
006#7F6C7FE0FD0A37FF
007#8C6E8020CC0A37FF
008#7FF57FE0830A37FF
001#7FD37FE7AD9997FF
002#91B48187AD9997FF
003#8F9D7FE7AD9997FF
004#90F57FE7AD9997FF
005#81897FE0C40A37FF
006#7F6C7FE0FD0A37FF
007#8C6D7FB0CC0A37FF
008#7FF57FD0830A37FF
001#7FD37FE7AD9997FF
002#91CF8197AD9997FF
003#8F9D7FE7AD9997FF
004#90F47FE7AD9997FF
005#818A8010C40A37FF
006#7F6C7FD0FD0A37FF
007#8C6F8000CC0A37FF
008#7FF57FD0830A37FF
001#7FD37FE7AD9997FF
002#91EE8167AD9997FF
003#8F9D7FE7AD9997FF
004#90F57FE7AD9997FF
005#818A8020C40A37FF
006#7F6C8000FD0A37FF
007#8C6F8010CC0A37FF
008#7FF57FE0830A37FF
001#7FD37FE7AD9997FF
002#920A8177AD9997FF
003#8F9D7FE7AD9997FF
004#90F57FE7AD9997FF
005#818A7FE0C40A37FF
006#7F6C7FE0FD0A37FF
007#8C738020CC0A37FF
008#7FF57FE0830A37FF
001#7FD37FE7AD9997FF
002#92208157AD9997FF
003#8F9D7FE7AD9997FF
004#90F47FE7AD9997FF
005#818C8000C40A37FF
006#7F6C7FD0FD0A37FF
007#8C7B80C0CC0A37FF
008#7FF57FE0830A37FF
001#7FD37FD7AD9997FF
002#92398147AD9997FF
003#8F9D7FE7AD9997FF
004#90F57FE7AD9997FF
005#818C8000C40A37FF
006#7F6C7FE0FD0A37FF
007#8C828050CC0A37FF
008#7FF57FD0830A37FF
001#7FD37FE7AD9997FF
002#92518137AD9997FF
003#8F9D7FE7AD9997FF
004#90F57FE7AD9997FF
005#81918090C40A37FF
006#7F6C7FE0FD0A37FF
007#8C878070CC0A37FF
008#7FF57FD0830A37FF
001#7FD37FE7AD9997FF
002#926A8167AD9997FF
003#8F9D7FE7AD9997FF
004#90F57FD7AD9997FF
005#819B8120C40A37FF
006#7F6C8000FD0A37FF
007#8C948140CC0A37FF
008#7FF57FE0830A37FF
001#7FD37FE7AD9997FF
002#92838117AD9997FF
003#8F9D7FE7AD9997FF
004#90F57FE7AD9997FF
005#81B281C0C40A37FF
006#7F6C8000FD0A37FF
007#8CA58160CC0A37FF
008#7FF57FE0830A37FF
001#7FD37FE7AD9997FF
002#929D8157AD9997FF
003#8F9D7FE7AD9997FF
004#90F57FE7AD9997FF
005#81CC8230C40A37FF
006#7F6C8000FD0A37FF
007#8CBD8270CC0A37FF
008#7FF57FE0830A37FF
001#7FD37FE7AD9997FF
002#92B58177AD9997FF
003#8F9D7FE7AD9997FF
004#90F57FE7AD9997FF
005#81E381C0C40A37FF
006#7F6C8000FD0A37FF
007#8CDD8270CC0A37FF
008#7FF57FE0830A37FF
001#7FD37FE7AD9997FF
002#92CF8177AD9997FF
003#8F9D7FE7AD9997FF
004#90F57FE7AD9997FF
005#81FA81B0C40A37FF
006#7F6C7FE0FD0A37FF
007#8CFE82E0CC0A37FF
008#7FF57FD0830A37FF
001#7FD37FE7AD9997FF
002#92E98157AD9997FF
003#8F9D7FE7AD9997FF
004#90F57FE7AD9997FF
005#82048070C40A37FF
006#7F6C7FD0FD0A37FF
007#8D1E8250CC0A37FF
008#7FF58000830A37FF
001#7FD37FE7AD9997FF
002#93058167AD9997FF
003#8F9D7FE7AD9997FF
004#90F57FD7AD9997FF
005#82098020C40A37FF
006#7F6C7FE0FD0A37FF
007#8D3A8220CC0A37FF
008#7FF57FE0830A37FF
001#7FD37FE7AD9997FF
002#931F8187AD9997FF
003#8F9D7FE7AD9997FF
004#90F57FE7AD9997FF
005#82097FE0C40A37FF
006#7F6C7FE0FD0A37FF
007#8D548220CC0A37FF
008#7FF57FC0830A37FF
001#7FD37FE7AD9997FF
002#93388157AD9997FF
003#8F9D7FE7AD9997FF
004#90F58007AD9997FF
005#82077FD0C40A37FF
006#7F6C8000FD0A37FF
007#8D6A8180CC0A37FF
008#7FF58000830A37FF
001#7FD37FE7AD9997FF
002#93528157AD9997FF
003#8F9D7FE7AD9997FF
004#90F57FE7AD9997FF
005#82098000C40A37FF
006#7F6C8000FD0A37FF
007#8D788100CC0A37FF
008#7FF57FE0830A37FF
001#7FD37FD7AD9997FF
002#936A8127AD9997FF
003#8F9D7FD7AD9997FF
004#90F57FE7AD9997FF
005#82097FE0C40A37FF
006#7F6C7FD0FD0A37FF
007#8D7E8020CC0A37FF
008#7FF57FD0830A37FF
001#7FD27FE7AD9997FF
002#93828147AD9997FF
003#8F9C7FE7AD9997FF
004#90F57FD7AD9997FF
005#82098000C40A37FF
006#7F6C7FE0FD0A37FF
007#8D808030CC0A37FF
008#7FF57FD0830A37FF
001#7FD37FE7AD9997FF
002#93948117AD9997FF
003#8F9C8007AD9997FF
004#90F47FE7AD9997FF
005#820A8000C40A37FF
006#7F6C7FE0FD0A37FF
007#8D828000CC0A37FF
008#7FF58000830A37FF
001#7FD37FE7AD9997FF
002#93A980F7AD9997FF
003#8F9C7FE7AD9997FF
004#90F47FD7AD9997FF
005#820F80C0C40A37FF
006#7F6C7FE0FD0A37FF
007#8D827FE0CC0A37FF
008#7FF57FD0830A37FF
001#7FD38007AD9997FF
002#93BB80F7AD9997FF
003#8F9C7FE7AD9997FF
004#90F47FD7AD9997FF
005#821E8170C40A37FF
006#7F6C7FE0FD0A37FF
007#8D827FE0CC0A37FF
008#7FF57FE0830A37FF
001#7FD27FE7AD9997FF
002#93CD80F7AD9997FF
003#8F9C7FD7AD9997FF
004#90F47FE7AD9997FF
005#82388220C40A37FF
006#7F6C7FE0FD0A37FF
007#8D837FE0CC0A37FF
008#7FF57FD0830A37FF
001#7FD27FE7AD9997FF
002#93DB80C7AD9997FF
003#8F9C7FD7AD9997FF
004#90F47FE7AD9997FF
005#825181F0C40A37FF
006#7F6C8000FD0A37FF
007#8D827FE0CC0A37FF
008#7FF57FE0830A37FF
001#7FD07FC7AD9997FF
002#93EA80C7AD9997FF
003#8F9C7FD7AD9997FF
004#90F47FE7AD9997FF
005#82658110C40A37FF
006#7F6C7FD0FD0A37FF
007#8D837FE0CC0A37FF
008#7FF57FD0830A37FF
001#7FCB7FA7AD9997FF
002#93F880B7AD9997FF
003#8F9C7FE7AD9997FF
004#90F47FE7AD9997FF
005#826B8050C40A37FF
006#7F6C7FD0FD0A37FF
007#8D838000CC0A37FF
008#7FF58000830A37FF
001#7FCB7FE7AD9997FF
002#940580A7AD9997FF
003#8F9C7FD7AD9997FF
004#90F47FD7AD9997FF
005#826F8010C40A37FF
006#7F6C8010FD0A37FF
007#8D837FE0CC0A37FF
008#7FF58000830A37FF
001#7FCB7FD7AD9997FF
002#941180A7AD9997FF
003#8F9C7FD7AD9997FF
004#90F47FD7AD9997FF
005#826B7FA0C40A37FF
006#7F6C7FE0FD0A37FF
007#8D838000CC0A37FF
008#7FF57FE0830A37FF
001#7FCB7FE7AD9997FF
002#941B80A7AD9997FF
003#8F997E97AD9997FF
004#90F47FE7AD9997FF
005#826B7FE0C40A37FF
006#7F6C8000FD0A37FF
007#8D868040CC0A37FF
008#7FF57FE0830A37FF
001#7FCB7FE7AD9997FF
002#94278097AD9997FF
003#8F937E37AD9997FF
004#90F37F77AD9997FF
005#826B7FE0C40A37FF
006#7F6C7FD0FD0A37FF
007#8D938110CC0A37FF
008#7FF57FE0830A37FF
001#7FCB7FE7AD9997FF
002#94318077AD9997FF
003#8F8B7EB7AD9997FF
004#90EF7F47AD9997FF
005#826B7FD0C40A37FF
006#7F6C7FE0FD0A37FF
007#8D9B8080CC0A37FF
008#7FF57FE0830A37FF
001#7FCB7FE7AD9997FF
002#943E8087AD9997FF
003#8F857E57AD9997FF
004#90EF7FE7AD9997FF
005#82687FC0C40A37FF
006#7F6C7FD0FD0A37FF
007#8DA28060CC0A37FF
008#7FF57FD0830A37FF
001#7FCB8007AD9997FF
002#94448077AD9997FF
003#8F807DA7AD9997FF
004#90EF7FE7AD9997FF
005#826A8010C40A37FF
006#7F6C7FE0FD0A37FF
007#8DA58010CC0A37FF
008#7FF57FE0830A37FF
001#7FCB7FE7AD9997FF
002#94508067AD9997FF
003#8F767E77AD9997FF
004#90EC7EA7AD9997FF
005#826B7FD0C40A37FF
006#7F6C7FE0FD0A37FF
007#8DAA8070CC0A37FF
008#7FF57FD0830A37FF
001#7FCB7FE7AD9997FF
002#94598097AD9997FF
003#8F707E07AD9997FF
004#90E57E47AD9997FF
005#826B7FE0C40A37FF
006#7F6C8000FD0A37FF
007#8DAB8000CC0A37FF
008#7FF57FD0830A37FF
001#7FCB7FE7AD9997FF
002#94638067AD9997FF
003#8F697E47AD9997FF
004#90DC7D47AD9997FF
005#826B7FE0C40A37FF
006#7F6C8000FD0A37FF
007#8DAB7FE0CC0A37FF
008#7FF58000830A37FF
001#7FCB7FE7AD9997FF
002#946C8087AD9997FF
003#8F607DB7AD9997FF
004#90CE7C27AD9997FF
005#826B8000C40A37FF
006#7F6C7FE0FD0A37FF
007#8DAB7FD0CC0A37FF
008#7FF57FE0830A37FF
001#7FCB7FE7AD9997FF
002#94798087AD9997FF
003#8F577D87AD9997FF
004#90BB7AE7AD9997FF
005#826B8000C40A37FF
006#7F6C7FE0FD0A37FF
007#8DAD8030CC0A37FF
008#7FF57FE0830A37FF
001#7FCB7FE7AD9997FF
002#948A80C7AD9997FF
003#8F4C7D67AD9997FF
004#90A179A7AD9997FF
005#826B7FE0C40A37FF
006#7F6C7FE0FD0A37FF
007#8DAD8000CC0A37FF
008#7FF57FE0830A37FF
001#7FCB7FE7AD9997FF
002#949B8107AD9997FF
003#8F447DB7AD9997FF
004#90887907AD9997FF
005#826B7FE0C40A37FF
006#7F6C7FE0FD0A37FF
007#8DB580F0CC0A37FF
008#7FF57FE0830A37FF
001#7FCB8007AD9997FF
002#94AF8117AD9997FF
003#8F397D97AD9997FF
004#90637737AD9997FF
005#826A7FD0C40A37FF
006#7F6C7FE0FD0A37FF
007#8DD582B0CC0A37FF
008#7FF57FE0830A37FF
001#7FCB7FE7AD9997FF
002#94C68147AD9997FF
003#8F317D97AD9997FF
004#903F7627AD9997FF
005#826A7FC0C40A37FF
006#7F6C7FE0FD0A37FF
007#8DFA8350CC0A37FF
008#7FF57FD0830A37FF
001#7FCB7FE7AD9997FF
002#94DC8147AD9997FF
003#8F277D47AD9997FF
004#90187577AD9997FF
005#82687FC0C40A37FF
006#7F6B7FC0FD0A37FF
007#8E278410CC0A37FF
008#7FF57FE0830A37FF
001#7FCB7FE7AD9997FF
002#94FC81B7AD9997FF
003#8F1E7DF7AD9997FF
004#8FE974A7AD9997FF
005#825E7ED0C40A37FF
006#7F607E60FD0A37FF
007#8E618490CC0A37FF
008#7FF57FE0830A37FF
001#7FCB7FE7AD9997FF
002#95188197AD9997FF
003#8F187E87AD9997FF
004#8FB873C7AD9997FF
005#824F7E80C40A37FF
006#7F377C30FD0A37FF
007#8E948410CC0A37FF
008#7FF58000830A37FF
001#7FCB7FE7AD9997FF
002#953881B7AD9997FF
003#8F147F37AD9997FF
004#8F8873C7AD9997FF
005#82427EB0C40A37FF
006#7F1A7DB0FD0A37FF
007#8EC88450CC0A37FF
008#7FF57FE0830A37FF
001#7FCB7FD7AD9997FF
002#955A81D7AD9997FF
003#8F127FD7AD9997FF
004#8F5473C7AD9997FF
005#82377F00C40A37FF
006#7EFE7DA0FD0A37FF
007#8EFC8440CC0A37FF
008#7FF57FE0830A37FF
001#7FCB7FE7AD9997FF
002#957F8227AD9997FF
003#8F127FE7AD9997FF
004#8F207397AD9997FF
005#82377FD0C40A37FF
006#7EF27F80FD0A37FF
007#8F2C83A0CC0A37FF
008#7FF57FE0830A37FF
001#7FCB7FE7AD9997FF
002#95A68207AD9997FF
003#8F128007AD9997FF
004#8EEB73D7AD9997FF
005#82377FC0C40A37FF
006#7EF27FB0FD0A37FF
007#8F5A8320CC0A37FF
008#7FF57FE0830A37FF
001#7FCB7FE7AD9997FF
002#95C98237AD9997FF
003#8F127FE7AD9997FF
004#8EC07467AD9997FF
005#823A8030C40A37FF
006#7EF27FE0FD0A37FF
007#8F7B82D0CC0A37FF
008#7FF58000830A37FF
001#7FCB7FE7AD9997FF
002#95EB81C7AD9997FF
003#8F127FE7AD9997FF
004#8E9674F7AD9997FF
005#823A8010C40A37FF
006#7EF27FD0FD0A37FF
007#8F978240CC0A37FF
008#7FF57FE0830A37FF
001#7FCB7FE7AD9997FF
002#96198207AD9997FF
003#8F127FD7AD9997FF
004#8E6575C7AD9997FF
005#823A7FE0C40A37FF
006#7EF07FA0FD0A37FF
007#8FB88260CC0A37FF
008#7FF57FE0830A37FF
001#7FCB7FD7AD9997FF
002#963D81F7AD9997FF
003#8F127FE7AD9997FF
004#8E4276B7AD9997FF
005#823A8010C40A37FF
006#7EEB7FC0FD0A37FF
007#8FD18250CC0A37FF
008#7FF57FE0830A37FF
001#7FCB7FE7AD9997FF
002#96658207AD9997FF
003#8F127FE7AD9997FF
004#8E2077C7AD9997FF
005#823A8010C40A37FF
006#7EEB8000FD0A37FF
007#8FEA8230CC0A37FF
008#7FF57FE0830A37FF
001#7FCB7FE7AD9997FF
002#968C8237AD9997FF
003#8F128007AD9997FF
004#8E0078B7AD9997FF
005#823A7FC0C40A37FF
006#7EEB7FE0FD0A37FF
007#900A8290CC0A37FF
008#7FF57FE0830A37FF
001#7FCB7FE7AD9997FF
002#96B18217AD9997FF
003#8F127FE7AD9997FF
004#8DE67957AD9997FF
005#82387FA0C40A37FF
006#7EEB7FE0FD0A37FF
007#90298260CC0A37FF
008#7FF57FD0830A37FF
001#7FCB7FE7AD9997FF
002#96D481D7AD9997FF
003#8F127FE7AD9997FF
004#8DD07B17AD9997FF
005#823A7FD0C40A37FF
006#7EEB7FD0FD0A37FF
007#904681F0CC0A37FF
008#7FF57FE0830A37FF
001#7FCB7FE7AD9997FF
002#96F781A7AD9997FF
003#8F128007AD9997FF
004#8DBE7C17AD9997FF
005#823A7FE0C40A37FF
006#7EEB7FE0FD0A37FF
007#905A8120CC0A37FF
008#7FF57FD0830A37FF
001#7FCC7FE7AD9997FF
002#970E8187AD9997FF
003#8F127FE7AD9997FF
004#8DB47DC7AD9997FF
005#823A8010C40A37FF
006#7EEB7FE0FD0A37FF
007#90658100CC0A37FF
008#7FF57FE0830A37FF
001#7FCC7FE7AD9997FF
002#972C8167AD9997FF
003#8F128007AD9997FF
004#8DAF7EE7AD9997FF
005#82388000C40A37FF
006#7EEB7FE0FD0A37FF
007#906F8080CC0A37FF
008#7FF57FE0830A37FF
001#7FCB7FE7AD9997FF
002#97438147AD9997FF
003#8F147FE7AD9997FF
004#8DAE7FC7AD9997FF
005#823A7FE0C40A37FF
006#7EE97FE0FD0A37FF
007#90758050CC0A37FF
008#7FF58000830A37FF
001#7FCB7FE7AD9997FF
002#975B8147AD9997FF
003#8F127FD7AD9997FF
004#8DAE7FE7AD9997FF
005#823A7FE0C40A37FF
006#7EE97FD0FD0A37FF
007#90788020CC0A37FF
008#7FF57FE0830A37FF
001#7FCC7FE7AD9997FF
002#977180E7AD9997FF
003#8F148007AD9997FF
004#8DAE7FD7AD9997FF
005#823A7FD0C40A37FF
006#7EE77F70FD0A37FF
007#907A8010CC0A37FF
008#7FF58000830A37FF
001#7FCC7FE7AD9997FF
002#978280E7AD9997FF
003#8F147FE7AD9997FF
004#8DAE7FE7AD9997FF
005#823A7FE0C40A37FF
006#7EDE7F40FD0A37FF
007#907E8090CC0A37FF
008#7FF57FE0830A37FF
001#7FCB7FE7AD9997FF
002#979080A7AD9997FF
003#8F147FE7AD9997FF
004#8DAE7FD7AD9997FF
005#823A8000C40A37FF
006#7ED07E20FD0A37FF
007#90838030CC0A37FF
008#7FF57FD0830A37FF
001#7FCC7FE7AD9997FF
002#979C8077AD9997FF
003#8F147FE7AD9997FF
004#8DAE7FE7AD9997FF
005#823A8000C40A37FF
006#7EB27D60FD0A37FF
007#90838000CC0A37FF
008#7FF57FE0830A37FF
001#7FCC7FD7AD9997FF
002#97A68087AD9997FF
003#8F147FE7AD9997FF
004#8DAE7FE7AD9997FF
005#823A7FE0C40A37FF
006#7E9D7E30FD0A37FF
007#90878040CC0A37FF
008#7FF57FE0830A37FF
001#7FCB7FE7AD9997FF
002#97B280A7AD9997FF
003#8F127FD7AD9997FF
004#8DAE7FE7AD9997FF
005#82387FE0C40A37FF
006#7E8E7EE0FD0A37FF
007#908A8010CC0A37FF
008#7FF57FE0830A37FF
001#7FCC7FE7AD9997FF
002#97BC8087AD9997FF
003#8F128007AD9997FF
004#8DAE8007AD9997FF
005#823A8000C40A37FF
006#7E847F30FD0A37FF
007#90897FD0CC0A37FF
008#7FF57FE0830A37FF
001#7FCC7FE7AD9997FF
002#97C48067AD9997FF
003#8F127FE7AD9997FF
004#8DAE8007AD9997FF
005#823A7FC0C40A37FF
006#7E787EF0FD0A37FF
007#90897FC0CC0A37FF
008#7FF58000830A37FF
001#7FCC7FE7AD9997FF
002#97CA8047AD9997FF
003#8F127FE7AD9997FF
004#8DAE7FE7AD9997FF
005#823A7FD0C40A37FF
006#7E748000FD0A37FF
007#90897FD0CC0A37FF
008#7FF57FD0830A37FF
001#7FCB7FE7AD9997FF
002#97CD8007AD9997FF
003#8F127FE7AD9997FF
004#8DAE7FE7AD9997FF
005#823A8010C40A37FF
006#7E757FE0FD0A37FF
007#908A7FE0CC0A37FF
008#7FF57FE0830A37FF
001#7FCB7FE7AD9997FF
002#97CD7FD7AD9997FF
003#8F127FE7AD9997FF
004#8DAE7FE7AD9997FF
005#823A8000C40A37FF
006#7E758000FD0A37FF
007#908A8020CC0A37FF
008#7FF57FE0830A37FF
001#7FCB7FE7AD9997FF
002#97CD7FD7AD9997FF
003#8F127FE7AD9997FF
004#8DAE8007AD9997FF
005#823A7FE0C40A37FF
006#7E757FD0FD0A37FF
007#908A7FE0CC0A37FF
008#7FF57FE0830A37FF
001#7FCB7FE7AD9997FF
002#97CC8007AD9997FF
003#8F127FE7AD9997FF
004#8DAE7FD7AD9997FF
005#823A8010C40A37FF
006#7E758000FD0A37FF
007#908E8060CC0A37FF
008#7FF58000830A37FF
001#7FCB7FE7AD9997FF
002#97CC7FE7AD9997FF
003#8F127FE7AD9997FF
004#8DAE7FE7AD9997FF
005#823F8060C40A37FF
006#7E758000FD0A37FF
007#909880E0CC0A37FF
008#7FF57FE0830A37FF
001#7FCB7FE7AD9997FF
002#97CC7FE7AD9997FF
003#8F127FE7AD9997FF
004#8DAE7FE7AD9997FF
005#82448010C40A37FF
006#7E777FE0FD0A37FF
007#90A58110CC0A37FF
008#7FF57FE0830A37FF
001#7FCB7FE7AD9997FF
002#97CD7FE7AD9997FF
003#8F127FE7AD9997FF
004#8DAE7FE7AD9997FF
005#82427FD0C40A37FF
006#7E777FE0FD0A37FF
007#90B38100CC0A37FF
008#7FF58000830A37FF
001#7FCB7FE7AD9997FF
002#97CD7FE7AD9997FF
003#8F128007AD9997FF
004#8DAE7FE7AD9997FF
005#82428000C40A37FF
006#7E777FD0FD0A37FF
007#90C78180CC0A37FF
008#7FF57FE0830A37FF
001#7FCB7FE7AD9997FF
002#97CD7FE7AD9997FF
003#8F127FD7AD9997FF
004#8DAE8007AD9997FF
005#82427FE0C40A37FF
006#7E778000FD0A37FF
007#90C57FD0CC0A37FF
008#7FF58000830A37FF
001#7FCB7FE7AD9997FF
002#97CD7FD7AD9997FF
003#8F127FE7AD9997FF
004#8DAE7FE7AD9997FF
005#82448000C40A37FF
006#7E777FE0FD0A37FF
007#90C57FE0CC0A37FF
008#7FF57FE0830A37FF
001#7FCB7FE7AD9997FF
002#97CC7FE7AD9997FF
003#8F128007AD9997FF
004#8DAE8007AD9997FF
005#82478030C40A37FF
006#7E778000FD0A37FF
007#90C67FD0CC0A37FF
008#7FF57FE0830A37FF
001#7FCB7FE7AD9997FF
002#97CC7FE7AD9997FF
003#8F127FE7AD9997FF
004#8DAE7FE7AD9997FF
005#824E8080C40A37FF
006#7E777FE0FD0A37FF
007#90C67FD0CC0A37FF
008#7FF57FE0830A37FF
001#7FCB7FE7AD9997FF
002#97CD7FE7AD9997FF
003#8F127FE7AD9997FF
004#8DAE7FE7AD9997FF
005#825880C0C40A37FF
006#7E777FE0FD0A37FF
007#90C67FE0CC0A37FF
008#7FF58000830A37FF
001#7FCB7FE7AD9997FF
002#97CC7FD7AD9997FF
003#8F127FE7AD9997FF
004#8DAE7FD7AD9997FF
005#82598020C40A37FF
006#7E788000FD0A37FF
007#90C67FE0CC0A37FF
008#7FF57FD0830A37FF
001#7FCB7FE7AD9997FF
002#97CC7FD7AD9997FF
003#8F127FE7AD9997FF
004#8DAE7FE7AD9997FF
005#82597FC0C40A37FF
006#7E7C8080FD0A37FF
007#90C67FE0CC0A37FF
008#7FF57FE0830A37FF
001#7FCB7FE7AD9997FF
002#97CB7FE7AD9997FF
003#8F127FE7AD9997FF
004#8DAE8007AD9997FF
005#82587FE0C40A37FF
006#7E8E81A0FD0A37FF
007#90C67FD0CC0A37FF
008#7FF57FD0830A37FF
001#7FCB7FE7AD9997FF
002#97CB7FE7AD9997FF
003#8F127FE7AD9997FF
004#8DAE7FE7AD9997FF
005#82587FE0C40A37FF
006#7EA181B0FD0A37FF
007#90C57FD0CC0A37FF
008#7FF57FD0830A37FF
001#7FCB7FE7AD9997FF
002#97CB7FE7AD9997FF
003#8F127FE7AD9997FF
004#8DAE7FE7AD9997FF
005#82567FD0C40A37FF
006#7EB280F0FD0A37FF
007#90C57FE0CC0A37FF
008#7FF58000830A37FF
001#7FCB7FD7AD9997FF
002#97CB7FE7AD9997FF
003#8F127FD7AD9997FF
004#8DAE8007AD9997FF
005#82567FE0C40A37FF
006#7EB47FC0FD0A37FF
007#90C57FE0CC0A37FF
008#7FF57FE0830A37FF
001#7FCB7FE7AD9997FF
002#97CB7FE7AD9997FF
003#8F127FD7AD9997FF
004#8DAE7FE7AD9997FF
005#82567FE0C40A37FF
006#7EB47FE0FD0A37FF
007#90C57FD0CC0A37FF
008#7FF57FE0830A37FF
001#7FCB7FE7AD9997FF
002#97CC7FE7AD9997FF
003#8F127FD7AD9997FF
004#8DAE7FE7AD9997FF
005#82547FC0C40A37FF
006#7EB47FE0FD0A37FF
007#90C57FE0CC0A37FF
008#7FF57FE0830A37FF
001#7FCB7FD7AD9997FF
002#97CB7FE7AD9997FF
003#8F127FE7AD9997FF
004#8DAE7FE7AD9997FF
005#82537FC0C40A37FF
006#7EB47FD0FD0A37FF
007#90C58000CC0A37FF
008#7FF58000830A37FF
001#7FCA7FC7AD9997FF
002#97CB7FE7AD9997FF
003#8F127FE7AD9997FF
004#8DAE7FE7AD9997FF
005#824C7F10C40A37FF
006#7EB47FE0FD0A37FF
007#90C57FD0CC0A37FF
008#7FF57FE0830A37FF
001#7FC67FC7AD9997FF
002#97CB7FE7AD9997FF
003#8F128007AD9997FF
004#8DAE7FE7AD9997FF
005#82417E60C40A37FF
006#7EB27FD0FD0A37FF
007#90C58000CC0A37FF
008#7FF57FE0830A37FF
001#7FC37FB7AD9997FF
002#97CC7FE7AD9997FF
003#8F128007AD9997FF
004#8DAE7FE7AD9997FF
005#82347F30C40A37FF
006#7EB27FD0FD0A37FF
007#90C58000CC0A37FF
008#7FF57FD0830A37FF
001#7FC17FA7AD9997FF
002#97CC7FE7AD9997FF
003#8F127FD7AD9997FF
004#8DAE7FE7AD9997FF
005#822B7F50C40A37FF
006#7EB27FD0FD0A37FF
007#90C57FE0CC0A37FF
008#7FF58000830A37FF
001#7FB57F57AD9997FF
002#97CC8007AD9997FF
003#8F128017AD9997FF
004#8DAE7FE7AD9997FF
005#82207F10C40A37FF
006#7EB28000FD0A37FF
007#90C57FD0CC0A37FF
008#7FF58000830A37FF
001#7FAB7F67AD9997FF
002#97CB7FD7AD9997FF
003#8F127FE7AD9997FF
004#8DAE7FE7AD9997FF
005#82167F80C40A37FF
006#7EB27FC0FD0A37FF
007#90C57FE0CC0A37FF
008#7FF57FE0830A37FF
001#7FA07F27AD9997FF
002#97C97FC7AD9997FF
003#8F127FE7AD9997FF
004#8DAE7FE7AD9997FF
005#820C7EF0C40A37FF
006#7EB27FD0FD0A37FF
007#90C57FD0CC0A37FF
008#7FF57FE0830A37FF
001#7F937F37AD9997FF
002#97C57FB7AD9997FF
003#8F127FE7AD9997FF
004#8DAE7FE7AD9997FF
005#81FF7ED0C40A37FF
006#7EB07FE0FD0A37FF
007#90C57FE0CC0A37FF
008#7FF57FE0830A37FF
001#7F877F27AD9997FF
002#97BF7F97AD9997FF
003#8F128007AD9997FF
004#8DAE7FE7AD9997FF
005#81ED7EA0C40A37FF
006#7EB07FE0FD0A37FF
007#90C57FE0CC0A37FF
008#7FF58000830A37FF
001#7F807FA7AD9997FF
002#97BC7FB7AD9997FF
003#8F127FE7AD9997FF
004#8DAE7FE7AD9997FF
005#81DE7EC0C40A37FF
006#7EB07FD0FD0A37FF
007#90C57FE0CC0A37FF
008#7FF57FE0830A37FF
001#7F777F77AD9997FF
002#97B57F97AD9997FF
003#8F127FE7AD9997FF
004#8DAE8007AD9997FF
005#81D17EC0C40A37FF
006#7EB07FD0FD0A37FF
007#90C57FE0CC0A37FF
008#7FF57FE0830A37FF
001#7F737FE7AD9997FF
002#97B17F87AD9997FF
003#8F128007AD9997FF
004#8DAE8007AD9997FF
005#81C97F50C40A37FF
006#7EB07FD0FD0A37FF
007#90C57FC0CC0A37FF
008#7FF57FE0830A37FF
001#7F737FE7AD9997FF
002#97AE7FC7AD9997FF
003#8F127FE7AD9997FF
004#8DAE7FE7AD9997FF
005#81C47F60C40A37FF
006#7EAF7FE0FD0A37FF
007#90C57FE0CC0A37FF
008#7FF58010830A37FF
001#7F737FE7AD9997FF
002#97AD7FD7AD9997FF
003#8F128007AD9997FF
004#8DAE7FE7AD9997FF
005#81C27FC0C40A37FF
006#7EAB7F50FD0A37FF
007#90C58000CC0A37FF
008#7FF57FE0830A37FF
001#7F757FE7AD9997FF
002#97AC7FD7AD9997FF
003#8F127FE7AD9997FF
004#8DAE7FE7AD9997FF
005#81C27FA0C40A37FF
006#7EA07EF0FD0A37FF
007#90C58000CC0A37FF
008#7FF58000830A37FF
001#7F758007AD9997FF
002#97AC7FE7AD9997FF
003#8F148017AD9997FF
004#8DAE7FE7AD9997FF
005#81C27FE0C40A37FF
006#7E987F50FD0A37FF
007#90C57FE0CC0A37FF
008#7FF57FE0830A37FF
001#7F778007AD9997FF
002#97AD8007AD9997FF
003#8F148017AD9997FF
004#8DAE7FE7AD9997FF
005#81C27FD0C40A37FF
006#7E8E7F20FD0A37FF
007#90C57FE0CC0A37FF
008#7FF58010830A37FF
001#7F798057AD9997FF
002#97AE8007AD9997FF
003#8F148007AD9997FF
004#8DAE7FD7AD9997FF
005#81C47FD0C40A37FF
006#7E867FA0FD0A37FF
007#90C57FE0CC0A37FF
008#7FF57FE0830A37FF
001#7F7C7FE7AD9997FF
002#97AE7FE7AD9997FF
003#8F148007AD9997FF
004#8DAE7FE7AD9997FF
005#81C27FC0C40A37FF
006#7E878010FD0A37FF
007#90C57FE0CC0A37FF
008#7FF57FE0830A37FF
001#7F7C7FE7AD9997FF
002#97AF8007AD9997FF
003#8F148007AD9997FF
004#8DAE7FE7AD9997FF
005#81C48010C40A37FF
006#7E878000FD0A37FF
007#90C57FE0CC0A37FF
008#7FF57FE0830A37FF
001#7F7C8007AD9997FF
002#97AE7FE7AD9997FF
003#8F148007AD9997FF
004#8DAE7FE7AD9997FF
005#81C27FD0C40A37FF
006#7E878010FD0A37FF
007#90C57FE0CC0A37FF
008#7FF57FD0830A37FF
001#7F7C7FE7AD9997FF
002#97AE7FD7AD9997FF
003#8F1780D7AD9997FF
004#8DAE7FE7AD9997FF
005#81C48000C40A37FF
006#7E898000FD0A37FF
007#90C57FD0CC0A37FF
008#7FF58000830A37FF
001#7F7C7FE7AD9997FF
002#97AD7FE7AD9997FF
003#8F198047AD9997FF
004#8DAE7FE7AD9997FF
005#81C48000C40A37FF
006#7E897FE0FD0A37FF
007#90C57FD0CC0A37FF
008#7FF57FE0830A37FF
001#7F7E8017AD9997FF
002#97AD7FD7AD9997FF
003#8F1C8077AD9997FF
004#8DAE7FD7AD9997FF
005#81C68000C40A37FF
006#7E897FD0FD0A37FF
007#90C57FE0CC0A37FF
008#7FF57FD0830A37FF
001#7F838047AD9997FF
002#97AC7FC7AD9997FF
003#8F1C8017AD9997FF
004#8DAE7FE7AD9997FF
005#81C98090C40A37FF
006#7E897FD0FD0A37FF
007#90C58000CC0A37FF
008#7FF57FD0830A37FF
001#7F898067AD9997FF
002#97A87FB7AD9997FF
003#8F1E8057AD9997FF
004#8DAE7FE7AD9997FF
005#81CC8010C40A37FF
006#7E8A8010FD0A37FF
007#90C57FE0CC0A37FF
008#7FF57FE0830A37FF
001#7F908067AD9997FF
002#97A57FA7AD9997FF
003#8F1E7FE7AD9997FF
004#8DAE7FE7AD9997FF
005#81CC7FE0C40A37FF
006#7E8A8000FD0A37FF
007#90C67FE0CC0A37FF
008#7FF57FD0830A37FF
001#7F9E80E7AD9997FF
002#979F7FA7AD9997FF
003#8F1E7FD7AD9997FF
004#8DAE7FE7AD9997FF
005#81CC7FE0C40A37FF
006#7E8C8000FD0A37FF
007#90C68000CC0A37FF
008#7FF58010830A37FF
001#7FB280D7AD9997FF
002#97957F87AD9997FF
003#8F1D7FE7AD9997FF
004#8DAE7FE7AD9997FF
005#81CC7FC0C40A37FF
006#7E9180C0FD0A37FF
007#90C68000CC0A37FF
008#7FF57FE0830A37FF
001#7FC080C7AD9997FF
002#978D7F77AD9997FF
003#8F1E8007AD9997FF
004#8DAE7FE7AD9997FF
005#81CC8010C40A37FF
006#7EA581E0FD0A37FF
007#90C67FE0CC0A37FF
008#7FF57FD0830A37FF
001#7FD78137AD9997FF
002#97857F77AD9997FF
003#8F1D7FD7AD9997FF
004#8DAE7FE7AD9997FF
005#81CE8000C40A37FF
006#7EBF81D0FD0A37FF
007#90C68000CC0A37FF
008#7FF58000830A37FF
001#7FEB80F7AD9997FF
002#97807F87AD9997FF
003#8F1D7FE7AD9997FF
004#8DAE7FE7AD9997FF
005#81CC7FD0C40A37FF
006#7ED18190FD0A37FF
007#90C67FE0CC0A37FF
008#7FF57FD0830A37FF
001#80038147AD9997FF
002#977A7FB7AD9997FF
003#8F1D7FD7AD9997FF
004#8DAE7FE7AD9997FF
005#81CE8020C40A37FF
006#7EE88220FD0A37FF
007#90C67FD0CC0A37FF
008#7FF57FD0830A37FF
001#801480E7AD9997FF
002#97767FD7AD9997FF
003#8F1E7FE7AD9997FF
004#8DAE7FE7AD9997FF
005#81CE7FD0C40A37FF
006#7F088210FD0A37FF
007#90C68000CC0A37FF
008#7FF57FE0830A37FF
001#802C8117AD9997FF
002#97727FC7AD9997FF
003#8F1D7FD7AD9997FF
004#8DAE7FD7AD9997FF
005#81D480D0C40A37FF
006#7F178120FD0A37FF
007#90C68000CC0A37FF
008#7FF57FE0830A37FF
001#803B80A7AD9997FF
002#976F7FB7AD9997FF
003#8F1D8017AD9997FF
004#8DAE7FE7AD9997FF
005#81D68000C40A37FF
006#7F2981D0FD0A37FF
007#90C57FD0CC0A37FF
008#7FF57FE0830A37FF
001#804B8127AD9997FF
002#976C7FB7AD9997FF
003#8F1D7FC7AD9997FF
004#8DAE8007AD9997FF
005#81DB80A0C40A37FF
006#7F4481B0FD0A37FF
007#90C67FE0CC0A37FF
008#7FF57FD0830A37FF
001#805C80A7AD9997FF
002#97697FB7AD9997FF
003#8F1D7FD7AD9997FF
004#8DAE7FE7AD9997FF
005#81E680A0C40A37FF
006#7F487FE0FD0A37FF
007#90C57FD0CC0A37FF
008#7FF58000830A37FF
001#80628047AD9997FF
002#97667FC7AD9997FF
003#8F1D8027AD9997FF
004#8DAE8007AD9997FF
005#81EB8050C40A37FF
006#7F487FE0FD0A37FF
007#90C67FD0CC0A37FF
008#7FF57FE0830A37FF
001#80698047AD9997FF
002#97647FD7AD9997FF
003#8F1D7FE7AD9997FF
004#8DAE8007AD9997FF
005#81FC8160C40A37FF
006#7F487FE0FD0A37FF
007#90C58000CC0A37FF
008#7FF57FD0830A37FF
001#806C7FD7AD9997FF
002#97637FD7AD9997FF
003#8F1D7FE7AD9997FF
004#8DAE7FD7AD9997FF
005#82098150C40A37FF
006#7F488000FD0A37FF
007#90C67FE0CC0A37FF
008#7FF57FE0830A37FF
001#806C7FE7AD9997FF
002#97627FD7AD9997FF
003#8F1D7FE7AD9997FF
004#8DAE7FD7AD9997FF
005#820A8010C40A37FF
006#7F487FE0FD0A37FF
007#90C58000CC0A37FF
008#7FF57FD0830A37FF
001#806C7FD7AD9997FF
002#97607FD7AD9997FF
003#8F1D7FD7AD9997FF
004#8DAE7FD7AD9997FF
005#82077F90C40A37FF
006#7F488000FD0A37FF
007#90C67FE0CC0A37FF
008#7FF57FE0830A37FF
001#806C7FD7AD9997FF
002#97607FE7AD9997FF
003#8F1D7FD7AD9997FF
004#8DAE7FE7AD9997FF
005#82077FE0C40A37FF
006#7F487FE0FD0A37FF
007#90C57FD0CC0A37FF
008#7FF57FE0830A37FF
001#806B7FE7AD9997FF
002#97607FE7AD9997FF
003#8F1D7FD7AD9997FF
004#8DAE8007AD9997FF
005#82077FE0C40A37FF
006#7F487FE0FD0A37FF
007#90C58000CC0A37FF
008#7FF57FE0830A37FF
001#806B7FE7AD9997FF
002#97618007AD9997FF
003#8F1D7FE7AD9997FF
004#8DAE8007AD9997FF
005#82077FC0C40A37FF
006#7F488000FD0A37FF
007#90C68000CC0A37FF
008#7FF57FE0830A37FF
001#806B7FE7AD9997FF
002#97617FE7AD9997FF
003#8F1D7FE7AD9997FF
004#8DAE7FE7AD9997FF
005#82067FD0C40A37FF
006#7F487FD0FD0A37FF
007#90C57FD0CC0A37FF
008#7FF57FD0830A37FF
001#806B7FE7AD9997FF
002#97618007AD9997FF
003#8F1D7FE7AD9997FF
004#8DAE7FE7AD9997FF
005#82068000C40A37FF
006#7F487FE0FD0A37FF
007#90C58000CC0A37FF
008#7FF57FD0830A37FF
001#806C7FE7AD9997FF
002#97617FE7AD9997FF
003#8F1D8007AD9997FF
004#8DAE7FE7AD9997FF
005#82067FC0C40A37FF
006#7F487FE0FD0A37FF
007#90C57FE0CC0A37FF
008#7FF57FE0830A37FF
001#806B7FE7AD9997FF
002#97617FE7AD9997FF
003#8F1D7FE7AD9997FF
004#8DAE7FE7AD9997FF
005#82068000C40A37FF
006#7F487FD0FD0A37FF
007#90C58000CC0A37FF
008#7FF57FE0830A37FF
001#806B7FD7AD9997FF
002#97617FE7AD9997FF
003#8F1D7FE7AD9997FF
004#8DAE7FD7AD9997FF
005#82067FE0C40A37FF
006#7F487FE0FD0A37FF
007#90C58000CC0A37FF
008#7FF57FE0830A37FF
001#806B7FE7AD9997FF
002#97617FE7AD9997FF
003#8F1D7FE7AD9997FF
004#8DAE7FE7AD9997FF
005#82067FE0C40A37FF
006#7F487FE0FD0A37FF
007#90C57FD0CC0A37FF
008#7FF58000830A37FF
001#806C7FE7AD9997FF
002#97617FE7AD9997FF
003#8F1D7FD7AD9997FF
004#8DAE7FE7AD9997FF
005#82067FE0C40A37FF
006#7F487FE0FD0A37FF
007#90C57FE0CC0A37FF
008#7FF58000830A37FF
001#806C7FE7AD9997FF
002#97617FE7AD9997FF
003#8F1D7FE7AD9997FF
004#8DAE7FE7AD9997FF
005#82067FE0C40A37FF
006#7F487FE0FD0A37FF
007#90C57FE0CC0A37FF
008#7FF57FE0830A37FF
001#806C7FE7AD9997FF
002#97617FE7AD9997FF
003#8F1D8007AD9997FF
004#8DAE7FE7AD9997FF
005#82067FD0C40A37FF
006#7F487FD0FD0A37FF
007#90C68000CC0A37FF
008#7FF57FD0830A37FF
001#806C8007AD9997FF
002#97607FE7AD9997FF
003#8F1D8007AD9997FF
004#8DAF7FE7AD9997FF
005#82068000C40A37FF
006#7F487FE0FD0A37FF
007#90C67FE0CC0A37FF
008#7FF57FD0830A37FF
001#806C8007AD9997FF
002#97607FE7AD9997FF
003#8F1D7FE7AD9997FF
004#8DAF7FE7AD9997FF
005#82077FE0C40A37FF
006#7F488000FD0A37FF
007#90C68000CC0A37FF
008#7FF57FE0830A37FF
001#806C7FE7AD9997FF
002#975F7FE7AD9997FF
003#8F1D8007AD9997FF
004#8DAF7FD7AD9997FF
005#82067FE0C40A37FF
006#7F487FE0FD0A37FF
007#90C67FE0CC0A37FF
008#7FF58000830A37FF
001#806C7FE7AD9997FF
002#97608007AD9997FF
003#8F1D7FD7AD9997FF
004#8DAF8007AD9997FF
005#82067FD0C40A37FF
006#7F487FD0FD0A37FF
007#90C68000CC0A37FF
008#7FF57FE0830A37FF
001#806C7FE7AD9997FF
002#975F7FE7AD9997FF
003#8F1D7FE7AD9997FF
004#8DAF8017AD9997FF
005#82047FB0C40A37FF
006#7F487FE0FD0A37FF
007#90C67FE0CC0A37FF
008#7FF57FE0830A37FF
001#806C7FE7AD9997FF
002#97607FE7AD9997FF
003#8F1D7FE7AD9997FF
004#8DAF7FE7AD9997FF
005#81FF7F20C40A37FF
006#7F487FE0FD0A37FF
007#90C67FD0CC0A37FF
008#7FF58000830A37FF
001#806C7FE7AD9997FF
002#97607FE7AD9997FF
003#8F1D7FD7AD9997FF
004#8DAF7FE7AD9997FF
005#81F77F20C40A37FF
006#7F487FE0FD0A37FF
007#90C67FE0CC0A37FF
008#7FF58000830A37FF
001#806B7FE7AD9997FF
002#97607FE7AD9997FF
003#8F1D7FD7AD9997FF
004#8DAF7FD7AD9997FF
005#81EF7F30C40A37FF
006#7F488000FD0A37FF
007#90C67FE0CC0A37FF
008#7FF57FE0830A37FF
001#806B7FE7AD9997FF
002#97618007AD9997FF
003#8F1D7FD7AD9997FF
004#8DAF7FE7AD9997FF
005#81E07E80C40A37FF
006#7F487FD0FD0A37FF
007#90C67FE0CC0A37FF
008#7FF57FD0830A37FF
001#806B7FD7AD9997FF
002#97658037AD9997FF
003#8F1D7FE7AD9997FF
004#8DAF7FE7AD9997FF
005#81CF7E90C40A37FF
006#7F487FE0FD0A37FF
007#90C68000CC0A37FF
008#7FF57FE0830A37FF
001#80657F57AD9997FF
002#976A8047AD9997FF
003#8F1D7FE7AD9997FF
004#8DAF7FE7AD9997FF
005#81BF7EA0C40A37FF
006#7F488000FD0A37FF
007#90C67FD0CC0A37FF
008#7FF57FD0830A37FF
001#805C7F67AD9997FF
002#97718027AD9997FF
003#8F1D7FE7AD9997FF
004#8DAF8007AD9997FF
005#81B57FA0C40A37FF
006#7F488000FD0A37FF
007#90C57FE0CC0A37FF
008#7FF57FE0830A37FF
001#80557F77AD9997FF
002#977C80A7AD9997FF
003#8F1C7FD7AD9997FF
004#8DAF8017AD9997FF
005#81B47FE0C40A37FF
006#7F487FE0FD0A37FF
007#90C67FD0CC0A37FF
008#7FF57FE0830A37FF
001#804E7F77AD9997FF
002#978C8107AD9997FF
003#8F1C7FE7AD9997FF
004#8DAF7FD7AD9997FF
005#81B47FE0C40A37FF
006#7F487FD0FD0A37FF
007#90C68000CC0A37FF
008#7FF57FE0830A37FF
001#804B7FB7AD9997FF
002#979D80D7AD9997FF
003#8F1C7F77AD9997FF
004#8DAF7FE7AD9997FF
005#81B47FD0C40A37FF
006#7F488000FD0A37FF
007#90C58000CC0A37FF
008#7FF57FE0830A37FF
001#80447FB7AD9997FF
002#97AF8127AD9997FF
003#8F177F17AD9997FF
004#8DB07FE7AD9997FF
005#81AD7F70C40A37FF
006#7F477FD0FD0A37FF
007#90C57FE0CC0A37FF
008#7FF57FD0830A37FF
001#803E7FC7AD9997FF
002#97C88127AD9997FF
003#8F188017AD9997FF
004#8DB07FE7AD9997FF
005#81AD7FB0C40A37FF
006#7F477FD0FD0A37FF
007#90C57FD0CC0A37FF
008#7FF58000830A37FF
001#803E7FE7AD9997FF
002#97DE8147AD9997FF
003#8F187FE7AD9997FF
004#8DB07FE7AD9997FF
005#81AD8020C40A37FF
006#7F477FE0FD0A37FF
007#90C58010CC0A37FF
008#7FF57FD0830A37FF
001#803A7F77AD9997FF
002#97F88137AD9997FF
003#8F188007AD9997FF
004#8DB07FE7AD9997FF
005#81AD7FE0C40A37FF
006#7F458000FD0A37FF
007#90C58000CC0A37FF
008#7FF58000830A37FF
001#80367FE7AD9997FF
002#980E8137AD9997FF
003#8F187FE7AD9997FF
004#8DAF7FE7AD9997FF
005#81AD8000C40A37FF
006#7F457FD0FD0A37FF
007#90C57FD0CC0A37FF
008#7FF57FE0830A37FF
001#80367FD7AD9997FF
002#98248117AD9997FF
003#8F188007AD9997FF
004#8DB07FE7AD9997FF
005#81AD8000C40A37FF
006#7F448000FD0A37FF
007#90C57FE0CC0A37FF
008#7FF57FE0830A37FF
001#80368007AD9997FF
002#98358107AD9997FF
003#8F187FE7AD9997FF
004#8DB07FE7AD9997FF
005#81AF7FE0C40A37FF
006#7F447FE0FD0A37FF
007#90C57FD0CC0A37FF
008#7FF58000830A37FF
001#80367FE7AD9997FF
002#984980B7AD9997FF
003#8F187FE7AD9997FF
004#8DAF7FE7AD9997FF
005#81AF7FE0C40A37FF
006#7F447FE0FD0A37FF
007#90C58000CC0A37FF
008#7FF57FE0830A37FF
001#80367FE7AD9997FF
002#985680A7AD9997FF
003#8F187FE7AD9997FF
004#8DAF7FD7AD9997FF
005#81B08000C40A37FF
006#7F447FD0FD0A37FF
007#90C57FE0CC0A37FF
008#7FF57FE0830A37FF
001#80367FE7AD9997FF
002#986480A7AD9997FF
003#8F187FE7AD9997FF
004#8DAF7FE7AD9997FF
005#81B07FE0C40A37FF
006#7F447FE0FD0A37FF
007#90C58000CC0A37FF
008#7FF58000830A37FF
001#80367FE7AD9997FF
002#987280B7AD9997FF
003#8F188007AD9997FF
004#8DB08007AD9997FF
005#81B07FE0C40A37FF
006#7F447FE0FD0A37FF
007#90C48000CC0A37FF
008#7FF57FD0830A37FF
001#80367FE7AD9997FF
002#987B80A7AD9997FF
003#8F187FD7AD9997FF
004#8DB08007AD9997FF
005#81AF7FD0C40A37FF
006#7F447FE0FD0A37FF
007#90C48000CC0A37FF
008#7FF58000830A37FF
001#80367FE7AD9997FF
002#98888087AD9997FF
003#8F187FE7AD9997FF
004#8DAF7FE7AD9997FF
005#81B07FE0C40A37FF
006#7F437FC0FD0A37FF
007#90C47FE0CC0A37FF
008#7FF57FD0830A37FF
001#80367FE7AD9997FF
002#98908047AD9997FF
003#8F187FE7AD9997FF
004#8DAF8007AD9997FF
005#81B07FD0C40A37FF
006#7F427FD0FD0A37FF
007#90C47FD0CC0A37FF
008#7FF57FD0830A37FF
001#80357FD7AD9997FF
002#98968037AD9997FF
003#8F187FE7AD9997FF
004#8DB07FE7AD9997FF
005#81AF7FD0C40A37FF
006#7F407FB0FD0A37FF
007#90C48010CC0A37FF
008#7FF57FE0830A37FF
001#80317FA7AD9997FF
002#98988007AD9997FF
003#8F188007AD9997FF
004#8DAF7FE7AD9997FF
005#81AD7FD0C40A37FF
006#7F3B7FA0FD0A37FF
007#90C47FB0CC0A37FF
008#7FF57FE0830A37FF
001#80317FE7AD9997FF
002#98977FD7AD9997FF
003#8F187FE7AD9997FF
004#8DAF7FD7AD9997FF
005#81AF7FC0C40A37FF
006#7F3C7FD0FD0A37FF
007#90C37FD0CC0A37FF
008#7FF58000830A37FF
001#80317FD7AD9997FF
002#98977FE7AD9997FF
003#8F187FE7AD9997FF
004#8DAF7FE7AD9997FF
005#81AD8000C40A37FF
006#7F3C8000FD0A37FF
007#90C47FE0CC0A37FF
008#7FF58000830A37FF
001#80307FD7AD9997FF
002#98967FD7AD9997FF
003#8F188007AD9997FF
004#8DAF7FE7AD9997FF
005#81AF8010C40A37FF
006#7F3B7FE0FD0A37FF
007#90C38000CC0A37FF
008#7FF57FE0830A37FF
001#802B7F97AD9997FF
002#98958007AD9997FF
003#8F188007AD9997FF
004#8DAF7FE7AD9997FF
005#81AF8000C40A37FF
006#7F3B7FE0FD0A37FF
007#90C37FD0CC0A37FF
008#7FF58000830A37FF
001#802A7FE7AD9997FF
002#98968007AD9997FF
003#8F187FE7AD9997FF
004#8DAF7FE7AD9997FF
005#81B08000C40A37FF
006#7F3B7FE0FD0A37FF
007#90C38000CC0A37FF
008#7FF57FE0830A37FF
001#802A7FE7AD9997FF
002#98978007AD9997FF
003#8F187FE7AD9997FF
004#8DAF7FE7AD9997FF
005#81AF7FD0C40A37FF
006#7F3B8000FD0A37FF
007#90C37FE0CC0A37FF
008#7FF58000830A37FF
001#802A7FD7AD9997FF
002#98977FE7AD9997FF
003#8F187FE7AD9997FF
004#8DB08017AD9997FF
005#81AF7FE0C40A37FF
006#7F3B8000FD0A37FF
007#90C27FD0CC0A37FF
008#7FF58010830A37FF
001#802A7FE7AD9997FF
002#98987FE7AD9997FF
003#8F187FE7AD9997FF
004#8DAF7FD7AD9997FF
005#81AF7FE0C40A37FF
006#7F3B7FE0FD0A37FF
007#90C38000CC0A37FF
008#7FF57FE0830A37FF
001#802A7FD7AD9997FF
002#98987FE7AD9997FF
003#8F187FE7AD9997FF
004#8DAF7FE7AD9997FF
005#81AF7FD0C40A37FF
006#7F3B7FE0FD0A37FF
007#90C37FE0CC0A37FF
008#7FF57FE0830A37FF
001#802A7FE7AD9997FF
002#98998007AD9997FF
003#8F187FE7AD9997FF
004#8DAF7FE7AD9997FF
005#81AF7FE0C40A37FF
006#7F3B8000FD0A37FF
007#90C27FD0CC0A37FF
008#7FF57FE0830A37FF
001#802A7FE7AD9997FF
002#98998007AD9997FF
003#8F188007AD9997FF
004#8DAF7FE7AD9997FF
005#81AF7FE0C40A37FF
006#7F3B7FE0FD0A37FF
007#90C27FE0CC0A37FF
008#7FF57FD0830A37FF
001#802A7FE7AD9997FF
002#98998007AD9997FF
003#8F187FE7AD9997FF
004#8DAF7FD7AD9997FF
005#81B08000C40A37FF
006#7F3B7FD0FD0A37FF
007#90C27FD0CC0A37FF
008#7FF57FE0830A37FF
001#802A7FE7AD9997FF
002#989B8017AD9997FF
003#8F187FE7AD9997FF
004#8DAF7FD7AD9997FF
005#81B07FE0C40A37FF
006#7F3B7FD0FD0A37FF
007#90C27FE0CC0A37FF
008#7FF58000830A37FF
001#802A7FD7AD9997FF
002#989D8037AD9997FF
003#8F187FE7AD9997FF
004#8DAF7FE7AD9997FF
005#81B08010C40A37FF
006#7F3B7FE0FD0A37FF
007#90C38000CC0A37FF
008#7FF57FD0830A37FF
001#802A7FE7AD9997FF
002#989E8007AD9997FF
003#8F187FE7AD9997FF
004#8DAF7FE7AD9997FF
005#81B28060C40A37FF
006#7F3B7FD0FD0A37FF
007#90C38000CC0A37FF
008#7FF58000830A37FF
001#802B7FE7AD9997FF
002#989E7FE7AD9997FF
003#8F187FD7AD9997FF
004#8DAF7FE7AD9997FF
005#81BC8080C40A37FF
006#7F3B7FD0FD0A37FF
007#90C37FE0CC0A37FF
008#7FF57FE0830A37FF
001#802A7FD7AD9997FF
002#989F7FE7AD9997FF
003#8F187FD7AD9997FF
004#8DAF8007AD9997FF
005#81C780C0C40A37FF
006#7F3B7FE0FD0A37FF
007#90C38000CC0A37FF
008#7FF57FE0830A37FF
001#802B8007AD9997FF
002#989F7FE7AD9997FF
003#8F187FE7AD9997FF
004#8DB07FE7AD9997FF
005#81D18070C40A37FF
006#7F3B7FE0FD0A37FF
007#90C37FE0CC0A37FF
008#7FF58000830A37FF
001#802B7FE7AD9997FF
002#989F7FE7AD9997FF
003#8F187FE7AD9997FF
004#8DB07FE7AD9997FF
005#81DE8120C40A37FF
006#7F3B7FD0FD0A37FF
007#90C37FD0CC0A37FF
008#7FF57FE0830A37FF
001#802B7FE7AD9997FF
002#989F7FE7AD9997FF
003#8F187FD7AD9997FF
004#8DAF7FE7AD9997FF
005#81F28190C40A37FF
006#7F3A7FD0FD0A37FF
007#90C37FE0CC0A37FF
008#7FF57FE0830A37FF
001#802B8007AD9997FF
002#989F7FE7AD9997FF
003#8F188007AD9997FF
004#8DB07FE7AD9997FF
005#82078170C40A37FF
006#7F367F70FD0A37FF
007#90C37FE0CC0A37FF
008#7FF58000830A37FF
001#802B8007AD9997FF
002#98A08007AD9997FF
003#8F188007AD9997FF
004#8DAF8007AD9997FF
005#821680D0C40A37FF
006#7F2B7F30FD0A37FF
007#90C38000CC0A37FF
008#7FF58000830A37FF
001#802B7FE7AD9997FF
002#98A08007AD9997FF
003#8F187FE7AD9997FF
004#8DB07FE7AD9997FF
005#821E8050C40A37FF
006#7F287FE0FD0A37FF
007#90C37FE0CC0A37FF
008#7FF57FE0830A37FF
001#802B7FE7AD9997FF
002#98A38017AD9997FF
003#8F187FD7AD9997FF
004#8DB07FE7AD9997FF
005#821B7FB0C40A37FF
006#7F288000FD0A37FF
007#90C37FE0CC0A37FF
008#7FF58000830A37FF
001#802B7FD7AD9997FF
002#98A68037AD9997FF
003#8F187FD7AD9997FF
004#8DAF7FE7AD9997FF
005#821B7FD0C40A37FF
006#7F287FD0FD0A37FF
007#90C47FE0CC0A37FF
008#7FF57FD0830A37FF
001#802B7FE7AD9997FF
002#98AE8077AD9997FF
003#8F187FE7AD9997FF
004#8DB07FE7AD9997FF
005#821B7FE0C40A37FF
006#7F287FE0FD0A37FF
007#90C48020CC0A37FF
008#7FF57FE0830A37FF
001#802B7FE7AD9997FF
002#98BB8097AD9997FF
003#8F187FE7AD9997FF
004#8DB07FE7AD9997FF
005#821B8000C40A37FF
006#7F288000FD0A37FF
007#90C57FE0CC0A37FF
008#7FF57FE0830A37FF
001#802B7FE7AD9997FF
002#98C980C7AD9997FF
003#8F188017AD9997FF
004#8DB07FE7AD9997FF
005#821B7FE0C40A37FF
006#7F287FE0FD0A37FF
007#90C48010CC0A37FF
008#7FF57FE0830A37FF
001#802B7FE7AD9997FF
002#98D680F7AD9997FF
003#8F188007AD9997FF
004#8DAF7FE7AD9997FF
005#821B7FD0C40A37FF
006#7F287FE0FD0A37FF
007#90C47FE0CC0A37FF
008#7FF57FE0830A37FF
001#802B7FE7AD9997FF
002#98E880B7AD9997FF
003#8F187FD7AD9997FF
004#8DAF8007AD9997FF
005#821B7FE0C40A37FF
006#7F287FD0FD0A37FF
007#90C47FE0CC0A37FF
008#7FF57FE0830A37FF
001#802B7FE7AD9997FF
002#98F580A7AD9997FF
003#8F187FE7AD9997FF
004#8DAF7FE7AD9997FF
005#821B7FD0C40A37FF
006#7F287FE0FD0A37FF
007#90C47FD0CC0A37FF
008#7FF57FE0830A37FF
001#802B7FE7AD9997FF
002#98FE8097AD9997FF
003#8F187FE7AD9997FF
004#8DAF7FE7AD9997FF
005#82197FD0C40A37FF
006#7F287FD0FD0A37FF
007#90C48020CC0A37FF
008#7FF58000830A37FF
001#802B7FE7AD9997FF
002#990B8097AD9997FF
003#8F187FE7AD9997FF
004#8DAF7FE7AD9997FF
005#82167F60C40A37FF
006#7F287FD0FD0A37FF
007#90C47FD0CC0A37FF
008#7FF57FE0830A37FF
001#802B7FD7AD9997FF
002#99128057AD9997FF
003#8F187FE7AD9997FF
004#8DB07FE7AD9997FF
005#820F7FC0C40A37FF
006#7F287FD0FD0A37FF
007#90C37FD0CC0A37FF
008#7FF57FD0830A37FF
001#802A7FE7AD9997FF
002#99148007AD9997FF
003#8F187FD7AD9997FF
004#8DAF7FE7AD9997FF
005#82117FE0C40A37FF
006#7F287FE0FD0A37FF
007#90C47FD0CC0A37FF
008#7FF57FD0830A37FF
001#802A7FE7AD9997FF
002#99157FE7AD9997FF
003#8F187FD7AD9997FF
004#8DAF7FE7AD9997FF
005#820F7FE0C40A37FF
006#7F287FE0FD0A37FF
007#90C47FE0CC0A37FF
008#7FF58010830A37FF
001#802A7FE7AD9997FF
002#99147FD7AD9997FF
003#8F187FE7AD9997FF
004#8DAF7FE7AD9997FF
005#820E7FC0C40A37FF
006#7F288000FD0A37FF
007#90C37FD0CC0A37FF
008#7FF57FE0830A37FF
001#80297FD7AD9997FF
002#99147FE7AD9997FF
003#8F187FD7AD9997FF
004#8DAF8007AD9997FF
005#820E8000C40A37FF
006#7F287FE0FD0A37FF
007#90C37FD0CC0A37FF
008#7FF58010830A37FF
001#80297FE7AD9997FF
002#99137FD7AD9997FF
003#8F187FE7AD9997FF
004#8DAF7FD7AD9997FF
005#820E7FE0C40A37FF
006#7F287FD0FD0A37FF
007#90C38000CC0A37FF
008#7FF57FD0830A37FF
001#80297FE7AD9997FF
002#99137FE7AD9997FF
003#8F187FE7AD9997FF
004#8DAF7FE7AD9997FF
005#820C7FA0C40A37FF
006#7F287FE0FD0A37FF
007#90C37FE0CC0A37FF
008#7FF57FD0830A37FF
001#80297FE7AD9997FF
002#99137FE7AD9997FF
003#8F187FE7AD9997FF
004#8DAF7FE7AD9997FF
005#82067F80C40A37FF
006#7F287FE0FD0A37FF
007#90C37FE0CC0A37FF
008#7FF58000830A37FF
001#802A7FE7AD9997FF
002#99147FE7AD9997FF
003#8F187FE7AD9997FF
004#8DAF7FE7AD9997FF
005#82027FD0C40A37FF
006#7F287FE0FD0A37FF
007#90C37FE0CC0A37FF
008#7FF57FE0830A37FF
001#80297FE7AD9997FF
002#99137FE7AD9997FF
003#8F187FE7AD9997FF
004#8DAF7FD7AD9997FF
005#82027FE0C40A37FF
006#7F287FE0FD0A37FF
007#90C47FE0CC0A37FF
008#7FF57FE0830A37FF
001#80297FE7AD9997FF
002#99137FE7AD9997FF
003#8F187FD7AD9997FF
004#8DAF7FE7AD9997FF
005#82027FE0C40A37FF
006#7F287FE0FD0A37FF
007#90C48000CC0A37FF
008#7FF57FE0830A37FF
001#80297FE7AD9997FF
002#99127FD7AD9997FF
003#8F187FD7AD9997FF
004#8DAF7FE7AD9997FF
005#81FC7F10C40A37FF
006#7F288000FD0A37FF
007#90C47FD0CC0A37FF
008#7FF57FE0830A37FF
001#80297FE7AD9997FF
002#990E7F97AD9997FF
003#8F187FE7AD9997FF
004#8DAF7FE7AD9997FF
005#81F77F70C40A37FF
006#7F287FE0FD0A37FF
007#90C48000CC0A37FF
008#7FF58000830A37FF
001#80297FE7AD9997FF
002#990A7FC7AD9997FF
003#8F187FE7AD9997FF
004#8DAF8007AD9997FF
005#81F27FA0C40A37FF
006#7F287FE0FD0A37FF
007#90C58010CC0A37FF
008#7FF57FE0830A37FF
001#80297FE7AD9997FF
002#99037F77AD9997FF
003#8F187FD7AD9997FF
004#8DAF7FD7AD9997FF
005#81F28000C40A37FF
006#7F287FE0FD0A37FF
007#90C47FC0CC0A37FF
008#7FF57FE0830A37FF
001#80297FE7AD9997FF
002#98FB7F67AD9997FF
003#8F187FE7AD9997FF
004#8DAF8007AD9997FF
005#81F28000C40A37FF
006#7F298000FD0A37FF
007#90C58000CC0A37FF
008#7FF58000830A37FF
001#80297FE7AD9997FF
002#98F37F57AD9997FF
003#8F187FD7AD9997FF
004#8DAF7FE7AD9997FF
005#81F07FD0C40A37FF
006#7F298000FD0A37FF
007#90C58010CC0A37FF
008#7FF58000830A37FF
001#80277FC7AD9997FF
002#98EB7F97AD9997FF
003#8F187FE7AD9997FF
004#8DAF7FE7AD9997FF
005#81EF7FC0C40A37FF
006#7F298000FD0A37FF
007#90C57FE0CC0A37FF
008#7FF58000830A37FF
001#80237FC7AD9997FF
002#98E67FC7AD9997FF
003#8F188007AD9997FF
004#8DAF8007AD9997FF
005#81E87F20C40A37FF
006#7F297FE0FD0A37FF
007#90C47FD0CC0A37FF
008#7FF57FE0830A37FF
001#80237FE7AD9997FF
002#98DF7FC7AD9997FF
003#8F177FD7AD9997FF
004#8DAF7FE7AD9997FF
005#81E87FD0C40A37FF
006#7F297FD0FD0A37FF
007#90C47FC0CC0A37FF
008#7FF58000830A37FF
001#80237FE7AD9997FF
002#98DF8007AD9997FF
003#8F177F97AD9997FF
004#8DAF7FE7AD9997FF
005#81E57FA0C40A37FF
006#7F297FE0FD0A37FF
007#90C57FE0CC0A37FF
008#7FF57FE0830A37FF
001#80227FE7AD9997FF
002#98E28027AD9997FF
003#8F147F37AD9997FF
004#8DAF8007AD9997FF
005#81E58000C40A37FF
006#7F297FE0FD0A37FF
007#90C57FE0CC0A37FF
008#7FF57FE0830A37FF
001#80227FE7AD9997FF
002#98E68037AD9997FF
003#8F0F7EC7AD9997FF
004#8DAF7FE7AD9997FF
005#81E37FA0C40A37FF
006#7F2B8000FD0A37FF
007#90C57FE0CC0A37FF
008#7FF57FE0830A37FF
001#80238007AD9997FF
002#98E98017AD9997FF
003#8F087DE7AD9997FF
004#8DAF7FE7AD9997FF
005#81DE7FB0C40A37FF
006#7F297FE0FD0A37FF
007#90C57FE0CC0A37FF
008#7FF57FC0830A37FF
001#80237FE7AD9997FF
002#98EF8027AD9997FF
003#8F007E37AD9997FF
004#8DAF7FE7AD9997FF
005#81DE7FE0C40A37FF
006#7F297FE0FD0A37FF
007#90C57FD0CC0A37FF
008#7FF58000830A37FF
001#80237FE7AD9997FF
002#98EF8007AD9997FF
003#8EF77DD7AD9997FF
004#8DAF8007AD9997FF
005#81DE7FE0C40A37FF
006#7F297FE0FD0A37FF
007#90C47FE0CC0A37FF
008#7FF58000830A37FF
001#80237FE7AD9997FF
002#98F08007AD9997FF
003#8EF27EC7AD9997FF
004#8DAF7FE7AD9997FF
005#81DE7FE0C40A37FF
006#7F297FD0FD0A37FF
007#90C47FE0CC0A37FF
008#7FF57FE0830A37FF
001#80237FE7AD9997FF
002#98EF7FD7AD9997FF
003#8EEF7F07AD9997FF
004#8DAF7FD7AD9997FF
005#81DE8010C40A37FF
006#7F298000FD0A37FF
007#90C57FE0CC0A37FF
008#7FF57FE0830A37FF
001#80237FE7AD9997FF
002#98EF7FE7AD9997FF
003#8EE87E37AD9997FF
004#8DAF7FE7AD9997FF
005#81DE8010C40A37FF
006#7F297FD0FD0A37FF
007#90C57FE0CC0A37FF
008#7FF58000830A37FF
001#80237FE7AD9997FF
002#98EF7FD7AD9997FF
003#8EE37EF7AD9997FF
004#8DAF7FE7AD9997FF
005#81DE7FD0C40A37FF
006#7F297FE0FD0A37FF
007#90C58000CC0A37FF
008#7FF58000830A37FF
001#80237FE7AD9997FF
002#98EF7FE7AD9997FF
003#8EE37FE7AD9997FF
004#8DAF7FE7AD9997FF
005#81DE7FD0C40A37FF
006#7F298000FD0A37FF
007#90C57FE0CC0A37FF
008#7FF58000830A37FF
001#80237FE7AD9997FF
002#98EF7FE7AD9997FF
003#8EE38007AD9997FF
004#8DAF7FD7AD9997FF
005#81DE7FE0C40A37FF
006#7F297FE0FD0A37FF
007#90C57FE0CC0A37FF
008#7FF57FE0830A37FF
001#80237FE7AD9997FF
002#98EF7FD7AD9997FF
003#8EE38007AD9997FF
004#8DAF7FD7AD9997FF
005#81DE7FE0C40A37FF
006#7F297FE0FD0A37FF
007#90C57FE0CC0A37FF
008#7FF58000830A37FF
001#80238007AD9997FF
002#98F08007AD9997FF
003#8EE37FE7AD9997FF
004#8DAF7FE7AD9997FF
005#81DE8000C40A37FF
006#7F297FE0FD0A37FF
007#90C57FE0CC0A37FF
008#7FF57FE0830A37FF
001#80237FE7AD9997FF
002#98EF7FE7AD9997FF
003#8EE37FE7AD9997FF
004#8DAF7FE7AD9997FF
005#81DE7FE0C40A37FF
006#7F298000FD0A37FF
007#90C57FE0CC0A37FF
008#7FF58000830A37FF
001#80237FE7AD9997FF
002#98EF7FD7AD9997FF
003#8EE37FE7AD9997FF
004#8DAF7FE7AD9997FF
005#81DE7FE0C40A37FF
006#7F298000FD0A37FF
007#90C57FE0CC0A37FF
008#7FF57FE0830A37FF
001#80238007AD9997FF
002#98EF7FD7AD9997FF
003#8EE37FE7AD9997FF
004#8DAF7FE7AD9997FF
005#81DE7FE0C40A37FF
006#7F297FE0FD0A37FF
007#90C57FE0CC0A37FF
008#7FF57FE0830A37FF
001#80237FE7AD9997FF
002#98EF7FE7AD9997FF
003#8EE37FE7AD9997FF
004#8DAF7FE7AD9997FF
005#81DE7FE0C40A37FF
006#7F297FD0FD0A37FF
007#90C57FD0CC0A37FF
008#7FF57FE0830A37FF
001#80237FD7AD9997FF
002#98F07FE7AD9997FF
003#8EE37FE7AD9997FF
004#8DAF8007AD9997FF
005#81DE8000C40A37FF
006#7F297FE0FD0A37FF
007#90C57FE0CC0A37FF
008#7FF57FE0830A37FF
001#80237FD7AD9997FF
002#98F18007AD9997FF
003#8EE38007AD9997FF
004#8DAF8007AD9997FF
005#81DE7FE0C40A37FF
006#7F297FE0FD0A37FF
007#90C57FE0CC0A37FF
008#7FF57FE0830A37FF
001#80237FE7AD9997FF
002#98F38027AD9997FF
003#8EE37FE7AD9997FF
004#8DAF7FE7AD9997FF
005#81DE8000C40A37FF
006#7F298000FD0A37FF
007#90C47FE0CC0A37FF
008#7FF57FE0830A37FF
001#80237FE7AD9997FF
002#98F58017AD9997FF
003#8EE37FE7AD9997FF
004#8DB07FE7AD9997FF
005#81DE7FE0C40A37FF
006#7F297FE0FD0A37FF
007#90C57FE0CC0A37FF
008#7FF58000830A37FF
001#80238007AD9997FF
002#98F78027AD9997FF
003#8EE37FE7AD9997FF
004#8DB08007AD9997FF
005#81DE8000C40A37FF
006#7F297FE0FD0A37FF
007#90C58000CC0A37FF
008#7FF57FD0830A37FF
001#80237FE7AD9997FF
002#98FD8047AD9997FF
003#8EE37FE7AD9997FF
004#8DB07FE7AD9997FF
005#81DE7FE0C40A37FF
006#7F297FE0FD0A37FF
007#90C57FE0CC0A37FF
008#7FF58000830A37FF
001#80237FD7AD9997FF
002#99048067AD9997FF
003#8EE37FE7AD9997FF
004#8DAF7FE7AD9997FF
005#81DE7FD0C40A37FF
006#7F297FE0FD0A37FF
007#90C58010CC0A37FF
008#7FF57FE0830A37FF
001#80237FE7AD9997FF
002#990D8097AD9997FF
003#8EE37FE7AD9997FF
004#8DB07FE7AD9997FF
005#81DE7FD0C40A37FF
006#7F297FE0FD0A37FF
007#90C47FE0CC0A37FF
008#7FF57FE0830A37FF
001#80237FE7AD9997FF
002#991A80A7AD9997FF
003#8EE37FE7AD9997FF
004#8DB07FD7AD9997FF
005#81E07FE0C40A37FF
006#7F297FE0FD0A37FF
007#90C58000CC0A37FF
008#7FF57FE0830A37FF
001#80237FE7AD9997FF
002#992680A7AD9997FF
003#8EE37FE7AD9997FF
004#8DB07FE7AD9997FF
005#81DE7FE0C40A37FF
006#7F297FD0FD0A37FF
007#90C47FD0CC0A37FF
008#7FF58000830A37FF
001#80237FE7AD9997FF
002#99338097AD9997FF
003#8EE37FE7AD9997FF
004#8DB07FE7AD9997FF
005#81E07FE0C40A37FF
006#7F297FD0FD0A37FF
007#90C58000CC0A37FF
008#7FF57FE0830A37FF
001#80237FE7AD9997FF
002#994280A7AD9997FF
003#8EE37FE7AD9997FF
004#8DB08007AD9997FF
005#81E08020C40A37FF
006#7F298000FD0A37FF
007#90C57FE0CC0A37FF
008#7FF57FE0830A37FF
001#80237FE7AD9997FF
002#994E8097AD9997FF
003#8EE37FE7AD9997FF
004#8DB07FD7AD9997FF
005#81E08000C40A37FF
006#7F287FE0FD0A37FF
007#90C48000CC0A37FF
008#7FF58000830A37FF
001#80237FE7AD9997FF
002#99578067AD9997FF
003#8EE37FE7AD9997FF
004#8DB07FE7AD9997FF
005#81E07FE0C40A37FF
006#7F287FD0FD0A37FF
007#90C48010CC0A37FF
008#7FF57FE0830A37FF
001#80237FE7AD9997FF
002#99648097AD9997FF
003#8EE37FE7AD9997FF
004#8DB07FE7AD9997FF
005#81E08000C40A37FF
006#7F287FE0FD0A37FF
007#90C47FE0CC0A37FF
008#7FF57FE0830A37FF
001#80237FE7AD9997FF
002#996C8047AD9997FF
003#8EE37FE7AD9997FF
004#8DB07FD7AD9997FF
005#81E07FE0C40A37FF
006#7F288000FD0A37FF
007#90C37FD0CC0A37FF
008#7FF57FE0830A37FF
001#80237FD7AD9997FF
002#99708067AD9997FF
003#8EE37FE7AD9997FF
004#8DB07FE7AD9997FF
005#81E07FD0C40A37FF
006#7F287FE0FD0A37FF
007#90C38010CC0A37FF
008#7FF57FE0830A37FF
001#80237FE7AD9997FF
002#99768047AD9997FF
003#8EE37FD7AD9997FF
004#8DB07FE7AD9997FF
005#81E07FD0C40A37FF
006#7F287FE0FD0A37FF
007#90C37FC0CC0A37FF
008#7FF57FD0830A37FF
001#80237FE7AD9997FF
002#99798027AD9997FF
003#8EE37FE7AD9997FF
004#8DB07FE7AD9997FF
005#81E08000C40A37FF
006#7F287FE0FD0A37FF
007#90C47FD0CC0A37FF
008#7FF57FE0830A37FF
001#80237FE7AD9997FF
002#997B8007AD9997FF
003#8EE37FE7AD9997FF
004#8DB08007AD9997FF
005#81E08000C40A37FF
006#7F287FE0FD0A37FF
007#90C27FE0CC0A37FF
008#7FF57FD0830A37FF
001#80237FE7AD9997FF
002#99808027AD9997FF
003#8EE37FE7AD9997FF
004#8DAF7FC7AD9997FF
005#81E07FE0C40A37FF
006#7F287FE0FD0A37FF
007#90C38000CC0A37FF
008#7FF57FD0830A37FF
001#80237FE7AD9997FF
002#99828007AD9997FF
003#8EE37FD7AD9997FF
004#8DB07FE7AD9997FF
005#81E08000C40A37FF
006#7F287FE0FD0A37FF
007#90C28000CC0A37FF
008#7FF57FE0830A37FF
001#80237FE7AD9997FF
002#99868037AD9997FF
003#8EE37FE7AD9997FF
004#8DAF7FE7AD9997FF
005#81E07FD0C40A37FF
006#7F287FE0FD0A37FF
007#90C37FE0CC0A37FF
008#7FF57FE0830A37FF
001#80237FE7AD9997FF
002#99898007AD9997FF
003#8EE37FE7AD9997FF
004#8DB08007AD9997FF
005#81E07FC0C40A37FF
006#7F287FE0FD0A37FF
007#90C37FD0CC0A37FF
008#7FF57FE0830A37FF
001#80237FE7AD9997FF
002#998A8007AD9997FF
003#8EE37FE7AD9997FF
004#8DAF7FE7AD9997FF
005#81E07FE0C40A37FF
006#7F287FE0FD0A37FF
007#90C37FE0CC0A37FF
008#7FF58000830A37FF
001#80237FE7AD9997FF
002#998B8007AD9997FF
003#8EE37FE7AD9997FF
004#8DB08007AD9997FF
005#81E08000C40A37FF
006#7F288000FD0A37FF
007#90C38000CC0A37FF
008#7FF57FE0830A37FF
001#80237FE7AD9997FF
002#99908027AD9997FF
003#8EE37FE7AD9997FF
004#8DAF7FE7AD9997FF
005#81E07FD0C40A37FF
006#7F287FE0FD0A37FF
007#90C37FE0CC0A37FF
008#7FF57FD0830A37FF
001#80237FD7AD9997FF
002#99917FE7AD9997FF
003#8EE38007AD9997FF
004#8DB08007AD9997FF
005#81E08000C40A37FF
006#7F298000FD0A37FF
007#90C38010CC0A37FF
008#7FF57FE0830A37FF
001#80237FE7AD9997FF
002#99917FE7AD9997FF
003#8EE37FE7AD9997FF
004#8DB07FE7AD9997FF
005#81E07FD0C40A37FF
006#7F298000FD0A37FF
007#90C47FE0CC0A37FF
008#7FF57FE0830A37FF
001#80237FD7AD9997FF
002#99927FE7AD9997FF
003#8EE37FE7AD9997FF
004#8DAF8007AD9997FF
005#81E07FC0C40A37FF
006#7F287FE0FD0A37FF
007#90C47FE0CC0A37FF
008#7FF58000830A37FF
001#80238007AD9997FF
002#99927FE7AD9997FF
003#8EE37FE7AD9997FF
004#8DB07FE7AD9997FF
005#81E07FE0C40A37FF
006#7F287FE0FD0A37FF
007#90C48000CC0A37FF
008#7FF57FE0830A37FF
001#80237FE7AD9997FF
002#99927FE7AD9997FF
003#8EE37FE7AD9997FF
004#8DB07FE7AD9997FF
005#81E07FD0C40A37FF
006#7F297FD0FD0A37FF
007#90C47FE0CC0A37FF
008#7FF57FE0830A37FF
001#80237FE7AD9997FF
002#99938017AD9997FF
003#8EE37FE7AD9997FF
004#8DB07FE7AD9997FF
005#81E07FE0C40A37FF
006#7F297FE0FD0A37FF
007#90C57FE0CC0A37FF
008#7FF57FD0830A37FF
001#80237FE7AD9997FF
002#99978017AD9997FF
003#8EE37FE7AD9997FF
004#8DB07FE7AD9997FF
005#81E07FE0C40A37FF
006#7F297FE0FD0A37FF
007#90C57FE0CC0A37FF
008#7FF57FE0830A37FF
001#80238007AD9997FF
002#99998007AD9997FF
003#8EE37FE7AD9997FF
004#8DAF8007AD9997FF
005#81E07FE0C40A37FF
006#7F298000FD0A37FF
007#90C58000CC0A37FF
008#7FF57FE0830A37FF
001#80237FE7AD9997FF
002#999C8037AD9997FF
003#8EE37FD7AD9997FF
004#8DB07FE7AD9997FF
005#81DE7FB0C40A37FF
006#7F297FE0FD0A37FF
007#90C57FD0CC0A37FF
008#7FF57FE0830A37FF
001#80237FE7AD9997FF
002#999F8027AD9997FF
003#8EE37FE7AD9997FF
004#8DB07FE7AD9997FF
005#81DE7FE0C40A37FF
006#7F297FE0FD0A37FF
007#90C57FE0CC0A37FF
008#7FF57FE0830A37FF
001#80237FE7AD9997FF
002#99A28027AD9997FF
003#8EE37FE7AD9997FF
004#8DB07FE7AD9997FF
005#81DE8000C40A37FF
006#7F297FE0FD0A37FF
007#90C57FE0CC0A37FF
008#7FF57FE0830A37FF
001#80237FE7AD9997FF
002#99A58017AD9997FF
003#8EE38007AD9997FF
004#8DB08007AD9997FF
005#81DE8000C40A37FF
006#7F297FE0FD0A37FF
007#90C57FD0CC0A37FF
008#7FF57FE0830A37FF
001#80237FE7AD9997FF
002#99A98027AD9997FF
003#8EE37FE7AD9997FF
004#8DB07FD7AD9997FF
005#81DE7FE0C40A37FF
006#7F297FE0FD0A37FF
007#90C58000CC0A37FF
008#7FF58000830A37FF
001#80237FE7AD9997FF
002#99AC8017AD9997FF
003#8EE37FE7AD9997FF
004#8DB07FE7AD9997FF
005#81E08000C40A37FF
006#7F297FD0FD0A37FF
007#90C57FE0CC0A37FF
008#7FF57FD0830A37FF
001#80237FE7AD9997FF
002#99AE7FE7AD9997FF
003#8EE37FE7AD9997FF
004#8DB07FE7AD9997FF
005#81E08000C40A37FF
006#7F297FE0FD0A37FF
007#90C68000CC0A37FF
008#7FF57FD0830A37FF
001#80237FE7AD9997FF
002#99AE7FE7AD9997FF
003#8EE37FD7AD9997FF
004#8DB07FE7AD9997FF
005#81E17FD0C40A37FF
006#7F297FD0FD0A37FF
007#90C67FE0CC0A37FF
008#7FF57FE0830A37FF
001#80237FE7AD9997FF
002#99AC7FE7AD9997FF
003#8EE37FE7AD9997FF
004#8DB07FE7AD9997FF
005#81E07FD0C40A37FF
006#7F297FE0FD0A37FF
007#90C67FE0CC0A37FF
008#7FF57FE0830A37FF
001#80237FE7AD9997FF
002#99AC7FE7AD9997FF
003#8EE37FE7AD9997FF
004#8DB07FE7AD9997FF
005#81E18000C40A37FF
006#7F297FD0FD0A37FF
007#90C67FE0CC0A37FF
008#7FF57FE0830A37FF
001#80237FE7AD9997FF
002#99AC7FE7AD9997FF
003#8EE37FE7AD9997FF
004#8DB08007AD9997FF
005#81E38040C40A37FF
006#7F297FE0FD0A37FF
007#90C67FD0CC0A37FF
008#7FF57FD0830A37FF
001#80237FE7AD9997FF
002#99AC7FD7AD9997FF
003#8EE37FE7AD9997FF
004#8DB08007AD9997FF
005#81ED8070C40A37FF
006#7F298000FD0A37FF
007#90C67FE0CC0A37FF
008#7FF57FE0830A37FF
001#80238007AD9997FF
002#99AB7FD7AD9997FF
003#8EE37FE7AD9997FF
004#8DB08007AD9997FF
005#81F580C0C40A37FF
006#7F297FE0FD0A37FF
007#90C68000CC0A37FF
008#7FF58000830A37FF
001#80237FE7AD9997FF
002#99AB7FE7AD9997FF
003#8EE38007AD9997FF
004#8DB07FE7AD9997FF
005#81FA80A0C40A37FF
006#7F297FE0FD0A37FF
007#90C68000CC0A37FF
008#7FF57FE0830A37FF
001#80237FE7AD9997FF
002#99AA7FE7AD9997FF
003#8EE37FE7AD9997FF
004#8DB07FE7AD9997FF
005#81FF8010C40A37FF
006#7F297FE0FD0A37FF
007#90C67FD0CC0A37FF
008#7FF57FE0830A37FF
001#80237FE7AD9997FF
002#99AA7FD7AD9997FF
003#8EE37FD7AD9997FF
004#8DB07FE7AD9997FF
005#81FD7FC0C40A37FF
006#7F297FE0FD0A37FF
007#90C67FE0CC0A37FF
008#7FF58000830A37FF
001#80238007AD9997FF
002#99AA7FD7AD9997FF
003#8EE37FE7AD9997FF
004#8DB07FE7AD9997FF
005#81FC7FE0C40A37FF
006#7F297FE0FD0A37FF
007#90C68000CC0A37FF
008#7FF57FD0830A37FF
001#80237FE7AD9997FF
002#99AA8007AD9997FF
003#8EE37FE7AD9997FF
004#8DB07FE7AD9997FF
005#81FC7FE0C40A37FF
006#7F287FD0FD0A37FF
007#90C67FE0CC0A37FF
008#7FF57FD0830A37FF
001#80237FD7AD9997FF
002#99AB8007AD9997FF
003#8EE37FE7AD9997FF
004#8DB07FE7AD9997FF
005#81FC7FC0C40A37FF
006#7F287FD0FD0A37FF
007#90C67FE0CC0A37FF
008#7FF58000830A37FF
001#80237FE7AD9997FF
002#99AB7FE7AD9997FF
003#8EE37FD7AD9997FF
004#8DB07FE7AD9997FF
005#81FC8000C40A37FF
006#7F287FD0FD0A37FF
007#90C68000CC0A37FF
008#7FF57FE0830A37FF
001#80237FE7AD9997FF
002#99AB7FE7AD9997FF
003#8EE37FE7AD9997FF
004#8DB07FE7AD9997FF
005#81FC7FE0C40A37FF
006#7F288000FD0A37FF
007#90C68000CC0A37FF
008#7FF57FD0830A37FF
001#80237FE7AD9997FF
002#99AB7FE7AD9997FF
003#8EE37FE7AD9997FF
004#8DB08007AD9997FF
005#81FC8000C40A37FF
006#7F288000FD0A37FF
007#90C68000CC0A37FF
008#7FF58000830A37FF
001#80237FE7AD9997FF
002#99AB7FE7AD9997FF
003#8EE37FE7AD9997FF
004#8DB07FD7AD9997FF
005#81FC8000C40A37FF
006#7F287FE0FD0A37FF
007#90C67FE0CC0A37FF
008#7FF57FE0830A37FF
001#80237FE7AD9997FF
002#99AB7FE7AD9997FF
003#8EE37FE7AD9997FF
004#8DB07FE7AD9997FF
005#81FC7FE0C40A37FF
006#7F288000FD0A37FF
007#90C67FE0CC0A37FF
008#7FF58000830A37FF
001#80237FE7AD9997FF
002#99AB7FE7AD9997FF
003#8EE37FE7AD9997FF
004#8DB08007AD9997FF
005#81FD7FE0C40A37FF
006#7F287FE0FD0A37FF
007#90C67FE0CC0A37FF
008#7FF57FE0830A37FF
001#80237FE7AD9997FF
002#99AB7FD7AD9997FF
003#8EE37FE7AD9997FF
004#8DB07FE7AD9997FF
005#81FD7FE0C40A37FF
006#7F287FE0FD0A37FF
007#90C77FE0CC0A37FF
008#7FF57FD0830A37FF
001#80238007AD9997FF
002#99AB7FE7AD9997FF
003#8EE37FE7AD9997FF
004#8DB07FE7AD9997FF
005#81FD8000C40A37FF
006#7F287FE0FD0A37FF
007#90C77FE0CC0A37FF
008#7FF57FE0830A37FF
001#80237FE7AD9997FF
002#99AB7FE7AD9997FF
003#8EE37FE7AD9997FF
004#8DB07FE7AD9997FF
005#81FF8000C40A37FF
006#7F288000FD0A37FF
007#90C77FE0CC0A37FF
008#7FF57FE0830A37FF
001#80237FE7AD9997FF
002#99AB7FE7AD9997FF
003#8EE37FE7AD9997FF
004#8DB07FE7AD9997FF
005#81FF8000C40A37FF
006#7F288000FD0A37FF
007#90C78000CC0A37FF
008#7FF57FE0830A37FF
001#80237FE7AD9997FF
002#99AB7FE7AD9997FF
003#8EE37FE7AD9997FF
004#8DB07FE7AD9997FF
005#81FF7FE0C40A37FF
006#7F288000FD0A37FF
007#90C77FD0CC0A37FF
008#7FF58000830A37FF
001#80237FE7AD9997FF
002#99AB7FE7AD9997FF
003#8EE37FE7AD9997FF
004#8DB07FE7AD9997FF
005#81FF7FD0C40A37FF
006#7F287FE0FD0A37FF
007#90C67FD0CC0A37FF
008#7FF57FE0830A37FF
001#80237FE7AD9997FF
002#99AA7FE7AD9997FF
003#8EE38007AD9997FF
004#8DB07FD7AD9997FF
005#81FF7FE0C40A37FF
006#7F287FE0FD0A37FF
007#90C67FD0CC0A37FF
008#7FF57FD0830A37FF
001#80237FE7AD9997FF
002#99AA7FE7AD9997FF
003#8EE37FE7AD9997FF
004#8DB07FE7AD9997FF
005#81FF7FE0C40A37FF
006#7F287FE0FD0A37FF
007#90C77FE0CC0A37FF
008#7FF58000830A37FF
001#80237FE7AD9997FF
002#99AA7FE7AD9997FF
003#8EE38007AD9997FF
004#8DB07FE7AD9997FF
005#81FF7FE0C40A37FF
006#7F287FE0FD0A37FF
007#90C77FD0CC0A37FF
008#7FF57FE0830A37FF
001#80237FE7AD9997FF
002#99AB7FE7AD9997FF
003#8EE37FE7AD9997FF
004#8DB08007AD9997FF
005#81FF7FD0C40A37FF
006#7F288000FD0A37FF
007#90C67FE0CC0A37FF
008#7FF57FD0830A37FF
001#80237FE7AD9997FF
002#99AA7FD7AD9997FF
003#8EE37FE7AD9997FF
004#8DB07FE7AD9997FF
005#81FF7FE0C40A37FF
006#7F287FE0FD0A37FF
007#90C67FE0CC0A37FF
008#7FF57FE0830A37FF
001#80237FE7AD9997FF
002#99AA7FE7AD9997FF
003#8EE37FE7AD9997FF
004#8DB07FC7AD9997FF
005#81FF7FE0C40A37FF
006#7F287FE0FD0A37FF
007#90C67FC0CC0A37FF
008#7FF57FD0830A37FF
001#80237FE7AD9997FF
002#99AA7FD7AD9997FF
003#8EE37FE7AD9997FF
004#8DB07FE7AD9997FF
005#81FF7FE0C40A37FF
006#7F287FE0FD0A37FF
007#90C67FE0CC0A37FF
008#7FF57FD0830A37FF
001#80237FD7AD9997FF
002#99AA7FD7AD9997FF
003#8EE37FE7AD9997FF
004#8DB07FD7AD9997FF
005#81FF7FD0C40A37FF
006#7F288000FD0A37FF
007#90C67FE0CC0A37FF
008#7FF58000830A37FF
001#80237FE7AD9997FF
002#99AA7FE7AD9997FF
003#8EE37FE7AD9997FF
004#8DB07FE7AD9997FF
005#81FF7FE0C40A37FF
006#7F287FD0FD0A37FF
007#90C67FE0CC0A37FF
008#7FF58000830A37FF
001#80237FE7AD9997FF
002#99AA7FE7AD9997FF
003#8EE38007AD9997FF
004#8DB07FE7AD9997FF
005#81FF7FE0C40A37FF
006#7F287FE0FD0A37FF
007#90C67FE0CC0A37FF
008#7FF57FE0830A37FF
001#80237FE7AD9997FF
002#99AA7FE7AD9997FF
003#8EE37FE7AD9997FF
004#8DB07FE7AD9997FF
005#81FF7FE0C40A37FF
006#7F287FE0FD0A37FF
007#90C67FE0CC0A37FF
008#7FF57FD0830A37FF
001#80237FD7AD9997FF
002#99AA7FE7AD9997FF
003#8EE37FE7AD9997FF
004#8DB07FE7AD9997FF
005#81FD7FE0C40A37FF
006#7F287FD0FD0A37FF
007#90C67FD0CC0A37FF
008#7FF58000830A37FF
001#80237FE7AD9997FF
002#99AA7FD7AD9997FF
003#8EE37FE7AD9997FF
004#8DB07FD7AD9997FF
005#81FD7FE0C40A37FF
006#7F287FD0FD0A37FF
007#90C67FE0CC0A37FF
008#7FF57FE0830A37FF
001#80237FE7AD9997FF
002#99AA7FE7AD9997FF
003#8EE37FD7AD9997FF
004#8DB07FD7AD9997FF
005#81FD8000C40A37FF
006#7F287FE0FD0A37FF
007#90C67FE0CC0A37FF
008#7FF58000830A37FF
001#80237FE7AD9997FF
002#99AA7FE7AD9997FF
003#8EE37FE7AD9997FF
004#8DB07FE7AD9997FF
005#81FD7FE0C40A37FF
006#7F287FD0FD0A37FF
007#90C68000CC0A37FF
008#7FF57FE0830A37FF
001#80237FE7AD9997FF
002#99AA7FE7AD9997FF
003#8EE37FE7AD9997FF
004#8DB07FE7AD9997FF
005#81FD8000C40A37FF
006#7F287FD0FD0A37FF
007#90C67FE0CC0A37FF
008#7FF57FD0830A37FF
001#80237FE7AD9997FF
002#99AA7FE7AD9997FF
003#8EE37FE7AD9997FF
004#8DB07FE7AD9997FF
005#81FD7FD0C40A37FF
006#7F288000FD0A37FF
007#90C67FE0CC0A37FF
008#7FF57FE0830A37FF
001#80237FE7AD9997FF
002#99AA7FE7AD9997FF
003#8EE37FE7AD9997FF
004#8DB07FE7AD9997FF
005#81FD7FE0C40A37FF
006#7F287FE0FD0A37FF
007#90C67FE0CC0A37FF
008#7FF57FD0830A37FF
001#80237FE7AD9997FF
002#99AB8007AD9997FF
003#8EE37FE7AD9997FF
004#8DB07FE7AD9997FF
005#81FD7FE0C40A37FF
006#7F287FE0FD0A37FF
007#90C67FE0CC0A37FF
008#7FF57FE0830A37FF
001#80237FE7AD9997FF
002#99AA7FD7AD9997FF
003#8EE37FD7AD9997FF
004#8DB07FE7AD9997FF
005#81FD8000C40A37FF
006#7F287FE0FD0A37FF
007#90C67FE0CC0A37FF
008#7FF57FE0830A37FF
001#80237FE7AD9997FF
002#99AB8007AD9997FF
003#8EE37FD7AD9997FF
004#8DB08007AD9997FF
005#81FD7FE0C40A37FF
006#7F287FE0FD0A37FF
007#90C67FE0CC0A37FF
008#7FF58000830A37FF
001#80237FE7AD9997FF
002#99AA7FE7AD9997FF
003#8EE37FE7AD9997FF
004#8DB07FE7AD9997FF
005#81FD7FE0C40A37FF
006#7F287FE0FD0A37FF
007#90C67FE0CC0A37FF
008#7FF57FE0830A37FF
001#80237FE7AD9997FF
002#99AA7FE7AD9997FF
003#8EE37FE7AD9997FF
004#8DB08007AD9997FF
005#81FD8000C40A37FF
006#7F287FE0FD0A37FF
007#90C67FD0CC0A37FF
008#7FF57FE0830A37FF
001#80237FE7AD9997FF
002#99AB7FE7AD9997FF
003#8EE37FE7AD9997FF
004#8DB07FE7AD9997FF
005#81FD8000C40A37FF
006#7F287FE0FD0A37FF
007#90C68000CC0A37FF
008#7FF57FE0830A37FF
001#80237FE7AD9997FF
002#99AB7FE7AD9997FF
003#8EE37FE7AD9997FF
004#8DB07FE7AD9997FF
005#81FD7FE0C40A37FF
006#7F287FE0FD0A37FF
007#90C67FE0CC0A37FF
008#7FF57FD0830A37FF
001#80237FE7AD9997FF
002#99AB7FE7AD9997FF
003#8EE37FD7AD9997FF
004#8DB07FE7AD9997FF
005#81FD8000C40A37FF
006#7F287FD0FD0A37FF
007#90C67FE0CC0A37FF
008#7FF57FE0830A37FF
001#80237FE7AD9997FF
002#99AB7FD7AD9997FF
003#8EE37FE7AD9997FF
004#8DB07FE7AD9997FF
005#81FD8000C40A37FF
006#7F287FE0FD0A37FF
007#90C67FD0CC0A37FF
008#7FF57FE0830A37FF
001#80237FE7AD9997FF
002#99AA7FE7AD9997FF
003#8EE37FE7AD9997FF
004#8DB08007AD9997FF
005#81FD7FC0C40A37FF
006#7F287FD0FD0A37FF
007#90C67FE0CC0A37FF
008#7FF57FE0830A37FF
001#80237FE7AD9997FF
002#99AB7FE7AD9997FF
003#8EE37FE7AD9997FF
004#8DB07FE7AD9997FF
005#81FD7FE0C40A37FF
006#7F287FE0FD0A37FF
007#90C68000CC0A37FF
008#7FF57FE0830A37FF
001#80237FE7AD9997FF
002#99AA7FE7AD9997FF
003#8EE38007AD9997FF
004#8DB07FE7AD9997FF
005#81FD7FD0C40A37FF
006#7F287FE0FD0A37FF
007#90C67FD0CC0A37FF
008#7FF58000830A37FF
001#80237FE7AD9997FF
002#99AB7FE7AD9997FF
003#8EE37FE7AD9997FF
004#8DB08007AD9997FF
005#81FD8000C40A37FF
006#7F287FE0FD0A37FF
007#90C68000CC0A37FF
008#7FF57FE0830A37FF
001#80237FE7AD9997FF
002#99AB7FE7AD9997FF
003#8EE37FE7AD9997FF
004#8DB07FE7AD9997FF
005#81FD7FE0C40A37FF
006#7F288000FD0A37FF
007#90C67FE0CC0A37FF
008#7FF58000830A37FF
001#80237FE7AD9997FF
002#99AB7FE7AD9997FF
003#8EE37FE7AD9997FF
004#8DB07FE7AD9997FF
005#81FD7FD0C40A37FF
006#7F287FD0FD0A37FF
007#90C67FD0CC0A37FF
008#7FF57FE0830A37FF
001#80237FE7AD9997FF
002#99AB7FE7AD9997FF
003#8EE37FE7AD9997FF
004#8DB07FE7AD9997FF
005#81FD7FE0C40A37FF
006#7F288000FD0A37FF
007#90C67FE0CC0A37FF
008#7FF57FE0830A37FF
001#80237FE7AD9997FF
002#99AA7FE7AD9997FF
003#8EE37FE7AD9997FF
004#8DB07FE7AD9997FF
005#81FD7FE0C40A37FF
006#7F288000FD0A37FF
007#90C67FE0CC0A37FF
008#7FF57FE0830A37FF
001#80237FE7AD9997FF
002#99AB7FE7AD9997FF
003#8EE37FE7AD9997FF
004#8DB07FE7AD9997FF
005#81FD7FE0C40A37FF
006#7F288000FD0A37FF
007#90C67FE0CC0A37FF
008#7FF58000830A37FF
001#80237FE7AD9997FF
002#99AA7FE7AD9997FF
003#8EE37FE7AD9997FF
004#8DB07FD7AD9997FF
005#81FD7FE0C40A37FF
006#7F287FE0FD0A37FF
007#90C67FE0CC0A37FF
008#7FF57FD0830A37FF
001#80237FE7AD9997FF
002#99AB7FE7AD9997FF
003#8EE37FE7AD9997FF
004#8DB07FE7AD9997FF
005#81FC7FE0C40A37FF
006#7F288000FD0A37FF
007#90C68000CC0A37FF
008#7FF57FE0830A37FF
001#80237FE7AD9997FF
002#99AB7FE7AD9997FF
003#8EE37FE7AD9997FF
004#8DB07FE7AD9997FF
005#81FC7FD0C40A37FF
006#7F287FE0FD0A37FF
007#90C57FE0CC0A37FF
008#7FF57FE0830A37FF
001#80237FE7AD9997FF
002#99AA7FD7AD9997FF
003#8EE37FE7AD9997FF
004#8DB07FE7AD9997FF
005#81FC7FE0C40A37FF
006#7F287FD0FD0A37FF
007#90C57FE0CC0A37FF
008#7FF58000830A37FF
001#80237FE7AD9997FF
002#99AB7FE7AD9997FF
003#8EE37FE7AD9997FF
004#8DB07FE7AD9997FF
005#81FD7FE0C40A37FF
006#7F287FE0FD0A37FF
007#90C67FE0CC0A37FF
008#7FF57FE0830A37FF
001#80237FE7AD9997FF
002#99AA7FE7AD9997FF
003#8EE37FE7AD9997FF
004#8DB07FE7AD9997FF
005#81FD7FE0C40A37FF
006#7F287FE0FD0A37FF
007#90C67FD0CC0A37FF
008#7FF57FE0830A37FF
001#80237FE7AD9997FF
002#99AA7FE7AD9997FF
003#8EE37FE7AD9997FF
004#8DB07FE7AD9997FF
005#81FD8000C40A37FF
006#7F287FE0FD0A37FF
007#90C57FE0CC0A37FF
008#7FF57FE0830A37FF
001#80237FE7AD9997FF
002#99AA7FD7AD9997FF
003#8EE38007AD9997FF
004#8DB07FE7AD9997FF
005#81FD7FC0C40A37FF
006#7F287FE0FD0A37FF
007#90C57FD0CC0A37FF
008#7FF57FE0830A37FF
001#80237FE7AD9997FF
002#99AB7FE7AD9997FF
003#8EE38007AD9997FF
004#8DB07FE7AD9997FF
005#81FC7FC0C40A37FF
006#7F297FE0FD0A37FF
007#90C57FE0CC0A37FF
008#7FF57FE0830A37FF
001#80237FE7AD9997FF
002#99AA7FE7AD9997FF
003#8EE37FE7AD9997FF
004#8DB07FE7AD9997FF
005#81FC7FE0C40A37FF
006#7F287FE0FD0A37FF
007#90C67FE0CC0A37FF
008#7FF58010830A37FF
001#80237FE7AD9997FF
002#99AA7FE7AD9997FF
003#8EE37FE7AD9997FF
004#8DB07FE7AD9997FF
005#81FC7FE0C40A37FF
006#7F298000FD0A37FF
007#90C57FE0CC0A37FF
008#7FF57FD0830A37FF
001#80237FE7AD9997FF
002#99AA7FE7AD9997FF
003#8EE37FE7AD9997FF
004#8DB07FE7AD9997FF
005#81FC8010C40A37FF
006#7F297FE0FD0A37FF
007#90C57FD0CC0A37FF
008#7FF57FE0830A37FF
001#80238007AD9997FF
002#99AA8007AD9997FF
003#8EE37FE7AD9997FF
004#8DB07FE7AD9997FF
005#81FD8000C40A37FF
006#7F298000FD0A37FF
007#90C57FD0CC0A37FF
008#7FF57FE0830A37FF
001#80237FE7AD9997FF
002#99AA7FE7AD9997FF
003#8EE38007AD9997FF
004#8DB07FE7AD9997FF
005#81FD7FE0C40A37FF
006#7F297FE0FD0A37FF
007#90C57FE0CC0A37FF
008#7FF57FE0830A37FF
001#80237FE7AD9997FF
002#99AA7FD7AD9997FF
003#8EE37FE7AD9997FF
004#8DAF7FE7AD9997FF
005#81FD7FE0C40A37FF
006#7F297FE0FD0A37FF
007#90C57FE0CC0A37FF
008#7FF57FE0830A37FF
001#80248017AD9997FF
002#99A97FE7AD9997FF
003#8EE38007AD9997FF
004#8DB07FE7AD9997FF
005#81FD7FC0C40A37FF
006#7F298010FD0A37FF
007#90C57FE0CC0A37FF
008#7FF58000830A37FF
001#80278017AD9997FF
002#99AA7FE7AD9997FF
003#8EE37FE7AD9997FF
004#8DB08007AD9997FF
005#81FD8000C40A37FF
006#7F297FE0FD0A37FF
007#90C47FE0CC0A37FF
008#7FF58000830A37FF
001#802B8017AD9997FF
002#99AA7FE7AD9997FF
003#8EE37FE7AD9997FF
004#8DB07FE7AD9997FF
005#81FD7FE0C40A37FF
006#7F297FD0FD0A37FF
007#90C47FE0CC0A37FF
008#7FF57FE0830A37FF
001#802B8007AD9997FF
002#99AB7FE7AD9997FF
003#8EE38007AD9997FF
004#8DB07FE7AD9997FF
005#81FD8000C40A37FF
006#7F297FE0FD0A37FF
007#90C47FE0CC0A37FF
008#7FF57FD0830A37FF
001#802B7FE7AD9997FF
002#99AB7FE7AD9997FF
003#8EE38007AD9997FF
004#8DB07FE7AD9997FF
005#81FF8000C40A37FF
006#7F297FE0FD0A37FF
007#90C47FE0CC0A37FF
008#7FF57FC0830A37FF
001#802B7FE7AD9997FF
002#99AB7FE7AD9997FF
003#8EE37FE7AD9997FF
004#8DB07FE7AD9997FF
005#81FD7FE0C40A37FF
006#7F297FE0FD0A37FF
007#90C47FE0CC0A37FF
008#7FF57FE0830A37FF
001#802B7FE7AD9997FF
002#99AB7FD7AD9997FF
003#8EE37FE7AD9997FF
004#8DB07FE7AD9997FF
005#81FD7FD0C40A37FF
006#7F297FE0FD0A37FF
007#90C47FE0CC0A37FF
008#7FF57FD0830A37FF
001#802B7FE7AD9997FF
002#99AA7FE7AD9997FF
003#8EE37FD7AD9997FF
004#8DB07FE7AD9997FF
005#81FD8000C40A37FF
006#7F297FD0FD0A37FF
007#90C47FE0CC0A37FF
008#7FF57FE0830A37FF
001#802B7FE7AD9997FF
002#99AA7FE7AD9997FF
003#8EE37FE7AD9997FF
004#8DAF7FE7AD9997FF
005#81FD7FE0C40A37FF
006#7F297FE0FD0A37FF
007#90C47FE0CC0A37FF
008#7FF57FE0830A37FF
001#802B7FE7AD9997FF
002#99AA7FE7AD9997FF
003#8EE37FD7AD9997FF
004#8DB07FE7AD9997FF
005#81FD7FE0C40A37FF
006#7F297FE0FD0A37FF
007#90C47FD0CC0A37FF
008#7FF57FD0830A37FF
001#802B7FE7AD9997FF
002#99AA7FE7AD9997FF
003#8EE37FE7AD9997FF
004#8DB07FE7AD9997FF
005#81FD8000C40A37FF
006#7F297FE0FD0A37FF
007#90C47FE0CC0A37FF
008#7FF57FE0830A37FF
001#802B7FE7AD9997FF
002#99AB7FE7AD9997FF
003#8EE48007AD9997FF
004#8DB07FE7AD9997FF
005#81FD7FD0C40A37FF
006#7F297FE0FD0A37FF
007#90C47FE0CC0A37FF
008#7FF57FD0830A37FF
001#802B7FE7AD9997FF
002#99AA7FD7AD9997FF
003#8EE37FE7AD9997FF
004#8DB07FD7AD9997FF
005#81FD7FE0C40A37FF
006#7F297FD0FD0A37FF
007#90C47FD0CC0A37FF
008#7FF57FD0830A37FF
001#802B7FD7AD9997FF
002#99AA7FE7AD9997FF
003#8EE37FD7AD9997FF
004#8DAF8007AD9997FF
005#81FD7FD0C40A37FF
006#7F298000FD0A37FF
007#90C47FE0CC0A37FF
008#7FF57FE0830A37FF
001#802B7FE7AD9997FF
002#99AA7FE7AD9997FF
003#8EE37FD7AD9997FF
004#8DAF7FE7AD9997FF
005#81FD7FE0C40A37FF
006#7F298000FD0A37FF
007#90C48000CC0A37FF
008#7FF57FD0830A37FF
001#802B7FE7AD9997FF
002#99AA8007AD9997FF
003#8EE37FE7AD9997FF
004#8DB07FE7AD9997FF
005#81FD7FD0C40A37FF
006#7F298000FD0A37FF
007#90C47FE0CC0A37FF
008#7FF57FE0830A37FF
001#802A7FE7AD9997FF
002#99AA7FE7AD9997FF
003#8EE38007AD9997FF
004#8DB08007AD9997FF
005#81FD7FE0C40A37FF
006#7F297FE0FD0A37FF
007#90C47FE0CC0A37FF
008#7FF57FE0830A37FF
001#802B7FE7AD9997FF
002#99AA7FD7AD9997FF
003#8EE38007AD9997FF
004#8DAF8007AD9997FF
005#81FD7FE0C40A37FF
006#7F297FE0FD0A37FF
007#90C47FE0CC0A37FF
008#7FF58010830A37FF
001#802B7FE7AD9997FF
002#99AA8007AD9997FF
003#8EE37FE7AD9997FF
004#8DB07FE7AD9997FF
005#81FD7FD0C40A37FF
006#7F297FD0FD0A37FF
007#90C47FD0CC0A37FF
008#7FF57FE0830A37FF
001#802B7FE7AD9997FF
002#99AA7FE7AD9997FF
003#8EE37FE7AD9997FF
004#8DAF7FE7AD9997FF
005#81FD7FE0C40A37FF
006#7F297FE0FD0A37FF
007#90C47FE0CC0A37FF
008#7FF57FD0830A37FF
001#802B7FE7AD9997FF
002#99AA7FE7AD9997FF
003#8EE37FE7AD9997FF
004#8DB07FE7AD9997FF
005#81FD7FD0C40A37FF
006#7F297FE0FD0A37FF
007#90C47FE0CC0A37FF
008#7FF58000830A37FF
001#802B7FE7AD9997FF
002#99AA7FE7AD9997FF
003#8EE37FE7AD9997FF
004#8DB07FE7AD9997FF
005#81FD7FE0C40A37FF
006#7F297FD0FD0A37FF
007#90C47FE0CC0A37FF
008#7FF58000830A37FF
001#802B7FE7AD9997FF
002#99AB7FE7AD9997FF
003#8EE37FE7AD9997FF
004#8DB08007AD9997FF
005#81FD7FE0C40A37FF
006#7F297FE0FD0A37FF
007#90C47FD0CC0A37FF
008#7FF57FE0830A37FF
001#802B7FE7AD9997FF
002#99AB7FE7AD9997FF
003#8EE37FE7AD9997FF
004#8DB07FE7AD9997FF
005#81FD8000C40A37FF
006#7F298000FD0A37FF
007#90C47FD0CC0A37FF
008#7FF58000830A37FF
001#802B7FE7AD9997FF
002#99AA7FE7AD9997FF
003#8EE37FE7AD9997FF
004#8DAF7FD7AD9997FF
005#81FD7FE0C40A37FF
006#7F297FD0FD0A37FF
007#90C47FD0CC0A37FF
008#7FF57FE0830A37FF
001#802B7FE7AD9997FF
002#99AA7FE7AD9997FF
003#8EE37FE7AD9997FF
004#8DAF7FE7AD9997FF
005#81FD8000C40A37FF
006#7F298000FD0A37FF
007#90C47FE0CC0A37FF
008#7FF57FE0830A37FF
001#802B7FE7AD9997FF
002#99AA7FE7AD9997FF
003#8EE37FE7AD9997FF
004#8DB07FE7AD9997FF
005#81FD8000C40A37FF
006#7F297FD0FD0A37FF
007#90C47FD0CC0A37FF
008#7FF57FE0830A37FF
001#802B7FD7AD9997FF
002#99AA7FE7AD9997FF
003#8EE37FE7AD9997FF
004#8DB08007AD9997FF
005#81FD7FE0C40A37FF
006#7F297FE0FD0A37FF
007#90C47FE0CC0A37FF
008#7FF57FD0830A37FF
001#802B7FD7AD9997FF
002#99AA7FE7AD9997FF
003#8EE47FE7AD9997FF
004#8DAF7FE7AD9997FF
005#81FD7FD0C40A37FF
006#7F298000FD0A37FF
007#90C47FE0CC0A37FF
008#7FF57FE0830A37FF
001#802B7FE7AD9997FF
002#99AA7FE7AD9997FF
003#8EE37FD7AD9997FF
004#8DB07FD7AD9997FF
005#81FD7FE0C40A37FF
006#7F297FE0FD0A37FF
007#90C47FD0CC0A37FF
008#7FF58000830A37FF
001#802B7FE7AD9997FF
002#99AA7FE7AD9997FF
003#8EE38007AD9997FF
004#8DB07FE7AD9997FF
005#81FD7FE0C40A37FF
006#7F297FE0FD0A37FF
007#90C47FE0CC0A37FF
008#7FF57FE0830A37FF
001#802B8007AD9997FF
002#99AA7FE7AD9997FF
003#8EE37FE7AD9997FF
004#8DB07FE7AD9997FF
005#81FD7FE0C40A37FF
006#7F297FE0FD0A37FF
007#90C47FE0CC0A37FF
008#7FF57FD0830A37FF
001#802B7FE7AD9997FF
002#99AA7FE7AD9997FF
003#8EE38007AD9997FF
004#8DB07FE7AD9997FF
005#81FD7FE0C40A37FF
006#7F297FE0FD0A37FF
007#90C47FE0CC0A37FF
008#7FF57FE0830A37FF
001#802B7FE7AD9997FF
002#99AA7FE7AD9997FF
003#8EE37FE7AD9997FF
004#8DB07FD7AD9997FF
005#81FD7FD0C40A37FF
006#7F298000FD0A37FF
007#90C47FD0CC0A37FF
008#7FF57FE0830A37FF
001#802B7FE7AD9997FF
002#99AB7FE7AD9997FF
003#8EE37FE7AD9997FF
004#8DB07FE7AD9997FF
005#81FD7FE0C40A37FF
006#7F298000FD0A37FF
007#90C47FE0CC0A37FF
008#7FF58000830A37FF
001#802B7FD7AD9997FF
002#99AB7FE7AD9997FF
003#8EE37FE7AD9997FF
004#8DB08007AD9997FF
005#81FD7FD0C40A37FF
006#7F297FE0FD0A37FF
007#90C47FE0CC0A37FF
008#7FF58000830A37FF
001#802B7FE7AD9997FF
002#99AA7FE7AD9997FF
003#8EE37FE7AD9997FF
004#8DB07FE7AD9997FF
005#81FD7FE0C40A37FF
006#7F297FE0FD0A37FF
007#90C47FE0CC0A37FF
008#7FF58000830A37FF
001#802B7FE7AD9997FF
002#99AA7FE7AD9997FF
003#8EE37FE7AD9997FF
004#8DB07FD7AD9997FF
005#81FD7FE0C40A37FF
006#7F297FE0FD0A37FF
007#90C47FD0CC0A37FF
008#7FF57FD0830A37FF
001#802B7FE7AD9997FF
002#99AA7FE7AD9997FF
003#8EE37FD7AD9997FF
004#8DB07FD7AD9997FF
005#81FD7FD0C40A37FF
006#7F298000FD0A37FF
007#90C48000CC0A37FF
008#7FF57FE0830A37FF
001#802B7FE7AD9997FF
002#99AB7FE7AD9997FF
003#8EE37FE7AD9997FF
004#8DB07FE7AD9997FF
005#81FD7FE0C40A37FF
006#7F297FD0FD0A37FF
007#90C47FE0CC0A37FF
008#7FF57FE0830A37FF
001#802B7FE7AD9997FF
002#99AA7FE7AD9997FF
003#8EE37FE7AD9997FF
004#8DAF7FE7AD9997FF
005#81FD7FE0C40A37FF
006#7F298000FD0A37FF
007#90C48000CC0A37FF
008#7FF57FD0830A37FF
001#802B7FE7AD9997FF
002#99AB7FE7AD9997FF
003#8EE37FE7AD9997FF
004#8DB07FE7AD9997FF
005#81FC7FE0C40A37FF
006#7F2B8000FD0A37FF
007#90C47FE0CC0A37FF
008#7FF57FE0830A37FF
001#802B7FE7AD9997FF
002#99AA7FE7AD9997FF
003#8EE37FE7AD9997FF
004#8DB08007AD9997FF
005#81FC7FE0C40A37FF
006#7F297FE0FD0A37FF
007#90C48010CC0A37FF
008#7FF57FD0830A37FF
001#802B7FD7AD9997FF
002#99AA7FE7AD9997FF
003#8EE37FE7AD9997FF
004#8DB08007AD9997FF
005#81FC7FE0C40A37FF
006#7F297FE0FD0A37FF
007#90C47FE0CC0A37FF
008#7FF57FE0830A37FF
001#802B7FD7AD9997FF
002#99AA7FD7AD9997FF
003#8EE37FE7AD9997FF
004#8DAF7FE7AD9997FF
005#81FC7FE0C40A37FF
006#7F297FE0FD0A37FF
007#90C57FE0CC0A37FF
008#7FF57FE0830A37FF
001#802B7FE7AD9997FF
002#99A97FD7AD9997FF
003#8EE37FE7AD9997FF
004#8DAF7FD7AD9997FF
005#81FC8000C40A37FF
006#7F298000FD0A37FF
007#90C58000CC0A37FF
008#7FF57FE0830A37FF
001#802B8007AD9997FF
002#99A57F97AD9997FF
003#8EE37FE7AD9997FF
004#8DAF7FD7AD9997FF
005#81FD8000C40A37FF
006#7F297FE0FD0A37FF
007#90C57FE0CC0A37FF
008#7FF57FD0830A37FF
001#802B7FE7AD9997FF
002#999E7F77AD9997FF
003#8EE47FE7AD9997FF
004#8DB07FD7AD9997FF
005#81FF8020C40A37FF
006#7F297FE0FD0A37FF
007#90C57FE0CC0A37FF
008#7FF57FE0830A37FF
001#802B7FE7AD9997FF
002#99987F67AD9997FF
003#8EE37FD7AD9997FF
004#8DAF7FD7AD9997FF
005#81FD7FE0C40A37FF
006#7F297FE0FD0A37FF
007#90C48000CC0A37FF
008#7FF57FE0830A37FF
001#802B7FE7AD9997FF
002#998D7F47AD9997FF
003#8EE37FE7AD9997FF
004#8DAF7FD7AD9997FF
005#81FC7FE0C40A37FF
006#7F298000FD0A37FF
007#90C48000CC0A37FF
008#7FF57FE0830A37FF
001#802A7FE7AD9997FF
002#997F7F37AD9997FF
003#8EE37FE7AD9997FF
004#8DAF8007AD9997FF
005#81FC7FE0C40A37FF
006#7F297FE0FD0A37FF
007#90C47FE0CC0A37FF
008#7FF57FE0830A37FF
001#802A7FE7AD9997FF
002#99737F27AD9997FF
003#8EE37FE7AD9997FF
004#8DAF8007AD9997FF
005#81FF8000C40A37FF
006#7F297FD0FD0A37FF
007#90C47FD0CC0A37FF
008#7FF58000830A37FF
001#802A7FE7AD9997FF
002#99647EE7AD9997FF
003#8EE37FE7AD9997FF
004#8DAF7FE7AD9997FF
005#81FD7FD0C40A37FF
006#7F297FD0FD0A37FF
007#90C58000CC0A37FF
008#7FF57FD0830A37FF
001#802A7FE7AD9997FF
002#994D7EA7AD9997FF
003#8EE37FE7AD9997FF
004#8DAF7FE7AD9997FF
005#81FF8010C40A37FF
006#7F297FD0FD0A37FF
007#90C57FD0CC0A37FF
008#7FF57FE0830A37FF
001#802B8007AD9997FF
002#99347E87AD9997FF
003#8EE37FE7AD9997FF
004#8DAF7FE7AD9997FF
005#81FF7FD0C40A37FF
006#7F297FE0FD0A37FF
007#90C57FE0CC0A37FF
008#7FF57FD0830A37FF
001#802D8027AD9997FF
002#99137E17AD9997FF
003#8EE48007AD9997FF
004#8DAF8007AD9997FF
005#81FF8010C40A37FF
006#7F297FE0FD0A37FF
007#90C47FE0CC0A37FF
008#7FF57FE0830A37FF
001#80338037AD9997FF
002#98EE7D97AD9997FF
003#8EE47FD7AD9997FF
004#8DAF8007AD9997FF
005#82098110C40A37FF
006#7F297FC0FD0A37FF
007#90C47FD0CC0A37FF
008#7FF57FE0830A37FF
001#80337FD7AD9997FF
002#98C27D37AD9997FF
003#8EE48017AD9997FF
004#8DAF7FE7AD9997FF
005#821180E0C40A37FF
006#7F297FE0FD0A37FF
007#90C57FE0CC0A37FF
008#7FF58000830A37FF
001#80338007AD9997FF
002#98937D27AD9997FF
003#8EE680A7AD9997FF
004#8DAF7FE7AD9997FF
005#82208170C40A37FF
006#7F298000FD0A37FF
007#90C58020CC0A37FF
008#7FF57FE0830A37FF
001#80338007AD9997FF
002#98647D27AD9997FF
003#8EE88077AD9997FF
004#8DAF7FE7AD9997FF
005#82328170C40A37FF
006#7F297FE0FD0A37FF
007#90C58010CC0A37FF
008#7FF57FE0830A37FF
001#80337FE7AD9997FF
002#982A7CF7AD9997FF
003#8EE87FE7AD9997FF
004#8DAF7FE7AD9997FF
005#82478160C40A37FF
006#7F288000FD0A37FF
007#90C47FD0CC0A37FF
008#7FF57FE0830A37FF
001#80337FD7AD9997FF
002#97F07CD7AD9997FF
003#8EE87FE7AD9997FF
004#8DAF7FE7AD9997FF
005#82598120C40A37FF
006#7F288000FD0A37FF
007#90C47FE0CC0A37FF
008#7FF57FE0830A37FF
001#80337FE7AD9997FF
002#97B77CB7AD9997FF
003#8EE88007AD9997FF
004#8DAF7FE7AD9997FF
005#82618080C40A37FF
006#7F297FD0FD0A37FF
007#90C48000CC0A37FF
008#7FF57FE0830A37FF
001#80337FE7AD9997FF
002#977A7CD7AD9997FF
003#8EE87FD7AD9997FF
004#8DAF7FE7AD9997FF
005#82617FD0C40A37FF
006#7F297FE0FD0A37FF
007#90C48000CC0A37FF
008#7FF57FE0830A37FF
001#80338007AD9997FF
002#97417CC7AD9997FF
003#8EE87FE7AD9997FF
004#8DAF7FE7AD9997FF
005#82618000C40A37FF
006#7F297FD0FD0A37FF
007#90C47FE0CC0A37FF
008#7FF57FD0830A37FF
001#80337FE7AD9997FF
002#97037C97AD9997FF
003#8EE87FE7AD9997FF
004#8DAF7FE7AD9997FF
005#82617FD0C40A37FF
006#7F298000FD0A37FF
007#90C57FD0CC0A37FF
008#7FF57FE0830A37FF
001#80338007AD9997FF
002#96C57C97AD9997FF
003#8EE87FE7AD9997FF
004#8DAF8007AD9997FF
005#82607FE0C40A37FF
006#7F297FE0FD0A37FF
007#90C58000CC0A37FF
008#7FF57FE0830A37FF
001#80337FE7AD9997FF
002#96857C57AD9997FF
003#8EE87FD7AD9997FF
004#8DAF7FD7AD9997FF
005#82608000C40A37FF
006#7F298000FD0A37FF
007#90C47FD0CC0A37FF
008#7FF57FD0830A37FF
001#80338007AD9997FF
002#96427C67AD9997FF
003#8EE88007AD9997FF
004#8DAF7FE7AD9997FF
005#82607FE0C40A37FF
006#7F298000FD0A37FF
007#90C47FE0CC0A37FF
008#7FF57FE0830A37FF
001#80337FE7AD9997FF
002#95FC7C17AD9997FF
003#8EE87FE7AD9997FF
004#8DAF8007AD9997FF
005#82607FE0C40A37FF
006#7F298000FD0A37FF
007#90C47FE0CC0A37FF
008#7FF57FE0830A37FF
001#80337FE7AD9997FF
002#95B87C37AD9997FF
003#8EE87FD7AD9997FF
004#8DAF7FE7AD9997FF
005#82607FD0C40A37FF
006#7F297FE0FD0A37FF
007#90C47FE0CC0A37FF
008#7FF57FD0830A37FF
001#80337FD7AD9997FF
002#95707C17AD9997FF
003#8EE87FE7AD9997FF
004#8DAF7FD7AD9997FF
005#82607FE0C40A37FF
006#7F298000FD0A37FF
007#90C47FC0CC0A37FF
008#7FF57FE0830A37FF
001#80337FE7AD9997FF
002#95257BE7AD9997FF
003#8EE87FE7AD9997FF
004#8DAF7FD7AD9997FF
005#82607FD0C40A37FF
006#7F297FE0FD0A37FF
007#90C47FD0CC0A37FF
008#7FF58000830A37FF
001#80337FD7AD9997FF
002#94DC7C17AD9997FF
003#8EE87FE7AD9997FF
004#8DAF7FE7AD9997FF
005#82607FD0C40A37FF
006#7F2B8000FD0A37FF
007#90C47FE0CC0A37FF
008#7FF57FD0830A37FF
001#80337FD7AD9997FF
002#949C7C07AD9997FF
003#8EE88007AD9997FF
004#8DAF7FE7AD9997FF
005#82607FE0C40A37FF
006#7F297FE0FD0A37FF
007#90C47FE0CC0A37FF
008#7FF57FE0830A37FF
001#80327FE7AD9997FF
002#944B7BF7AD9997FF
003#8EE87FE7AD9997FF
004#8DAF7FE7AD9997FF
005#825E7FE0C40A37FF
006#7F2B7FE0FD0A37FF
007#90C47FE0CC0A37FF
008#7FF58000830A37FF
001#80328007AD9997FF
002#93FA7BE7AD9997FF
003#8EE87FE7AD9997FF
004#8DAF7FE7AD9997FF
005#825E7FC0C40A37FF
006#7F2B7FE0FD0A37FF
007#90C48010CC0A37FF
008#7FF57FE0830A37FF
001#80327FE7AD9997FF
002#93B57C07AD9997FF
003#8EE87FE7AD9997FF
004#8DAF8007AD9997FF
005#82597F70C40A37FF
006#7F2B7FE0FD0A37FF
007#90C37FD0CC0A37FF
008#7FF57FE0830A37FF
001#80328007AD9997FF
002#93627BD7AD9997FF
003#8EE87FE7AD9997FF
004#8DAF7FD7AD9997FF
005#82517F30C40A37FF
006#7F2D8020FD0A37FF
007#90C48000CC0A37FF
008#7FF57FE0830A37FF
001#80328007AD9997FF
002#931E7BB7AD9997FF
003#8EE87FE7AD9997FF
004#8DAF7FE7AD9997FF
005#82477F20C40A37FF
006#7F3680D0FD0A37FF
007#90C47FE0CC0A37FF
008#7FF57FE0830A37FF
001#80327FE7AD9997FF
002#92D77BC7AD9997FF
003#8EE87FE7AD9997FF
004#8DAF7FE7AD9997FF
005#823C7F00C40A37FF
006#7F4280E0FD0A37FF
007#90C47FE0CC0A37FF
008#7FF57FD0830A37FF
001#80327FE7AD9997FF
002#928A7BA7AD9997FF
003#8EE87FE7AD9997FF
004#8DAF7FE7AD9997FF
005#822D7ED0C40A37FF
006#7F487FE0FD0A37FF
007#90C47FE0CC0A37FF
008#7FF58000830A37FF
001#80327FE7AD9997FF
002#92377BB7AD9997FF
003#8EE87FE7AD9997FF
004#8DAF7FE7AD9997FF
005#82257EE0C40A37FF
006#7F488010FD0A37FF
007#90C48000CC0A37FF
008#7FF57FE0830A37FF
001#80327FE7AD9997FF
002#91EA7BC7AD9997FF
003#8EE88007AD9997FF
004#8DAF8007AD9997FF
005#82207F70C40A37FF
006#7F488000FD0A37FF
007#90C48000CC0A37FF
008#7FF57FE0830A37FF
001#80327FE7AD9997FF
002#919B7BD7AD9997FF
003#8EE87FE7AD9997FF
004#8DAF7FE7AD9997FF
005#82187F60C40A37FF
006#7F487FE0FD0A37FF
007#90C47FE0CC0A37FF
008#7FF57FD0830A37FF
001#80327FE7AD9997FF
002#91507BE7AD9997FF
003#8EE87FE7AD9997FF
004#8DAF7FE7AD9997FF
005#820F7F20C40A37FF
006#7F487FE0FD0A37FF
007#90C47FE0CC0A37FF
008#7FF57FD0830A37FF
001#80327FE7AD9997FF
002#91057BF7AD9997FF
003#8EE87FE7AD9997FF
004#8DAF7FD7AD9997FF
005#820E7FE0C40A37FF
006#7F487FE0FD0A37FF
007#90C47FC0CC0A37FF
008#7FF57FE0830A37FF
001#80327FD7AD9997FF
002#90BC7BE7AD9997FF
003#8EE87FD7AD9997FF
004#8DAF7FE7AD9997FF
005#820F7FE0C40A37FF
006#7F477FE0FD0A37FF
007#90C57FE0CC0A37FF
008#7FF57FE0830A37FF
001#80327FE7AD9997FF
002#90757C27AD9997FF
003#8EE88007AD9997FF
004#8DAF7FE7AD9997FF
005#820F8000C40A37FF
006#7F477FD0FD0A37FF
007#90C57FE0CC0A37FF
008#7FF57FD0830A37FF
001#80337FE7AD9997FF
002#90277C17AD9997FF
003#8EE88007AD9997FF
004#8DAF7FE7AD9997FF
005#820F7FE0C40A37FF
006#7F477FE0FD0A37FF
007#90C57FE0CC0A37FF
008#7FF58000830A37FF
001#80338007AD9997FF
002#8FE77C27AD9997FF
003#8EE98017AD9997FF
004#8DAF7FD7AD9997FF
005#82118020C40A37FF
006#7F477FD0FD0A37FF
007#90C57FE0CC0A37FF
008#7FF58000830A37FF
001#80388047AD9997FF
002#8F9F7C37AD9997FF
003#8EE98007AD9997FF
004#8DAF7FE7AD9997FF
005#82137FD0C40A37FF
006#7F477FD0FD0A37FF
007#90C57FE0CC0A37FF
008#7FF57FD0830A37FF
001#803B7FE7AD9997FF
002#8F5A7C17AD9997FF
003#8EE98017AD9997FF
004#8DAF7FC7AD9997FF
005#82117FE0C40A37FF
006#7F477FE0FD0A37FF
007#90C57FE0CC0A37FF
008#7FF58000830A37FF
001#803A7FE7AD9997FF
002#8F167C47AD9997FF
003#8EEE8157AD9997FF
004#8DAF8007AD9997FF
005#82138040C40A37FF
006#7F458010FD0A37FF
007#90C57FE0CC0A37FF
008#7FF57FD0830A37FF
001#80397FD7AD9997FF
002#8ECE7C07AD9997FF
003#8EF68267AD9997FF
004#8DAF8007AD9997FF
005#82137FA0C40A37FF
006#7F458010FD0A37FF
007#90C57FE0CC0A37FF
008#7FF57FE0830A37FF
001#80397FE7AD9997FF
002#8E857C27AD9997FF
003#8F018247AD9997FF
004#8DAF7FD7AD9997FF
005#82118000C40A37FF
006#7F457FE0FD0A37FF
007#90C58000CC0A37FF
008#7FF57FE0830A37FF
001#80397FE7AD9997FF
002#8E407C47AD9997FF
003#8F0B82C7AD9997FF
004#8DAF7FE7AD9997FF
005#82117FD0C40A37FF
006#7F457FD0FD0A37FF
007#90C47FD0CC0A37FF
008#7FF57FD0830A37FF
001#80397FE7AD9997FF
002#8DF87BF7AD9997FF
003#8F198347AD9997FF
004#8DAE7FE7AD9997FF
005#82138000C40A37FF
006#7F477FE0FD0A37FF
007#90C47FC0CC0A37FF
008#7FF57FE0830A37FF
001#80397FD7AD9997FF
002#8DAA7C07AD9997FF
003#8F2983C7AD9997FF
004#8DAE8007AD9997FF
005#82138000C40A37FF
006#7F457FD0FD0A37FF
007#90C57FD0CC0A37FF
008#7FF57FE0830A37FF
001#80398007AD9997FF
002#8D6F7C27AD9997FF
003#8F3483A7AD9997FF
004#8DAE7FD7AD9997FF
005#82117FE0C40A37FF
006#7F477FE0FD0A37FF
007#90C47FE0CC0A37FF
008#7FF58000830A37FF
001#80397FE7AD9997FF
002#8D1E7BF7AD9997FF
003#8F448337AD9997FF
004#8DAE7FE7AD9997FF
005#82118000C40A37FF
006#7F457FD0FD0A37FF
007#90C57FE0CC0A37FF
008#7FF57FD0830A37FF
001#80397FE7AD9997FF
002#8CD57C07AD9997FF
003#8F4F82B7AD9997FF
004#8DAE7FD7AD9997FF
005#82117FD0C40A37FF
006#7F457FE0FD0A37FF
007#90C58010CC0A37FF
008#7FF57FE0830A37FF
001#80397FD7AD9997FF
002#8C907BE7AD9997FF
003#8F5881F7AD9997FF
004#8DAE7FD7AD9997FF
005#82117FD0C40A37FF
006#7F458000FD0A37FF
007#90C37FB0CC0A37FF
008#7FF57FE0830A37FF
001#80397FE7AD9997FF
002#8C3D7BC7AD9997FF
003#8F608197AD9997FF
004#8DAE7FB7AD9997FF
005#82117FE0C40A37FF
006#7F478000FD0A37FF
007#90C47FC0CC0A37FF
008#7FF57FE0830A37FF
001#80397FE7AD9997FF
002#8BEA7BD7AD9997FF
003#8F628007AD9997FF
004#8DAC7F67AD9997FF
005#82117FE0C40A37FF
006#7F477FE0FD0A37FF
007#90C47FE0CC0A37FF
008#7FF57FE0830A37FF
001#80397FE7AD9997FF
002#8B9D7BC7AD9997FF
003#8F627FE7AD9997FF
004#8DAA7F67AD9997FF
005#82117FE0C40A37FF
006#7F477FE0FD0A37FF
007#90C37FD0CC0A37FF
008#7FF58000830A37FF
001#80397FE7AD9997FF
002#8B587BB7AD9997FF
003#8F627FE7AD9997FF
004#8DAA7FD7AD9997FF
005#82117FE0C40A37FF
006#7F477FE0FD0A37FF
007#90C27FD0CC0A37FF
008#7FF57FE0830A37FF
001#80387FD7AD9997FF
002#8B097BA7AD9997FF
003#8F627FE7AD9997FF
004#8DAA7FE7AD9997FF
005#820F7FD0C40A37FF
006#7F477FE0FD0A37FF
007#90BF7FC0CC0A37FF
008#7FF57FE0830A37FF
001#80387FE7AD9997FF
002#8AB97BC7AD9997FF
003#8F627FE7AD9997FF
004#8DAA7FE7AD9997FF
005#820F7FE0C40A37FF
006#7F477FE0FD0A37FF
007#90BD7FA0CC0A37FF
008#7FF57FE0830A37FF
001#80387FD7AD9997FF
002#8A6A7B97AD9997FF
003#8F628007AD9997FF
004#8DAA7FE7AD9997FF
005#82118000C40A37FF
006#7F477FD0FD0A37FF
007#90B57F00CC0A37FF
008#7FF58000830A37FF
001#80397FE7AD9997FF
002#8A217BA7AD9997FF
003#8F627FE7AD9997FF
004#8DAA7FE7AD9997FF
005#82118000C40A37FF
006#7F477FE0FD0A37FF
007#90A57E60CC0A37FF
008#7FF57FD0830A37FF
001#80387FE7AD9997FF
002#89C87B87AD9997FF
003#8F627FD7AD9997FF
004#8DAA7FE7AD9997FF
005#82117FD0C40A37FF
006#7F477FE0FD0A37FF
007#90907DE0CC0A37FF
008#7FF57FD0830A37FF
001#80387FE7AD9997FF
002#89767B77AD9997FF
003#8F627FE7AD9997FF
004#8DAA7FD7AD9997FF
005#82117FD0C40A37FF
006#7F477FD0FD0A37FF
007#907D7E30CC0A37FF
008#7FF57FC0830A37FF
001#80397FE7AD9997FF
002#891C7B77AD9997FF
003#8F627FE7AD9997FF
004#8DAA7FD7AD9997FF
005#82118000C40A37FF
006#7F478000FD0A37FF
007#906D7E90CC0A37FF
008#7FF58000830A37FF
001#80397FE7AD9997FF
002#88CF7B87AD9997FF
003#8F627FE7AD9997FF
004#8DAA8007AD9997FF
005#82117FD0C40A37FF
006#7F477FE0FD0A37FF
007#905F7EA0CC0A37FF
008#7FF57FD0830A37FF
001#80387FE7AD9997FF
002#887B7B77AD9997FF
003#8F627FE7AD9997FF
004#8DAA7FE7AD9997FF
005#82118000C40A37FF
006#7F477FC0FD0A37FF
007#904D7E10CC0A37FF
008#7FF57FE0830A37FF
001#80387FE7AD9997FF
002#88217B77AD9997FF
003#8F627FE7AD9997FF
004#8DAA7FE7AD9997FF
005#82117FD0C40A37FF
006#7F478000FD0A37FF
007#90347DD0CC0A37FF
008#7FF58000830A37FF
001#80387FE7AD9997FF
002#87D57B47AD9997FF
003#8F627FE7AD9997FF
004#8DAA7FE7AD9997FF
005#82118000C40A37FF
006#7F477FE0FD0A37FF
007#901A7DC0CC0A37FF
008#7FF57FE0830A37FF
001#80387FE7AD9997FF
002#877E7B67AD9997FF
003#8F627FE7AD9997FF
004#8DAA7FE7AD9997FF
005#82117FE0C40A37FF
006#7F457FE0FD0A37FF
007#8FFF7DC0CC0A37FF
008#7FF58000830A37FF
001#80387FE7AD9997FF
002#87217B57AD9997FF
003#8F627FD7AD9997FF
004#8DAA7FE7AD9997FF
005#82117FE0C40A37FF
006#7F457FE0FD0A37FF
007#8FE77E50CC0A37FF
008#7FF57FD0830A37FF
001#80387FE7AD9997FF
002#86CB7B47AD9997FF
003#8F627FE7AD9997FF
004#8DAA7FD7AD9997FF
005#82117FC0C40A37FF
006#7F457FD0FD0A37FF
007#8FDD7F90CC0A37FF
008#7FF57FD0830A37FF
001#80387FE7AD9997FF
002#86847B57AD9997FF
003#8F627FE7AD9997FF
004#8DAA7FE7AD9997FF
005#82118000C40A37FF
006#7F477FE0FD0A37FF
007#8FDF8020CC0A37FF
008#7FF57FD0830A37FF
001#80387FE7AD9997FF
002#86287B47AD9997FF
003#8F627FE7AD9997FF
004#8DAA7FD7AD9997FF
005#820F7FE0C40A37FF
006#7F477FE0FD0A37FF
007#8FDE7FE0CC0A37FF
008#7FF58000830A37FF
001#80387FE7AD9997FF
002#85D47B57AD9997FF
003#8F628007AD9997FF
004#8DAA7FE7AD9997FF
005#82117FE0C40A37FF
006#7F477FE0FD0A37FF
007#8FDE7FD0CC0A37FF
008#7FF57FD0830A37FF
001#80387FE7AD9997FF
002#85877B57AD9997FF
003#8F627FE7AD9997FF
004#8DAA7FD7AD9997FF
005#82118000C40A37FF
006#7F477FE0FD0A37FF
007#8FDE8000CC0A37FF
008#7FF57FD0830A37FF
001#80387FE7AD9997FF
002#852F7B87AD9997FF
003#8F627FE7AD9997FF
004#8DA87F67AD9997FF
005#82118000C40A37FF
006#7F478000FD0A37FF
007#8FDE8010CC0A37FF
008#7FF57FE0830A37FF
001#80387FE7AD9997FF
002#84DD7B97AD9997FF
003#8F617FE7AD9997FF
004#8DA87FE7AD9997FF
005#82117FE0C40A37FF
006#7F487FE0FD0A37FF
007#8FDD7FD0CC0A37FF
008#7FF57FE0830A37FF
001#80387FE7AD9997FF
002#848E7B97AD9997FF
003#8F617FE7AD9997FF
004#8DA87FD7AD9997FF
005#820F7FD0C40A37FF
006#7F487FE0FD0A37FF
007#8FDE7FE0CC0A37FF
008#7FF58000830A37FF
001#80387FE7AD9997FF
002#84407BC7AD9997FF
003#8F618007AD9997FF
004#8DA87FE7AD9997FF
005#820F7FE0C40A37FF
006#7F488000FD0A37FF
007#8FDE8000CC0A37FF
008#7FF57FE0830A37FF
001#80387FE7AD9997FF
002#83F07BE7AD9997FF
003#8F617FE7AD9997FF
004#8DA87FD7AD9997FF
005#820F7FD0C40A37FF
006#7F498000FD0A37FF
007#8FDC7FE0CC0A37FF
008#7FF57FE0830A37FF
001#80387FE7AD9997FF
002#83AA7C27AD9997FF
003#8F617FE7AD9997FF
004#8DA67F07AD9997FF
005#820F7FD0C40A37FF
006#7F4C8020FD0A37FF
007#8FDB7FC0CC0A37FF
008#7FF57FE0830A37FF
001#80387FE7AD9997FF
002#836B7C57AD9997FF
003#8F617FD7AD9997FF
004#8D9F7E37AD9997FF
005#820F7FE0C40A37FF
006#7F5A81C0FD0A37FF
007#8FD77F60CC0A37FF
008#7FF57FE0830A37FF
001#80387FE7AD9997FF
002#83267CB7AD9997FF
003#8F617FE7AD9997FF
004#8D947CC7AD9997FF
005#820F8000C40A37FF
006#7F828340FD0A37FF
007#8FC87E80CC0A37FF
008#7FF57FE0830A37FF
001#80387FE7AD9997FF
002#82F07CB7AD9997FF
003#8F617FD7AD9997FF
004#8D847B97AD9997FF
005#82117FE0C40A37FF
006#7F9C81A0FD0A37FF
007#8FB07D80CC0A37FF
008#7FF57FD0830A37FF
001#80387FE7AD9997FF
002#82B67D17AD9997FF
003#8F617FE7AD9997FF
004#8D6E7A27AD9997FF
005#820F7FD0C40A37FF
006#7FA78090FD0A37FF
007#8F7E7B70CC0A37FF
008#7FF58000830A37FF
001#80387FE7AD9997FF
002#82827D67AD9997FF
003#8F628007AD9997FF
004#8D537937AD9997FF
005#82117FE0C40A37FF
006#7FAC8020FD0A37FF
007#8F3F7A90CC0A37FF
008#7FF57FE0830A37FF
001#80387FE7AD9997FF
002#82567D87AD9997FF
003#8F627FE7AD9997FF
004#8D327787AD9997FF
005#82117FE0C40A37FF
006#7FAC8010FD0A37FF
007#8EF679D0CC0A37FF
008#7FF57FE0830A37FF
001#80387FE7AD9997FF
002#82307E07AD9997FF
003#8F627FE7AD9997FF
004#8D0975C7AD9997FF
005#82117FE0C40A37FF
006#7FAC8000FD0A37FF
007#8EA57990CC0A37FF
008#7FF58000830A37FF
001#80387FE7AD9997FF
002#82137E77AD9997FF
003#8F627FE7AD9997FF
004#8CD872E7AD9997FF
005#82117FC0C40A37FF
006#7FAC8010FD0A37FF
007#8E527900CC0A37FF
008#7FF57FE0830A37FF
001#80387FE7AD9997FF
002#81FC7EC7AD9997FF
003#8F627FE7AD9997FF
004#8C9E7107AD9997FF
005#82118000C40A37FF
006#7FAB7FC0FD0A37FF
007#8E0779C0CC0A37FF
008#7FF57FE0830A37FF
001#80387FE7AD9997FF
002#81E87EF7AD9997FF
003#8F627FE7AD9997FF
004#8C5D7017AD9997FF
005#82117FE0C40A37FF
006#7FAB8000FD0A37FF
007#8DC27AA0CC0A37FF
008#7FF57FE0830A37FF
001#80387FD7AD9997FF
002#81DB7F37AD9997FF
003#8F627FE7AD9997FF
004#8C176E07AD9997FF
005#82117FE0C40A37FF
006#7FAB7FD0FD0A37FF
007#8D8D7BC0CC0A37FF
008#7FF58000830A37FF
001#80347FA7AD9997FF
002#81D47FA7AD9997FF
003#8F627FD7AD9997FF
004#8BC86CA7AD9997FF
005#82117FE0C40A37FF
006#7FAB7FE0FD0A37FF
007#8D687D50CC0A37FF
008#7FF57FD0830A37FF
001#80317FD7AD9997FF
002#81CF7FA7AD9997FF
003#8F627FD7AD9997FF
004#8B746AF7AD9997FF
005#82118000C40A37FF
006#7FA97FE0FD0A37FF
007#8D4E7E00CC0A37FF
008#7FF57FE0830A37FF
001#80317FE7AD9997FF
002#81D18007AD9997FF
003#8F627FE7AD9997FF
004#8B1E6A67AD9997FF
005#82138020C40A37FF
006#7FA97FD0FD0A37FF
007#8D487FB0CC0A37FF
008#7FF57FE0830A37FF
001#80317FE7AD9997FF
002#81CF7FE7AD9997FF
003#8F628007AD9997FF
004#8AC168F7AD9997FF
005#82137FE0C40A37FF
006#7FA97FE0FD0A37FF
007#8D447FA0CC0A37FF
008#7FF57FD0830A37FF
001#80317FE7AD9997FF
002#81D17FE7AD9997FF
003#8F627FE7AD9997FF
004#8A606807AD9997FF
005#82137FC0C40A37FF
006#7FA98000FD0A37FF
007#8D447FD0CC0A37FF
008#7FF57FD0830A37FF
001#80317FE7AD9997FF
002#81D17FE7AD9997FF
003#8F627FE7AD9997FF
004#89F567E7AD9997FF
005#82117FE0C40A37FF
006#7FA98000FD0A37FF
007#8D447FE0CC0A37FF
008#7FF58000830A37FF
001#80318007AD9997FF
002#81D17FE7AD9997FF
003#8F627FD7AD9997FF
004#899B6787AD9997FF
005#82138000C40A37FF
006#7FA98000FD0A37FF
007#8D447FE0CC0A37FF
008#7FF58000830A37FF
001#80317FE7AD9997FF
002#81D17FE7AD9997FF
003#8F627FE7AD9997FF
004#89366717AD9997FF
005#82117FE0C40A37FF
006#7FA97FE0FD0A37FF
007#8D437FD0CC0A37FF
008#7FF57FE0830A37FF
001#80317FE7AD9997FF
002#81D18007AD9997FF
003#8F627FE7AD9997FF
004#88C666C7AD9997FF
005#82117FD0C40A37FF
006#7FAB8000FD0A37FF
007#8D437FE0CC0A37FF
008#7FF57FE0830A37FF
001#80317FE7AD9997FF
002#81D17FE7AD9997FF
003#8F627FE7AD9997FF
004#886B6737AD9997FF
005#82117FE0C40A37FF
006#7FAB8000FD0A37FF
007#8D437FE0CC0A37FF
008#7FF58000830A37FF
001#80318007AD9997FF
002#81D38007AD9997FF
003#8F627FE7AD9997FF
004#87FC6787AD9997FF
005#82117FE0C40A37FF
006#7FAC7FE0FD0A37FF
007#8D427FD0CC0A37FF
008#7FF58000830A37FF
001#80317FE7AD9997FF
002#81D17FD7AD9997FF
003#8F627FE7AD9997FF
004#87996767AD9997FF
005#82118000C40A37FF
006#7FAC7FE0FD0A37FF
007#8D407FA0CC0A37FF
008#7FF57FE0830A37FF
001#80317FE7AD9997FF
002#81D17FD7AD9997FF
003#8F627FD7AD9997FF
004#873E6797AD9997FF
005#82117FE0C40A37FF
006#7FAB8000FD0A37FF
007#8D347EC0CC0A37FF
008#7FF57FE0830A37FF
001#80317FE7AD9997FF
002#81D17FE7AD9997FF
003#8F628007AD9997FF
004#86DA67E7AD9997FF
005#82118000C40A37FF
006#7FAB8000FD0A37FF
007#8D197D50CC0A37FF
008#7FF57FD0830A37FF
001#80327FE7AD9997FF
002#81D17FE7AD9997FF
003#8F617FE7AD9997FF
004#86786827AD9997FF
005#82117FE0C40A37FF
006#7FAB7FE0FD0A37FF
007#8CE87B80CC0A37FF
008#7FF57FE0830A37FF
001#80327FE7AD9997FF
002#81D18007AD9997FF
003#8F617FE7AD9997FF
004#862468C7AD9997FF
005#82117FD0C40A37FF
006#7FAB8000FD0A37FF
007#8CAF7A50CC0A37FF
008#7FF57FD0830A37FF
001#80327FE7AD9997FF
002#81D17FE7AD9997FF
003#8F617FE7AD9997FF
004#85BE69A7AD9997FF
005#82118000C40A37FF
006#7FA97FE0FD0A37FF
007#8C5578E0CC0A37FF
008#7FF57FE0830A37FF
001#80327FE7AD9997FF
002#81D17FE7AD9997FF
003#8F617FE7AD9997FF
004#85676B67AD9997FF
005#82117FE0C40A37FF
006#7FA97FE0FD0A37FF
007#8BF77810CC0A37FF
008#7FF57FD0830A37FF
001#80317FE7AD9997FF
002#81D37FE7AD9997FF
003#8F617FE7AD9997FF
004#85186C97AD9997FF
005#820F7FE0C40A37FF
006#7FA97FE0FD0A37FF
007#8B8D7710CC0A37FF
008#7FF58000830A37FF
001#80317FD7AD9997FF
002#81D37FD7AD9997FF
003#8F617FE7AD9997FF
004#84C76EA7AD9997FF
005#820F8000C40A37FF
006#7FA77FB0FD0A37FF
007#8B0C7630CC0A37FF
008#7FF58000830A37FF
001#80317FE7AD9997FF
002#81D37FE7AD9997FF
003#8F617FE7AD9997FF
004#848A6FD7AD9997FF
005#820F8000C40A37FF
006#7FA27F00FD0A37FF
007#8AA075F0CC0A37FF
008#7FF57FE0830A37FF
001#80307FE7AD9997FF
002#81D17FE7AD9997FF
003#8F617FD7AD9997FF
004#844C70A7AD9997FF
005#82118000C40A37FF
006#7F897D90FD0A37FF
007#8A287620CC0A37FF
008#7FF57FE0830A37FF
001#80307FE7AD9997FF
002#81D17FE7AD9997FF
003#8F628007AD9997FF
004#841771E7AD9997FF
005#82118010C40A37FF
006#7F737E20FD0A37FF
007#89BD7650CC0A37FF
008#7FF58000830A37FF
001#80307FE7AD9997FF
002#81D17FE7AD9997FF
003#8F628007AD9997FF
004#83DB7337AD9997FF
005#82118020C40A37FF
006#7F6C7FE0FD0A37FF
007#89477780CC0A37FF
008#7FF58000830A37FF
001#80307FD7AD9997FF
002#81D17FE7AD9997FF
003#8F617FE7AD9997FF
004#83A673F7AD9997FF
005#82117FD0C40A37FF
006#7F6E8000FD0A37FF
007#88E77920CC0A37FF
008#7FF58000830A37FF
001#802D7FC7AD9997FF
002#81D17FD7AD9997FF
003#8F627FE7AD9997FF
004#837874D7AD9997FF
005#82118000C40A37FF
006#7F6E7FE0FD0A37FF
007#889B7A00CC0A37FF
008#7FF58000830A37FF
001#802B7FA7AD9997FF
002#81CF7FD7AD9997FF
003#8F617FD7AD9997FF
004#83517587AD9997FF
005#82117FD0C40A37FF
006#7F6E7FE0FD0A37FF
007#88657AF0CC0A37FF
008#7FF57FE0830A37FF
001#802A7FE7AD9997FF
002#81CE7FD7AD9997FF
003#8F617FE7AD9997FF
004#832375F7AD9997FF
005#82118000C40A37FF
006#7F6E8000FD0A37FF
007#88297BA0CC0A37FF
008#7FF57FD0830A37FF
001#802A7FE7AD9997FF
002#81CE7FE7AD9997FF
003#8F617FE7AD9997FF
004#82FE75A7AD9997FF
005#82118010C40A37FF
006#7F6E8000FD0A37FF
007#88027CA0CC0A37FF
008#7FF57FE0830A37FF
001#802A7FE7AD9997FF
002#81CE8007AD9997FF
003#8F627FE7AD9997FF
004#82D575A7AD9997FF
005#82117FD0C40A37FF
006#7F6E7FE0FD0A37FF
007#87E47D60CC0A37FF
008#7FF57FE0830A37FF
001#802B7FE7AD9997FF
002#81CE7FE7AD9997FF
003#8F617FE7AD9997FF
004#82A87627AD9997FF
005#82117FE0C40A37FF
006#7F6E7FD0FD0A37FF
007#87CC7E40CC0A37FF
008#7FF57FD0830A37FF
001#802B7FE7AD9997FF
002#81CE7FD7AD9997FF
003#8F618007AD9997FF
004#82847677AD9997FF
005#82118000C40A37FF
006#7F6E7FD0FD0A37FF
007#87BB7E80CC0A37FF
008#7FF57FD0830A37FF
001#802B7FE7AD9997FF
002#81CE7FD7AD9997FF
003#8F617FE7AD9997FF
004#825E7677AD9997FF
005#82118000C40A37FF
006#7F6E7FD0FD0A37FF
007#87A37DD0CC0A37FF
008#7FF58000830A37FF
001#802A7FE7AD9997FF
002#81CC7FD7AD9997FF
003#8F617FE7AD9997FF
004#823776A7AD9997FF
005#82117FE0C40A37FF
006#7F6E7FD0FD0A37FF
007#878A7DF0CC0A37FF
008#7FF57FD0830A37FF
001#802A7FE7AD9997FF
002#81CA7FC7AD9997FF
003#8F617FE7AD9997FF
004#82117717AD9997FF
005#82118000C40A37FF
006#7F6E7FE0FD0A37FF
007#87707DC0CC0A37FF
008#7FF57FE0830A37FF
001#802A7FE7AD9997FF
002#81C97FD7AD9997FF
003#8F617FE7AD9997FF
004#81F07777AD9997FF
005#82118000C40A37FF
006#7F6E7FE0FD0A37FF
007#87587DE0CC0A37FF
008#7FF58000830A37FF
001#802A7FD7AD9997FF
002#81C77FC7AD9997FF
003#8F627FE7AD9997FF
004#81C97787AD9997FF
005#82118000C40A37FF
006#7F6E7FE0FD0A37FF
007#87367D60CC0A37FF
008#7FF57FE0830A37FF
001#80297FC7AD9997FF
002#81C47FB7AD9997FF
003#8F627FE7AD9997FF
004#81AB7797AD9997FF
005#82138020C40A37FF
006#7F6E7FD0FD0A37FF
007#87137CB0CC0A37FF
008#7FF57FD0830A37FF
001#80277FB7AD9997FF
002#81C27FD7AD9997FF
003#8F627FE7AD9997FF
004#818C7867AD9997FF
005#821E8110C40A37FF
006#7F6E7FE0FD0A37FF
007#86EA7C70CC0A37FF
008#7FF57FE0830A37FF
001#80237FC7AD9997FF
002#81C17FC7AD9997FF
003#8F627FE7AD9997FF
004#816D7867AD9997FF
005#823081A0C40A37FF
006#7F6E8020FD0A37FF
007#86C17C90CC0A37FF
008#7FF57FE0830A37FF
001#80237FE7AD9997FF
002#81BF7FC7AD9997FF
003#8F617FE7AD9997FF
004#814F7817AD9997FF
005#823C8110C40A37FF
006#7F6E7FA0FD0A37FF
007#86957BA0CC0A37FF
008#7FF57FE0830A37FF
001#80237FD7AD9997FF
002#81BC7FC7AD9997FF
003#8F617FE7AD9997FF
004#813078B7AD9997FF
005#82448000C40A37FF
006#7F6E8000FD0A37FF
007#86577B30CC0A37FF
008#7FF57FE0830A37FF
001#80207FD7AD9997FF
002#81BA7FD7AD9997FF
003#8F627FE7AD9997FF
004#81137987AD9997FF
005#82447FE0C40A37FF
006#7F6E8000FD0A37FF
007#861E7B70CC0A37FF
008#7FF57FE0830A37FF
001#801B7F97AD9997FF
002#81B77FC7AD9997FF
003#8F617FD7AD9997FF
004#80F77957AD9997FF
005#82447FC0C40A37FF
006#7F6C7FE0FD0A37FF
007#85DD7AD0CC0A37FF
008#7FF57FE0830A37FF
001#80177F97AD9997FF
002#81B27FB7AD9997FF
003#8F617FE7AD9997FF
004#80E079D7AD9997FF
005#82428010C40A37FF
006#7F6E7FD0FD0A37FF
007#85A37AC0CC0A37FF
008#7FF57FE0830A37FF
001#80137FD7AD9997FF
002#81B27FD7AD9997FF
003#8F617FE7AD9997FF
004#80C879F7AD9997FF
005#82427FD0C40A37FF
006#7F6E8010FD0A37FF
007#85677B00CC0A37FF
008#7FF57FD0830A37FF
001#800D7F57AD9997FF
002#81AD7F97AD9997FF
003#8F628007AD9997FF
004#80B079D7AD9997FF
005#82428010C40A37FF
006#7F6E7FC0FD0A37FF
007#85287AC0CC0A37FF
008#7FF57FE0830A37FF
001#80057F57AD9997FF
002#81AB7FE7AD9997FF
003#8F617FE7AD9997FF
004#80997A97AD9997FF
005#82427FD0C40A37FF
006#7F6E8020FD0A37FF
007#84F47BE0CC0A37FF
008#7FF57FE0830A37FF
001#80037FE7AD9997FF
002#81A87FA7AD9997FF
003#8F617FD7AD9997FF
004#808279F7AD9997FF
005#82428000C40A37FF
006#7F6E7FE0FD0A37FF
007#84C67C20CC0A37FF
008#7FF57FE0830A37FF
001#7FFE7FB7AD9997FF
002#81A37FB7AD9997FF
003#8F617FE7AD9997FF
004#806C7AD7AD9997FF
005#82428000C40A37FF
006#7F6E7FC0FD0A37FF
007#849D7D40CC0A37FF
008#7FF58000830A37FF
001#7FF87F67AD9997FF
002#819B7F67AD9997FF
003#8F617FE7AD9997FF
004#80557A57AD9997FF
005#82427FE0C40A37FF
006#7F6E7FD0FD0A37FF
007#84847DF0CC0A37FF
008#7FF58000830A37FF
001#7FF57FC7AD9997FF
002#818E7F47AD9997FF
003#8F617FE7AD9997FF
004#803E7B07AD9997FF
005#82417FC0C40A37FF
006#7F6E8030FD0A37FF
007#847E7FC0CC0A37FF
008#7FF57FE0830A37FF
001#7FEF7FB7AD9997FF
002#81827F07AD9997FF
003#8F617FE7AD9997FF
004#802A7AC7AD9997FF
005#82417FE0C40A37FF
006#7F6C7FD0FD0A37FF
007#847E8000CC0A37FF
008#7FF57FD0830A37FF
001#7FEB7F87AD9997FF
002#81757F17AD9997FF
003#8F617FE7AD9997FF
004#80187B87AD9997FF
005#823F7FA0C40A37FF
006#7F6E7FD0FD0A37FF
007#847F7FE0CC0A37FF
008#7FF57FD0830A37FF
001#7FE67FA7AD9997FF
002#816A7F27AD9997FF
003#8F617FE7AD9997FF
004#800B7C27AD9997FF
005#82377ED0C40A37FF
006#7F6E8010FD0A37FF
007#847E7FD0CC0A37FF
008#7FF57FD0830A37FF
001#7FDB7F57AD9997FF
002#81597EF7AD9997FF
003#8F617FE7AD9997FF
004#7FF97C37AD9997FF
005#82217E20C40A37FF
006#7F6E7FE0FD0A37FF
007#847F8000CC0A37FF
008#7FF57FE0830A37FF
001#7FD77FB7AD9997FF
002#81497F17AD9997FF
003#8F617FE7AD9997FF
004#7FED7D27AD9997FF
005#820E7E40C40A37FF
006#7F6E7FE0FD0A37FF
007#847E7FC0CC0A37FF
008#7FF58000830A37FF
001#7FD07F87AD9997FF
002#813A7EF7AD9997FF
003#8F617FE7AD9997FF
004#7FE37D67AD9997FF
005#81FF7EC0C40A37FF
006#7F6E7FE0FD0A37FF
007#847D7FA0CC0A37FF
008#7FF57FE0830A37FF
001#7FD08007AD9997FF
002#81257ED7AD9997FF
003#8F618007AD9997FF
004#7FD77D37AD9997FF
005#81F07F10C40A37FF
006#7F6E7FD0FD0A37FF
007#847D8010CC0A37FF
008#7FF57FE0830A37FF
001#7FCD7FB7AD9997FF
002#81157F07AD9997FF
003#8F617FE7AD9997FF
004#7FD07E57AD9997FF
005#81E87ED0C40A37FF
006#7F6E8000FD0A37FF
007#847D7FE0CC0A37FF
008#7FF57FE0830A37FF
001#7FCB7FD7AD9997FF
002#81007EC7AD9997FF
003#8F618007AD9997FF
004#7FC87DA7AD9997FF
005#81DD7EE0C40A37FF
006#7F6C8010FD0A37FF
007#847D7FD0CC0A37FF
008#7FF57FD0830A37FF
001#7FCB7FD7AD9997FF
002#80E97EB7AD9997FF
003#8F617FE7AD9997FF
004#7FC17EA7AD9997FF
005#81D37EC0C40A37FF
006#7F6E8010FD0A37FF
007#847D7FE0CC0A37FF
008#7FF57FE0830A37FF
001#7FCB7FE7AD9997FF
002#80D67ED7AD9997FF
003#8F617FE7AD9997FF
004#7FC17FB7AD9997FF
005#81C97FE0C40A37FF
006#7F6E7FD0FD0A37FF
007#847E7FE0CC0A37FF
008#7FF57FD0830A37FF
001#7FCB7FE7AD9997FF
002#80BE7E77AD9997FF
003#8F617FE7AD9997FF
004#7FC18017AD9997FF
005#81CC8020C40A37FF
006#7F6C7FD0FD0A37FF
007#847D8000CC0A37FF
008#7FF57FD0830A37FF
001#7FCA7FC7AD9997FF
002#80A87ED7AD9997FF
003#8F617FE7AD9997FF
004#7FC27FB7AD9997FF
005#81CC7FE0C40A37FF
006#7F6C7FE0FD0A37FF
007#847E7FC0CC0A37FF
008#7FF57FE0830A37FF
001#7FC67FA7AD9997FF
002#80927E87AD9997FF
003#8F617FE7AD9997FF
004#7FC18007AD9997FF
005#81CC7FD0C40A37FF
006#7F6C7FD0FD0A37FF
007#847D7FE0CC0A37FF
008#7FF58000830A37FF
001#7FC37FE7AD9997FF
002#80797ED7AD9997FF
003#8F617FE7AD9997FF
004#7FC27FE7AD9997FF
005#81CA7FD0C40A37FF
006#7F6E8010FD0A37FF
007#847E8000CC0A37FF
008#7FF57FE0830A37FF
001#7FC27FC7AD9997FF
002#80677EC7AD9997FF
003#8F617FE7AD9997FF
004#7FC28007AD9997FF
005#81CA8010C40A37FF
006#7F6E7FE0FD0A37FF
007#847E7FE0CC0A37FF
008#7FF57FE0830A37FF
001#7FBB7F97AD9997FF
002#80557F27AD9997FF
003#8F617FE7AD9997FF
004#7FC27FE7AD9997FF
005#81CA7FE0C40A37FF
006#7F6C7FD0FD0A37FF
007#847E7FE0CC0A37FF
008#7FF57FE0830A37FF
001#7FB37F57AD9997FF
002#80447EE7AD9997FF
003#8F617FE7AD9997FF
004#7FC27FE7AD9997FF
005#81C97FD0C40A37FF
006#7F6E8000FD0A37FF
007#847E7FE0CC0A37FF
008#7FF58000830A37FF
001#7FAD7FB7AD9997FF
002#80397F57AD9997FF
003#8F617FE7AD9997FF
004#7FC27FE7AD9997FF
005#81CA8000C40A37FF
006#7F6E7FD0FD0A37FF
007#847E7FE0CC0A37FF
008#7FF58000830A37FF
001#7FAC8007AD9997FF
002#802E7F87AD9997FF
003#8F617FE7AD9997FF
004#7FC27FE7AD9997FF
005#81CA8000C40A37FF
006#7F6E7FD0FD0A37FF
007#847E7FE0CC0A37FF
008#7FF57FD0830A37FF
001#7FAC7FE7AD9997FF
002#80277F87AD9997FF
003#8F617FE7AD9997FF
004#7FC27FE7AD9997FF
005#81CC8010C40A37FF
006#7F6E7FE0FD0A37FF
007#847E7FE0CC0A37FF
008#7FF57FE0830A37FF
001#7FAC7FE7AD9997FF
002#80207FA7AD9997FF
003#8F617FE7AD9997FF
004#7FC27FE7AD9997FF
005#81CC8000C40A37FF
006#7F6C7F90FD0A37FF
007#847F8010CC0A37FF
008#7FF57FE0830A37FF
001#7FAC7FD7AD9997FF
002#801B7FB7AD9997FF
003#8F617FE7AD9997FF
004#7FC27FE7AD9997FF
005#81CC7FE0C40A37FF
006#7F6C7FD0FD0A37FF
007#847F8010CC0A37FF
008#7FF58000830A37FF
001#7FA77F77AD9997FF
002#80187FB7AD9997FF
003#8F617FE7AD9997FF
004#7FC27FE7AD9997FF
005#81CC7FE0C40A37FF
006#7F6C7FD0FD0A37FF
007#847F7FD0CC0A37FF
008#7FF57FE0830A37FF
001#7FA07F87AD9997FF
002#80177FC7AD9997FF
003#8F618007AD9997FF
004#7FC27FE7AD9997FF
005#81CC7FE0C40A37FF
006#7F6C8000FD0A37FF
007#847F7FE0CC0A37FF
008#7FF57FE0830A37FF
001#7F9B7F97AD9997FF
002#80167FE7AD9997FF
003#8F617FE7AD9997FF
004#7FC27FE7AD9997FF
005#81CC8000C40A37FF
006#7F6E8000FD0A37FF
007#847F7FC0CC0A37FF
008#7FF58000830A37FF
001#7F8E7F27AD9997FF
002#80167FE7AD9997FF
003#8F617FD7AD9997FF
004#7FC27FD7AD9997FF
005#81CC7FB0C40A37FF
006#7F6E8010FD0A37FF
007#847F7FE0CC0A37FF
008#7FF58010830A37FF
001#7F7E7F37AD9997FF
002#80167FD7AD9997FF
003#8F617FE7AD9997FF
004#7FC27FE7AD9997FF
005#81CC7FE0C40A37FF
006#7F6E8000FD0A37FF
007#847F7FE0CC0A37FF
008#7FF57FE0830A37FF
001#7F777F87AD9997FF
002#80167FE7AD9997FF
003#8F618007AD9997FF
004#7FC27FE7AD9997FF
005#81CC8000C40A37FF
006#7F6E7FE0FD0A37FF
007#847F7FE0CC0A37FF
008#7FF57FC0830A37FF
001#7F727FB7AD9997FF
002#80147FE7AD9997FF
003#8F617FE7AD9997FF
004#7FC27FE7AD9997FF
005#81CC7FD0C40A37FF
006#7F6E7FC0FD0A37FF
007#847F7FC0CC0A37FF
008#7FF57FE0830A37FF
001#7F728007AD9997FF
002#80147FE7AD9997FF
003#8F617FE7AD9997FF
004#7FC27FE7AD9997FF
005#81CC8000C40A37FF
006#7F6E7FD0FD0A37FF
007#847F8000CC0A37FF
008#7FF57FE0830A37FF
001#7F727FD7AD9997FF
002#80147FE7AD9997FF
003#8F618007AD9997FF
004#7FC27FE7AD9997FF
005#81CC7FE0C40A37FF
006#7F6E7FD0FD0A37FF
007#847F8000CC0A37FF
008#7FF57FD0830A37FF
001#7F728007AD9997FF
002#80168007AD9997FF
003#8F617FE7AD9997FF
004#7FC27FE7AD9997FF
005#81CC7FE0C40A37FF
006#7F6E7FE0FD0A37FF
007#847F8000CC0A37FF
008#7FF57FE0830A37FF
001#7F727FE7AD9997FF
002#80167FE7AD9997FF
003#8F617FE7AD9997FF
004#7FC28007AD9997FF
005#81CC8000C40A37FF
006#7F6E7FD0FD0A37FF
007#847F7FD0CC0A37FF
008#7FF57FE0830A37FF
001#7F738007AD9997FF
002#80167FE7AD9997FF
003#8F617FE7AD9997FF
004#7FC27FE7AD9997FF
005#81CC7FE0C40A37FF
006#7F6E7FD0FD0A37FF
007#847F8000CC0A37FF
008#7FF58000830A37FF
001#7F758017AD9997FF
002#80167FE7AD9997FF
003#8F617FE7AD9997FF
004#7FC28007AD9997FF
005#81CC8000C40A37FF
006#7F6E7FE0FD0A37FF
007#847F7FE0CC0A37FF
008#7FF58000830A37FF
001#7F798047AD9997FF
002#80167FE7AD9997FF
003#8F617FE7AD9997FF
004#7FC28007AD9997FF
005#81CC8000C40A37FF
006#7F708000FD0A37FF
007#847F7FD0CC0A37FF
008#7FF57FE0830A37FF
001#7F7C8007AD9997FF
002#80167FE7AD9997FF
003#8F617FE7AD9997FF
004#7FC27FE7AD9997FF
005#81CC8010C40A37FF
006#7F6E7FB0FD0A37FF
007#847F7FE0CC0A37FF
008#7FF57FE0830A37FF
001#7F7E7FE7AD9997FF
002#80177FE7AD9997FF
003#8F617FE7AD9997FF
004#7FC27FE7AD9997FF
005#81CC7FD0C40A37FF
006#7F708010FD0A37FF
007#847F8000CC0A37FF
008#7FF58000830A37FF
001#7F808027AD9997FF
002#80167FE7AD9997FF
003#8F617FE7AD9997FF
004#7FC27FE7AD9997FF
005#81CA7FC0C40A37FF
006#7F707FD0FD0A37FF
007#847F7FE0CC0A37FF
008#7FF57FE0830A37FF
001#7F808007AD9997FF
002#80167FE7AD9997FF
003#8F617FE7AD9997FF
004#7FC27FE7AD9997FF
005#81CC8000C40A37FF
006#7F6E7FD0FD0A37FF
007#847F8000CC0A37FF
008#7FF57FD0830A37FF
001#7F807FE7AD9997FF
002#80167FD7AD9997FF
003#8F617FD7AD9997FF
004#7FC27FD7AD9997FF
005#81CC7FE0C40A37FF
006#7F6E8000FD0A37FF
007#847F7FE0CC0A37FF
008#7FF57FE0830A37FF
001#7F807FE7AD9997FF
002#80147FD7AD9997FF
003#8F617FE7AD9997FF
004#7FC27FD7AD9997FF
005#81CC7FD0C40A37FF
006#7F6E7FE0FD0A37FF
007#847F7FE0CC0A37FF
008#7FF57FE0830A37FF
001#7F807FE7AD9997FF
002#80137FE7AD9997FF
003#8F617FE7AD9997FF
004#7FC27FD7AD9997FF
005#81CC7FE0C40A37FF
006#7F6E7FE0FD0A37FF
007#847F7FE0CC0A37FF
008#7FF57FE0830A37FF
001#7F807FE7AD9997FF
002#80137FE7AD9997FF
003#8F617FE7AD9997FF
004#7FC27FE7AD9997FF
005#81CC7FE0C40A37FF
006#7F6E7FD0FD0A37FF
007#847F7FE0CC0A37FF
008#7FF57FE0830A37FF
001#7F807FE7AD9997FF
002#80138007AD9997FF
003#8F617FE7AD9997FF
004#7FC27FE7AD9997FF
005#81CC7FE0C40A37FF
006#7F6E8000FD0A37FF
007#847F7FE0CC0A37FF
008#7FF57FE0830A37FF
001#7F807FE7AD9997FF
002#80148007AD9997FF
003#8F617FE7AD9997FF
004#7FC27FE7AD9997FF
005#81CC7FE0C40A37FF
006#7F6E7FE0FD0A37FF
007#847F8000CC0A37FF
008#7FF57FD0830A37FF
001#7F807FE7AD9997FF
002#80167FE7AD9997FF
003#8F617FE7AD9997FF
004#7FC28007AD9997FF
005#81CC7FD0C40A37FF
006#7F6E7FE0FD0A37FF
007#847F7FD0CC0A37FF
008#7FF57FE0830A37FF
001#7F807FE7AD9997FF
002#80167FE7AD9997FF
003#8F617FE7AD9997FF
004#7FC27FE7AD9997FF
005#81CC7FE0C40A37FF
006#7F6E7FD0FD0A37FF
007#847F8000CC0A37FF
008#7FF58000830A37FF
001#7F827FE7AD9997FF
002#80167FE7AD9997FF
003#8F617FD7AD9997FF
004#7FC27FE7AD9997FF
005#81CC7FE0C40A37FF
006#7F6E8000FD0A37FF
007#847F7FE0CC0A37FF
008#7FF57FD0830A37FF
001#7F828007AD9997FF
002#80167FE7AD9997FF
003#8F617FE7AD9997FF
004#7FC27FE7AD9997FF
005#81CC7FE0C40A37FF
006#7F6E7FE0FD0A37FF
007#847F7FE0CC0A37FF
008#7FF57FD0830A37FF
001#7F828007AD9997FF
002#80167FE7AD9997FF
003#8F617FE7AD9997FF
004#7FC28007AD9997FF
005#81CC7FD0C40A37FF
006#7F6E8000FD0A37FF
007#847F7FD0CC0A37FF
008#7FF58000830A37FF
001#7F827FE7AD9997FF
002#80167FE7AD9997FF
003#8F618007AD9997FF
004#7FC27FE7AD9997FF
005#81CC7FD0C40A37FF
006#7F6E7FD0FD0A37FF
007#847F7FE0CC0A37FF
008#7FF57FD0830A37FF
001#7F827FE7AD9997FF
002#80147FE7AD9997FF
003#8F617FE7AD9997FF
004#7FC27FE7AD9997FF
005#81CC7FE0C40A37FF
006#7F6E8000FD0A37FF
007#847F7FE0CC0A37FF
008#7FF57FE0830A37FF
001#7F827FE7AD9997FF
002#80147FE7AD9997FF
003#8F617FE7AD9997FF
004#7FC27FE7AD9997FF
005#81CC7FE0C40A37FF
006#7F6E7FE0FD0A37FF
007#847F8000CC0A37FF
008#7FF58000830A37FF
001#7F827FE7AD9997FF
002#80147FE7AD9997FF
003#8F618007AD9997FF
004#7FC27FE7AD9997FF
005#81CC7FD0C40A37FF
006#7F6E7FE0FD0A37FF
007#847F7FE0CC0A37FF
008#7FF57FE0830A37FF
001#7F827FE7AD9997FF
002#80147FE7AD9997FF
003#8F617FE7AD9997FF
004#7FC27FE7AD9997FF
005#81CC7FE0C40A37FF
006#7F6E8000FD0A37FF
007#847F7FE0CC0A37FF
008#7FF57FE0830A37FF
001#7F827FE7AD9997FF
002#80167FE7AD9997FF
003#8F617FE7AD9997FF
004#7FC27FE7AD9997FF
005#81CC8000C40A37FF
006#7F6E7FE0FD0A37FF
007#847F7FD0CC0A37FF
008#7FF57FD0830A37FF
001#7F827FE7AD9997FF
002#80167FE7AD9997FF
003#8F617FE7AD9997FF
004#7FC27FE7AD9997FF
005#81CC7FE0C40A37FF
006#7F6E8000FD0A37FF
007#847F7FE0CC0A37FF
008#7FF57FC0830A37FF
001#7F827FE7AD9997FF
002#80167FE7AD9997FF
003#8F618007AD9997FF
004#7FC27FD7AD9997FF
005#81CC7FE0C40A37FF
006#7F6E7FD0FD0A37FF
007#847F7FE0CC0A37FF
008#7FF58010830A37FF
001#7F807FE7AD9997FF
002#80147FE7AD9997FF
003#8F617FE7AD9997FF
004#7FC27FE7AD9997FF
005#81CC7FE0C40A37FF
006#7F6E7FD0FD0A37FF
007#847F7FE0CC0A37FF
008#7FF57FE0830A37FF
001#7F827FE7AD9997FF
002#80147FE7AD9997FF
003#8F617FD7AD9997FF
004#7FC27FD7AD9997FF
005#81CC8000C40A37FF
006#7F6E7FE0FD0A37FF
007#847F8000CC0A37FF
008#7FF57FE0830A37FF
001#7F828007AD9997FF
002#80147FE7AD9997FF
003#8F617FD7AD9997FF
004#7FC27FE7AD9997FF
005#81CC7FE0C40A37FF
006#7F6E7FE0FD0A37FF
007#847F7FE0CC0A37FF
008#7FF57FD0830A37FF
001#7F827FE7AD9997FF
002#80147FE7AD9997FF
003#8F617FE7AD9997FF
004#7FC27FE7AD9997FF
005#81CC7FE0C40A37FF
006#7F6E7FE0FD0A37FF
007#847F7FE0CC0A37FF
008#7FF57FD0830A37FF
001#7F828007AD9997FF
002#80168007AD9997FF
003#8F5F7F27AD9997FF
004#7FC28007AD9997FF
005#81CC7FD0C40A37FF
006#7F6E7FE0FD0A37FF
007#847F7FD0CC0A37FF
008#7FF57FE0830A37FF
001#7F827FE7AD9997FF
002#80167FE7AD9997FF
003#8F5B7E77AD9997FF
004#7FC27FE7AD9997FF
005#81CC7FE0C40A37FF
006#7F6E8000FD0A37FF
007#847F7FE0CC0A37FF
008#7FF57FE0830A37FF
001#7F827FE7AD9997FF
002#80167FE7AD9997FF
003#8F537DB7AD9997FF
004#7FC27FE7AD9997FF
005#81CC8000C40A37FF
006#7F6E8000FD0A37FF
007#847F7FE0CC0A37FF
008#7FF57FE0830A37FF
001#7F827FE7AD9997FF
002#80167FE7AD9997FF
003#8F477CE7AD9997FF
004#7FC28007AD9997FF
005#81CC8000C40A37FF
006#7F6E7FE0FD0A37FF
007#847F8000CC0A37FF
008#7FF57FE0830A37FF
001#7F827FD7AD9997FF
002#80167FE7AD9997FF
003#8F367BC7AD9997FF
004#7FC28007AD9997FF
005#81CC7FE0C40A37FF
006#7F6E7FE0FD0A37FF
007#847F8010CC0A37FF
008#7FF57FE0830A37FF
001#7F827FE7AD9997FF
002#80167FE7AD9997FF
003#8F237AB7AD9997FF
004#7FC27FE7AD9997FF
005#81CC7FE0C40A37FF
006#7F6E7FE0FD0A37FF
007#847F7FE0CC0A37FF
008#7FF57FD0830A37FF
001#7F827FE7AD9997FF
002#80147FE7AD9997FF
003#8F0B7997AD9997FF
004#7FC27FE7AD9997FF
005#81CC8000C40A37FF
006#7F6E7FD0FD0A37FF
007#847F7FE0CC0A37FF
008#7FF57FE0830A37FF
001#7F827FE7AD9997FF
002#80147FE7AD9997FF
003#8EF07847AD9997FF
004#7FC27FE7AD9997FF
005#81CC7FD0C40A37FF
006#7F6E7FE0FD0A37FF
007#847F8000CC0A37FF
008#7FF58000830A37FF
001#7F827FE7AD9997FF
002#80167FE7AD9997FF
003#8ECC7727AD9997FF
004#7FC28007AD9997FF
005#81CC7FE0C40A37FF
006#7F6E7FE0FD0A37FF
007#847F7FE0CC0A37FF
008#7FF57FE0830A37FF
001#7F827FC7AD9997FF
002#80147FE7AD9997FF
003#8EA47607AD9997FF
004#7FC27FE7AD9997FF
005#81CC7FE0C40A37FF
006#7F6E7FE0FD0A37FF
007#847F7FE0CC0A37FF
008#7FF57FD0830A37FF
001#7F807FD7AD9997FF
002#80167FE7AD9997FF
003#8E797507AD9997FF
004#7FC27FE7AD9997FF
005#81CC7FE0C40A37FF
006#7F6E7FE0FD0A37FF
007#847F8000CC0A37FF
008#7FF58000830A37FF
001#7F7E7FC7AD9997FF
002#80167FE7AD9997FF
003#8E4B7437AD9997FF
004#7FC27FE7AD9997FF
005#81CC7FD0C40A37FF
006#7F6E8000FD0A37FF
007#847F7FE0CC0A37FF
008#7FF58010830A37FF
001#7F7C7FC7AD9997FF
002#80167FE7AD9997FF
003#8E177337AD9997FF
004#7FC27FE7AD9997FF
005#81CC7FE0C40A37FF
006#7F6E7FE0FD0A37FF
007#847F7FE0CC0A37FF
008#7FF57FE0830A37FF
001#7F7C7FD7AD9997FF
002#80167FE7AD9997FF
003#8DDF7267AD9997FF
004#7FC27FE7AD9997FF
005#81CC7FE0C40A37FF
006#7F6E7FC0FD0A37FF
007#847F8000CC0A37FF
008#7FF57FE0830A37FF
001#7F7C7FE7AD9997FF
002#80167FE7AD9997FF
003#8DA871C7AD9997FF
004#7FC27FE7AD9997FF
005#81CC7FE0C40A37FF
006#7F6E8000FD0A37FF
007#847F8000CC0A37FF
008#7FF57FE0830A37FF
001#7F7C7FE7AD9997FF
002#80167FE7AD9997FF
003#8D6C7127AD9997FF
004#7FC27FE7AD9997FF
005#81CC7FE0C40A37FF
006#7F6E7FE0FD0A37FF
007#847F8000CC0A37FF
008#7FF57FD0830A37FF
001#7F7C7FE7AD9997FF
002#80167FE7AD9997FF
003#8D2E70A7AD9997FF
004#7FC27FE7AD9997FF
005#81CC7FD0C40A37FF
006#7F6E7FE0FD0A37FF
007#847F7FD0CC0A37FF
008#7FF57FD0830A37FF
001#7F7C7FE7AD9997FF
002#80167FE7AD9997FF
003#8CF37047AD9997FF
004#7FC27FE7AD9997FF
005#81CC7FD0C40A37FF
006#7F6E7FE0FD0A37FF
007#847F7FD0CC0A37FF
008#7FF57FD0830A37FF
001#7F7C7FE7AD9997FF
002#80167FE7AD9997FF
003#8CAC6FD7AD9997FF
004#7FC27FE7AD9997FF
005#81CC7FE0C40A37FF
006#7F6E8000FD0A37FF
007#847F7FE0CC0A37FF
008#7FF57FE0830A37FF
001#7F7C7FE7AD9997FF
002#80167FE7AD9997FF
003#8C696F87AD9997FF
004#7FC27FE7AD9997FF
005#81CC7FE0C40A37FF
006#7F6E7FD0FD0A37FF
007#847F7FE0CC0A37FF
008#7FF57FE0830A37FF
001#7F7C7FE7AD9997FF
002#80167FE7AD9997FF
003#8C256F07AD9997FF
004#7FC27FD7AD9997FF
005#81CC8000C40A37FF
006#7F6E7FE0FD0A37FF
007#847F7FE0CC0A37FF
008#7FF57FD0830A37FF
001#7F7C7FE7AD9997FF
002#80167FE7AD9997FF
003#8BDD6ED7AD9997FF
004#7FC27FD7AD9997FF
005#81CC8010C40A37FF
006#7F6E7FE0FD0A37FF
007#847F8000CC0A37FF
008#7FF57FE0830A37FF
001#7F7C7FE7AD9997FF
002#80167FE7AD9997FF
003#8B986ED7AD9997FF
004#7FC27FE7AD9997FF
005#81CC7FE0C40A37FF
006#7F6E7FE0FD0A37FF
007#847F7FE0CC0A37FF
008#7FF58000830A37FF
001#7F7C7FE7AD9997FF
002#80168007AD9997FF
003#8B4B6ED7AD9997FF
004#7FC27FD7AD9997FF
005#81CC7FE0C40A37FF
006#7F6E7FE0FD0A37FF
007#847F7FE0CC0A37FF
008#7FF57FE0830A37FF
001#7F7C7FE7AD9997FF
002#80147FE7AD9997FF
003#8B0B6ED7AD9997FF
004#7FC27FE7AD9997FF
005#81CC7FE0C40A37FF
006#7F6E7FE0FD0A37FF
007#847F7FE0CC0A37FF
008#7FF57FE0830A37FF
001#7F7C7FE7AD9997FF
002#80167FE7AD9997FF
003#8ACC6ED7AD9997FF
004#7FC27FE7AD9997FF
005#81CC7FE0C40A37FF
006#7F6E8000FD0A37FF
007#847F7FE0CC0A37FF
008#7FF57FE0830A37FF
001#7F7C7FD7AD9997FF
002#80147FD7AD9997FF
003#8A876EB7AD9997FF
004#7FC27FD7AD9997FF
005#81CC7FE0C40A37FF
006#7F6E7FE0FD0A37FF
007#847F7FE0CC0A37FF
008#7FF58000830A37FF
001#7F7C7FE7AD9997FF
002#80167FE7AD9997FF
003#8A3A6EC7AD9997FF
004#7FC27FE7AD9997FF
005#81CC8000C40A37FF
006#7F6E7FE0FD0A37FF
007#847F7FE0CC0A37FF
008#7FF57FE0830A37FF
001#7F7C7FE7AD9997FF
002#80167FE7AD9997FF
003#89F46ED7AD9997FF
004#7FC27FD7AD9997FF
005#81CC7FE0C40A37FF
006#7F6E7FE0FD0A37FF
007#847F8000CC0A37FF
008#7FF57FD0830A37FF
001#7F7C8007AD9997FF
002#80167FE7AD9997FF
003#89AE6ED7AD9997FF
004#7FC27FE7AD9997FF
005#81CC8000C40A37FF
006#7F6E7FE0FD0A37FF
007#847F7FE0CC0A37FF
008#7FF58000830A37FF
001#7F7C8007AD9997FF
002#80167FE7AD9997FF
003#89676EC7AD9997FF
004#7FC27FE7AD9997FF
005#81CC7FD0C40A37FF
006#7F6E7FE0FD0A37FF
007#847F7FD0CC0A37FF
008#7FF57FD0830A37FF
001#7F7C7FE7AD9997FF
002#80167FE7AD9997FF
003#89226EB7AD9997FF
004#7FC27FE7AD9997FF
005#81CC7FD0C40A37FF
006#7F6E7FE0FD0A37FF
007#847F7FE0CC0A37FF
008#7FF57FE0830A37FF
001#7F7C7FE7AD9997FF
002#80167FD7AD9997FF
003#88DA6E97AD9997FF
004#7FC27FE7AD9997FF
005#81CC7FE0C40A37FF
006#7F6E7FD0FD0A37FF
007#847F7FE0CC0A37FF
008#7FF58000830A37FF
001#7F7C7FE7AD9997FF
002#80167FE7AD9997FF
003#88946E77AD9997FF
004#7FC27FD7AD9997FF
005#81CC7FE0C40A37FF
006#7F6E7FE0FD0A37FF
007#847F8000CC0A37FF
008#7FF57FD0830A37FF
001#7F7C7FE7AD9997FF
002#80167FE7AD9997FF
003#884D6E87AD9997FF
004#7FC27FE7AD9997FF
005#81CC7FE0C40A37FF
006#7F6E8000FD0A37FF
007#847F7FE0CC0A37FF
008#7FF57FD0830A37FF
001#7F7C7FE7AD9997FF
002#80168007AD9997FF
003#880D6E97AD9997FF
004#7FC28007AD9997FF
005#81CC7FE0C40A37FF
006#7F6E7FE0FD0A37FF
007#847F7FE0CC0A37FF
008#7FF57FE0830A37FF
001#7F7C7FE7AD9997FF
002#80167FE7AD9997FF
003#87B86EA7AD9997FF
004#7FC28007AD9997FF
005#81CC8000C40A37FF
006#7F6E7FD0FD0A37FF
007#847F7FE0CC0A37FF
008#7FF58000830A37FF
001#7F7C7FE7AD9997FF
002#80167FE7AD9997FF
003#877E6EA7AD9997FF
004#7FC27FD7AD9997FF
005#81CC7FE0C40A37FF
006#7F6E7FE0FD0A37FF
007#847F7FE0CC0A37FF
008#7FF57FE0830A37FF
001#7F7C7FE7AD9997FF
002#80167FD7AD9997FF
003#87326EA7AD9997FF
004#7FC27FE7AD9997FF
005#81CC7FD0C40A37FF
006#7F6E7FE0FD0A37FF
007#847F7FE0CC0A37FF
008#7FF58000830A37FF
001#7F7C7FE7AD9997FF
002#80167FE7AD9997FF
003#86E46EB7AD9997FF
004#7FC28007AD9997FF
005#81CC7FE0C40A37FF
006#7F6E7FE0FD0A37FF
007#847F7FE0CC0A37FF
008#7FF58000830A37FF
001#7F7C7FE7AD9997FF
002#80167FE7AD9997FF
003#86A56F17AD9997FF
004#7FC27FD7AD9997FF
005#81CC8000C40A37FF
006#7F6E7FE0FD0A37FF
007#847F7FE0CC0A37FF
008#7FF57FD0830A37FF
001#7F7C8007AD9997FF
002#80167FE7AD9997FF
003#865C6F47AD9997FF
004#7FC27FE7AD9997FF
005#81CC7FD0C40A37FF
006#7F6E7FE0FD0A37FF
007#847F7FE0CC0A37FF
008#7FF57FE0830A37FF
001#7F7C7FE7AD9997FF
002#80167FE7AD9997FF
003#861E6F97AD9997FF
004#7FC27FE7AD9997FF
005#81CC7FE0C40A37FF
006#7F6E7FE0FD0A37FF
007#847F7FE0CC0A37FF
008#7FF57FE0830A37FF
001#7F7C7FE7AD9997FF
002#80167FD7AD9997FF
003#85DD6FF7AD9997FF
004#7FC27FE7AD9997FF
005#81CC7FE0C40A37FF
006#7F6E7FD0FD0A37FF
007#847F7FE0CC0A37FF
008#7FF57FE0830A37FF
001#7F7C7FE7AD9997FF
002#80167FE7AD9997FF
003#859B7047AD9997FF
004#7FC27FE7AD9997FF
005#81CC7FD0C40A37FF
006#7F6E7FE0FD0A37FF
007#847F7FE0CC0A37FF
008#7FF57FD0830A37FF
001#7F7C7FE7AD9997FF
002#80167FE7AD9997FF
003#855D7097AD9997FF
004#7FC27FE7AD9997FF
005#81CC7FD0C40A37FF
006#7F6E7FE0FD0A37FF
007#847F7FE0CC0A37FF
008#7FF57FE0830A37FF
001#7F7C7FE7AD9997FF
002#80167FE7AD9997FF
003#851E7107AD9997FF
004#7FC27FE7AD9997FF
005#81CC7FE0C40A37FF
006#7F6E8000FD0A37FF
007#847F7FE0CC0A37FF
008#7FF57FE0830A37FF
001#7F7C7FE7AD9997FF
002#80167FE7AD9997FF
003#84E47157AD9997FF
004#7FC27FE7AD9997FF
005#81CC7FE0C40A37FF
006#7F6E7FD0FD0A37FF
007#847F7FD0CC0A37FF
008#7FF57FE0830A37FF
001#7F7C7FE7AD9997FF
002#80167FE7AD9997FF
003#84A97197AD9997FF
004#7FC27FE7AD9997FF
005#81CC7FE0C40A37FF
006#7F6E7FE0FD0A37FF
007#847F7FE0CC0A37FF
008#7FF57FE0830A37FF
001#7F7C7FD7AD9997FF
002#80167FE7AD9997FF
003#847071D7AD9997FF
004#7FC27FD7AD9997FF
005#81CC7FE0C40A37FF
006#7F6E8000FD0A37FF
007#847F7FE0CC0A37FF
008#7FF57FE0830A37FF
001#7F7C7FE7AD9997FF
002#80167FE7AD9997FF
003#843771E7AD9997FF
004#7FC27FE7AD9997FF
005#81CC7FD0C40A37FF
006#7F6E7FE0FD0A37FF
007#847F8000CC0A37FF
008#7FF57FE0830A37FF
001#7F7C7FE7AD9997FF
002#80167FE7AD9997FF
003#83FD71D7AD9997FF
004#7FC28007AD9997FF
005#81CC7FE0C40A37FF
006#7F6E7FE0FD0A37FF
007#847F7FE0CC0A37FF
008#7FF57FD0830A37FF
001#7F7C7FE7AD9997FF
002#80167FE7AD9997FF
003#83BD71A7AD9997FF
004#7FC27FE7AD9997FF
005#81CC7FE0C40A37FF
006#7F6E7FE0FD0A37FF
007#847F7FE0CC0A37FF
008#7FF58000830A37FF
001#7F7C7FE7AD9997FF
002#80168007AD9997FF
003#838971E7AD9997FF
004#7FC27FD7AD9997FF
005#81CC8000C40A37FF
006#7F6E7FE0FD0A37FF
007#847F7FE0CC0A37FF
008#7FF57FE0830A37FF
001#7F7C7FE7AD9997FF
002#80177FE7AD9997FF
003#834F71D7AD9997FF
004#7FC28007AD9997FF
005#81CC7FE0C40A37FF
006#7F6E7FE0FD0A37FF
007#847F7FD0CC0A37FF
008#7FF57FE0830A37FF
001#7F7C7FE7AD9997FF
002#80178007AD9997FF
003#831471B7AD9997FF
004#7FC27FE7AD9997FF
005#81CC7FE0C40A37FF
006#7F6E7FE0FD0A37FF
007#847F8000CC0A37FF
008#7FF57FE0830A37FF
001#7F7C7FE7AD9997FF
002#80177FE7AD9997FF
003#82DB71A7AD9997FF
004#7FC27FE7AD9997FF
005#81CC7FE0C40A37FF
006#7F6E8000FD0A37FF
007#847F7FD0CC0A37FF
008#7FF58000830A37FF
001#7F7C7FE7AD9997FF
002#80177FE7AD9997FF
003#82A17187AD9997FF
004#7FC27FE7AD9997FF
005#81CC7FE0C40A37FF
006#7F6E7FE0FD0A37FF
007#847F7FD0CC0A37FF
008#7FF57FE0830A37FF
001#7F7C7FE7AD9997FF
002#80167FE7AD9997FF
003#826B7167AD9997FF
004#7FC27FE7AD9997FF
005#81CC8000C40A37FF
006#7F6E8000FD0A37FF
007#847F7FE0CC0A37FF
008#7FF57FE0830A37FF
001#7F7C7FE7AD9997FF
002#80167FE7AD9997FF
003#82257197AD9997FF
004#7FC27FE7AD9997FF
005#81CC7FE0C40A37FF
006#7F6E7FE0FD0A37FF
007#847F8000CC0A37FF
008#7FF57FE0830A37FF
001#7F7C8007AD9997FF
002#80167FE7AD9997FF
003#81F771F7AD9997FF
004#7FC27FE7AD9997FF
005#81CC7FE0C40A37FF
006#7F6E7FE0FD0A37FF
007#847F8000CC0A37FF
008#7FF57FE0830A37FF
001#7F7C8007AD9997FF
002#80167FE7AD9997FF
003#81B77207AD9997FF
004#7FC27FE7AD9997FF
005#81CC8000C40A37FF
006#7F6E7FE0FD0A37FF
007#847F7FE0CC0A37FF
008#7FF57FD0830A37FF
001#7F7C7FE7AD9997FF
002#80167FE7AD9997FF
003#817F7267AD9997FF
004#7FC27FE7AD9997FF
005#81CC7FD0C40A37FF
006#7F6E8000FD0A37FF
007#847F8000CC0A37FF
008#7FF57FE0830A37FF
001#7F7C7FE7AD9997FF
002#80167FE7AD9997FF
003#814F72E7AD9997FF
004#7FC27FE7AD9997FF
005#81CC8000C40A37FF
006#7F6E7FE0FD0A37FF
007#847F7FD0CC0A37FF
008#7FF57FD0830A37FF
001#7F7C8007AD9997FF
002#80167FE7AD9997FF
003#811673B7AD9997FF
004#7FC27FE7AD9997FF
005#81CC7FD0C40A37FF
006#7F6E7FE0FD0A37FF
007#847F8000CC0A37FF
008#7FF57FE0830A37FF
001#7F7C7FE7AD9997FF
002#80167FE7AD9997FF
003#80E874B7AD9997FF
004#7FC28007AD9997FF
005#81CC8000C40A37FF
006#7F6E7FE0FD0A37FF
007#847F7FE0CC0A37FF
008#7FF57FD0830A37FF
001#7F7C7FE7AD9997FF
002#80167FE7AD9997FF
003#80BF7657AD9997FF
004#7FC27FE7AD9997FF
005#81CC7FD0C40A37FF
006#7F6E8000FD0A37FF
007#847F8000CC0A37FF
008#7FF57FD0830A37FF
001#7F7C7FE7AD9997FF
002#80167FD7AD9997FF
003#809E7837AD9997FF
004#7FC27FE7AD9997FF
005#81CC7FE0C40A37FF
006#7F6E7FE0FD0A37FF
007#847F7FE0CC0A37FF
008#7FF57FE0830A37FF
001#7F7C7FE7AD9997FF
002#80167FE7AD9997FF
003#80837A17AD9997FF
004#7FC27FE7AD9997FF
005#81CC7FE0C40A37FF
006#7F6E8000FD0A37FF
007#847F7FD0CC0A37FF
008#7FF57FE0830A37FF
001#7F7C7FE7AD9997FF
002#80167FE7AD9997FF
003#80707BD7AD9997FF
004#7FC27FE7AD9997FF
005#81CC7FE0C40A37FF
006#7F6E7FE0FD0A37FF
007#847F7FE0CC0A37FF
008#7FF57FD0830A37FF
001#7F7C7FE7AD9997FF
002#80167FE7AD9997FF
003#80657DB7AD9997FF
004#7FC27FE7AD9997FF
005#81CC7FD0C40A37FF
006#7F6E7FD0FD0A37FF
007#847F7FE0CC0A37FF
008#7FF57FE0830A37FF
001#7F7C7FE7AD9997FF
002#80167FE7AD9997FF
003#80627F77AD9997FF
004#7FC27FE7AD9997FF
005#81CC7FC0C40A37FF
006#7F6E8000FD0A37FF
007#847F8000CC0A37FF
008#7FF57FD0830A37FF
001#7F7C7FE7AD9997FF
002#80147FE7AD9997FF
003#80627FE7AD9997FF
004#7FC27FD7AD9997FF
005#81CC7FE0C40A37FF
006#7F6E7FE0FD0A37FF
007#847F7FE0CC0A37FF
008#7FF58000830A37FF
001#7F7C7FE7AD9997FF
002#80147FE7AD9997FF
003#80627FE7AD9997FF
004#7FC27FE7AD9997FF
005#81CC7FE0C40A37FF
006#7F6E8000FD0A37FF
007#847F7FE0CC0A37FF
008#7FF57FE0830A37FF
001#7F7C7FE7AD9997FF
002#80148007AD9997FF
003#80627FE7AD9997FF
004#7FC28007AD9997FF
005#81CC7FE0C40A37FF
006#7F6E7FD0FD0A37FF
007#847F7FE0CC0A37FF
008#7FF57FE0830A37FF
001#7F7C7FE7AD9997FF
002#80167FE7AD9997FF
003#80627FD7AD9997FF
004#7FC27FE7AD9997FF
005#81CC7FE0C40A37FF
006#7F6E7FE0FD0A37FF
007#847F8000CC0A37FF
008#7FF57FE0830A37FF
001#7F7C7FD7AD9997FF
002#80167FE7AD9997FF
003#80627FE7AD9997FF
004#7FC27FE7AD9997FF
005#81CC7FD0C40A37FF
006#7F6E7FE0FD0A37FF
007#847F8000CC0A37FF
008#7FF57FE0830A37FF
001#7F7C7FE7AD9997FF
002#80167FE7AD9997FF
003#80627FE7AD9997FF
004#7FC27FE7AD9997FF
005#81CC7FE0C40A37FF
006#7F6E7FE0FD0A37FF
007#847F8000CC0A37FF
008#7FF57FE0830A37FF
001#7F7C7FE7AD9997FF
002#80168007AD9997FF
003#80627FD7AD9997FF
004#7FC27FE7AD9997FF
005#81CC7FD0C40A37FF
006#7F6E7FD0FD0A37FF
007#847F7FD0CC0A37FF
008#7FF58000830A37FF
001#7F7C7FE7AD9997FF
002#80168007AD9997FF
003#80627FE7AD9997FF
004#7FC27FE7AD9997FF
005#81CC8000C40A37FF
006#7F6E7FE0FD0A37FF
007#847F7FD0CC0A37FF
008#7FF58000830A37FF
001#7F7C7FE7AD9997FF
002#80167FE7AD9997FF
003#80627FE7AD9997FF
004#7FC27FE7AD9997FF
005#81CC8000C40A37FF
006#7F6E7FE0FD0A37FF
007#847F8000CC0A37FF
008#7FF57FE0830A37FF
001#7F7C7FE7AD9997FF
002#80167FE7AD9997FF
003#80627FE7AD9997FF
004#7FC27FE7AD9997FF
005#81CC8010C40A37FF
006#7F6E7FE0FD0A37FF
007#847F7FD0CC0A37FF
008#7FF57FE0830A37FF
001#7F7C7FE7AD9997FF
002#80147FE7AD9997FF
003#80627FE7AD9997FF
004#7FC27FE7AD9997FF
005#81CC7FD0C40A37FF
006#7F6E7FE0FD0A37FF
007#847F8000CC0A37FF
008#7FF58000830A37FF
001#7F7C7FE7AD9997FF
002#80147FE7AD9997FF
003#80627FD7AD9997FF
004#7FC27FE7AD9997FF
005#81CC7FE0C40A37FF
006#7F6E7FE0FD0A37FF
007#847F7FD0CC0A37FF
008#7FF57FE0830A37FF
001#7F7C7FE7AD9997FF
002#80147FE7AD9997FF
003#80627FE7AD9997FF
004#7FC27FD7AD9997FF
005#81CC7FE0C40A37FF
006#7F6E7FE0FD0A37FF
007#847F7FD0CC0A37FF
008#7FF57FE0830A37FF
001#7F7C7FD7AD9997FF
002#80148007AD9997FF
003#80627FD7AD9997FF
004#7FC27FD7AD9997FF
005#81CC7FE0C40A37FF
006#7F6E7FE0FD0A37FF
007#847F7FE0CC0A37FF
008#7FF57FE0830A37FF
001#7F7C7FE7AD9997FF
002#80147FE7AD9997FF
003#80627FE7AD9997FF
004#7FC27FE7AD9997FF
005#81CC8000C40A37FF
006#7F6E7FE0FD0A37FF
007#847F8000CC0A37FF
008#7FF57FD0830A37FF
001#7F7C7FE7AD9997FF
002#80167FE7AD9997FF
003#80627FE7AD9997FF
004#7FC27FE7AD9997FF
005#81CC8000C40A37FF
006#7F6E8000FD0A37FF
007#847F7FE0CC0A37FF
008#7FF57FD0830A37FF
001#7F7C8007AD9997FF
002#80167FE7AD9997FF
003#80627FE7AD9997FF
004#7FC27FE7AD9997FF
005#81CC7FE0C40A37FF
006#7F6E7FE0FD0A37FF
007#847F8000CC0A37FF
008#7FF57FE0830A37FF
001#7F7C7FE7AD9997FF
002#80167FE7AD9997FF
003#80627FE7AD9997FF
004#7FC27FE7AD9997FF
005#81CC7FD0C40A37FF
006#7F6E8000FD0A37FF
007#847F7FE0CC0A37FF
008#7FF57FE0830A37FF
001#7F7C7FD7AD9997FF
002#80147FD7AD9997FF
003#80627FE7AD9997FF
004#7FC27FE7AD9997FF
005#81CC8000C40A37FF
006#7F707FE0FD0A37FF
007#847F8000CC0A37FF
008#7FF57FE0830A37FF
001#7F7C7FE7AD9997FF
002#80147FE7AD9997FF
003#80627FE7AD9997FF
004#7FC27FE7AD9997FF
005#81CC7FD0C40A37FF
006#7F708010FD0A37FF
007#847F7FE0CC0A37FF
008#7FF57FD0830A37FF
001#7F7C7FE7AD9997FF
002#80137FE7AD9997FF
003#80627FE7AD9997FF
004#7FC27FE7AD9997FF
005#81CC8020C40A37FF
006#7F738050FD0A37FF
007#847F7FE0CC0A37FF
008#7FF58000830A37FF
001#7F7C7FE7AD9997FF
002#80137FE7AD9997FF
003#80628007AD9997FF
004#7FC27FE7AD9997FF
005#81CC7FD0C40A37FF
006#7F7B8070FD0A37FF
007#847F8000CC0A37FF
008#7FF58000830A37FF
001#7F7C7FE7AD9997FF
002#80137FD7AD9997FF
003#80627FE7AD9997FF
004#7FC27FE7AD9997FF
005#81CC7FE0C40A37FF
006#7F858030FD0A37FF
007#847F7FE0CC0A37FF
008#7FF57FE0830A37FF
001#7F7C7FE7AD9997FF
002#80117FC7AD9997FF
003#80627FE7AD9997FF
004#7FC27FE7AD9997FF
005#81CC7FE0C40A37FF
006#7F837FA0FD0A37FF
007#847F7FE0CC0A37FF
008#7FF57FE0830A37FF
001#7F7C7FE7AD9997FF
002#80117FD7AD9997FF
003#80627FE7AD9997FF
004#7FC28007AD9997FF
005#81CC7FE0C40A37FF
006#7F827FD0FD0A37FF
007#847E7FB0CC0A37FF
008#7FF58000830A37FF
001#7F7C7FE7AD9997FF
002#80117FE7AD9997FF
003#80628007AD9997FF
004#7FC27FD7AD9997FF
005#81C97FA0C40A37FF
006#7F827FE0FD0A37FF
007#84767ED0CC0A37FF
008#7FF57FE0830A37FF
001#7F7B7FE7AD9997FF
002#80137FD7AD9997FF
003#80627FE7AD9997FF
004#7FC27FE7AD9997FF
005#81BC7E50C40A37FF
006#7F807FD0FD0A37FF
007#844B7C00CC0A37FF
008#7FF57FE0830A37FF
001#7F797FC7AD9997FF
002#80148017AD9997FF
003#80627FE7AD9997FF
004#7FC27FD7AD9997FF
005#81997C50C40A37FF
006#7F757E90FD0A37FF
007#84157C10CC0A37FF
008#7FF57FE0830A37FF
001#7F727F87AD9997FF
002#80167FE7AD9997FF
003#80627FE7AD9997FF
004#7FC28007AD9997FF
005#81597AE0C40A37FF
006#7F697F40FD0A37FF
007#83E67C80CC0A37FF
008#7FF57FD0830A37FF
001#7F727FE7AD9997FF
002#80188037AD9997FF
003#80628007AD9997FF
004#7FC17FD7AD9997FF
005#81247B30C40A37FF
006#7F5C7EF0FD0A37FF
007#83C67CF0CC0A37FF
008#7FF57FE0830A37FF
001#7F727FE7AD9997FF
002#801B8007AD9997FF
003#80627FD7AD9997FF
004#7FC17FD7AD9997FF
005#80E97B20C40A37FF
006#7F517F00FD0A37FF
007#83997C70CC0A37FF
008#7FF57FE0830A37FF
001#7F6C7F77AD9997FF
002#801B8007AD9997FF
003#80627FE7AD9997FF
004#7FC17FE7AD9997FF
005#80BB7C70C40A37FF
006#7F447EC0FD0A37FF
007#83767CF0CC0A37FF
008#7FF58000830A37FF
001#7F627F37AD9997FF
002#801B7FE7AD9997FF
003#80627FE7AD9997FF
004#7FC27FE7AD9997FF
005#80957CC0C40A37FF
006#7F448000FD0A37FF
007#83517D30CC0A37FF
008#7FF57FD0830A37FF
001#7F567F47AD9997FF
002#801B7FE7AD9997FF
003#80627FE7AD9997FF
004#7FC27FE7AD9997FF
005#806C7C40C40A37FF
006#7F448000FD0A37FF
007#83397E30CC0A37FF
008#7FF57FE0830A37FF
001#7F4D7F57AD9997FF
002#801B7FD7AD9997FF
003#80627FE7AD9997FF
004#7FC27FE7AD9997FF
005#803E7C40C40A37FF
006#7F447FD0FD0A37FF
007#832E7F30CC0A37FF
008#7FF57FE0830A37FF
001#7F477FA7AD9997FF
002#801B7FE7AD9997FF
003#80627FD7AD9997FF
004#7FC27FE7AD9997FF
005#80147C80C40A37FF
006#7F447FE0FD0A37FF
007#832D7FB0CC0A37FF
008#7FF57FE0830A37FF
001#7F457FC7AD9997FF
002#801B7FE7AD9997FF
003#80627FD7AD9997FF
004#7FC27FE7AD9997FF
005#7FED7CA0C40A37FF
006#7F447FE0FD0A37FF
007#83237ED0CC0A37FF
008#7FF58000830A37FF
001#7F457FE7AD9997FF
002#801B7FE7AD9997FF
003#80628007AD9997FF
004#7FC17FD7AD9997FF
005#7FCB7D80C40A37FF
006#7F447FD0FD0A37FF
007#830F7EC0CC0A37FF
008#7FF57FE0830A37FF
001#7F477FE7AD9997FF
002#801B8007AD9997FF
003#80627FE7AD9997FF
004#7FC17FD7AD9997FF
005#7FB97DF0C40A37FF
006#7F447FE0FD0A37FF
007#83017E40CC0A37FF
008#7FF58000830A37FF
001#7F478007AD9997FF
002#801B7FE7AD9997FF
003#80627FE7AD9997FF
004#7FC17FE7AD9997FF
005#7FA77F00C40A37FF
006#7F447FE0FD0A37FF
007#82E67DB0CC0A37FF
008#7FF57FE0830A37FF
001#7F477FE7AD9997FF
002#801B7FE7AD9997FF
003#80627FE7AD9997FF
004#7FC27FD7AD9997FF
005#7FA37FD0C40A37FF
006#7F447FE0FD0A37FF
007#82C87D90CC0A37FF
008#7FF57FE0830A37FF
001#7F488007AD9997FF
002#801B7FD7AD9997FF
003#80627FE7AD9997FF
004#7FC17FE7AD9997FF
005#7FA58000C40A37FF
006#7F447FE0FD0A37FF
007#82AD7DB0CC0A37FF
008#7FF57FE0830A37FF
001#7F488007AD9997FF
002#801B7FE7AD9997FF
003#80628007AD9997FF
004#7FC27FE7AD9997FF
005#7FA57FE0C40A37FF
006#7F448000FD0A37FF
007#82937D90CC0A37FF
008#7FF57FE0830A37FF
001#7F487FE7AD9997FF
002#801B7FE7AD9997FF
003#80628007AD9997FF
004#7FC27FE7AD9997FF
005#7FA57FE0C40A37FF
006#7F458000FD0A37FF
007#827D7E60CC0A37FF
008#7FF57FE0830A37FF
001#7F497FE7AD9997FF
002#801B7FE7AD9997FF
003#80627FE7AD9997FF
004#7FC27FE7AD9997FF
005#7FA58000C40A37FF
006#7F457FE0FD0A37FF
007#82657D90CC0A37FF
008#7FF57FC0830A37FF
001#7F4B8017AD9997FF
002#801B7FE7AD9997FF
003#80628007AD9997FF
004#7FC27FE7AD9997FF
005#7FA57FE0C40A37FF
006#7F457FD0FD0A37FF
007#824F7E90CC0A37FF
008#7FF57FE0830A37FF
001#7F518047AD9997FF
002#801B8007AD9997FF
003#80627FE7AD9997FF
004#7FC27FB7AD9997FF
005#7FA57FE0C40A37FF
006#7F458000FD0A37FF
007#82497F80CC0A37FF
008#7FF57FE0830A37FF
001#7F517FE7AD9997FF
002#801B7FE7AD9997FF
003#80628007AD9997FF
004#7FC28007AD9997FF
005#7FA37FD0C40A37FF
006#7F457FE0FD0A37FF
007#823F7F40CC0A37FF
008#7FF57FE0830A37FF
001#7F517FE7AD9997FF
002#801B7FE7AD9997FF
003#80627FE7AD9997FF
004#7FC27FE7AD9997FF
005#7FA37FE0C40A37FF
006#7F457FD0FD0A37FF
007#823C7FC0CC0A37FF
008#7FF57FD0830A37FF
001#7F517FE7AD9997FF
002#801B7FE7AD9997FF
003#80627FD7AD9997FF
004#7FC27FD7AD9997FF
005#7FA37FD0C40A37FF
006#7F457FE0FD0A37FF
007#823C7FE0CC0A37FF
008#7FF57FE0830A37FF
001#7F517FE7AD9997FF
002#801B7FE7AD9997FF
003#80628007AD9997FF
004#7FC27FD7AD9997FF
005#7FA57FE0C40A37FF
006#7F458000FD0A37FF
007#823C8000CC0A37FF
008#7FF57FE0830A37FF
001#7F517FE7AD9997FF
002#801B8007AD9997FF
003#80627FE7AD9997FF
004#7FC27FE7AD9997FF
005#7FA57FE0C40A37FF
006#7F457FE0FD0A37FF
007#823C7FE0CC0A37FF
008#7FF57FD0830A37FF
001#7F517FE7AD9997FF
002#801B7FE7AD9997FF
003#80628007AD9997FF
004#7FC27FE7AD9997FF
005#7FA58000C40A37FF
006#7F457FE0FD0A37FF
007#823A7FD0CC0A37FF
008#7FF57FE0830A37FF
001#7F507FD7AD9997FF
002#801B7FD7AD9997FF
003#80627FD7AD9997FF
004#7FC27FE7AD9997FF
005#7FA58000C40A37FF
006#7F458000FD0A37FF
007#823A7FE0CC0A37FF
008#7FF57FD0830A37FF
001#7F507FE7AD9997FF
002#801A7FD7AD9997FF
003#80627FE7AD9997FF
004#7FC27FE7AD9997FF
005#7FA58010C40A37FF
006#7F477FE0FD0A37FF
007#823A7FD0CC0A37FF
008#7FF57FE0830A37FF
001#7F507FE7AD9997FF
002#80187FE7AD9997FF
003#80627FD7AD9997FF
004#7FC27FE7AD9997FF
005#7FA78020C40A37FF
006#7F457FD0FD0A37FF
007#823A7FE0CC0A37FF
008#7FF57FE0830A37FF
001#7F507FD7AD9997FF
002#80188007AD9997FF
003#80628007AD9997FF
004#7FC27FE7AD9997FF
005#7FB180C0C40A37FF
006#7F477FE0FD0A37FF
007#82387FC0CC0A37FF
008#7FF57FE0830A37FF
001#7F507FE7AD9997FF
002#80188007AD9997FF
003#80628007AD9997FF
004#7FC27FE7AD9997FF
005#7FBB8110C40A37FF
006#7F477FE0FD0A37FF
007#82347F60CC0A37FF
008#7FF57FE0830A37FF
001#7F507FE7AD9997FF
002#80187FE7AD9997FF
003#80628007AD9997FF
004#7FC27FD7AD9997FF
005#7FCC8160C40A37FF
006#7F478000FD0A37FF
007#82327FE0CC0A37FF
008#7FF57FD0830A37FF
001#7F507FE7AD9997FF
002#801A7FE7AD9997FF
003#80627FE7AD9997FF
004#7FC27FE7AD9997FF
005#7FDB8110C40A37FF
006#7F477FE0FD0A37FF
007#82327FE0CC0A37FF
008#7FF58000830A37FF
001#7F508007AD9997FF
002#801A8007AD9997FF
003#80627FE7AD9997FF
004#7FC27FE7AD9997FF
005#7FED8130C40A37FF
006#7F477FE0FD0A37FF
007#82328000CC0A37FF
008#7FF57FE0830A37FF
001#7F507FE7AD9997FF
002#801A7FE7AD9997FF
003#80627FE7AD9997FF
004#7FC27FE7AD9997FF
005#7FFB80E0C40A37FF
006#7F478000FD0A37FF
007#82327FE0CC0A37FF
008#7FF57FE0830A37FF
001#7F507FE7AD9997FF
002#801A7FD7AD9997FF
003#80627FE7AD9997FF
004#7FC28007AD9997FF
005#800D8140C40A37FF
006#7F487FE0FD0A37FF
007#82327FE0CC0A37FF
008#7FF57FD0830A37FF
001#7F507FE7AD9997FF
002#80187FD7AD9997FF
003#80627FE7AD9997FF
004#7FC27FD7AD9997FF
005#80208180C40A37FF
006#7F488000FD0A37FF
007#82327FE0CC0A37FF
008#7FF58000830A37FF
001#7F508007AD9997FF
002#80167FC7AD9997FF
003#80627FE7AD9997FF
004#7FC27FE7AD9997FF
005#802D80E0C40A37FF
006#7F487FE0FD0A37FF
007#82327FE0CC0A37FF
008#7FF57FE0830A37FF
001#7F507FE7AD9997FF
002#80167FE7AD9997FF
003#80627FE7AD9997FF
004#7FC27FE7AD9997FF
005#80317FE0C40A37FF
006#7F488000FD0A37FF
007#82327FE0CC0A37FF
008#7FF57FE0830A37FF
001#7F507FE7AD9997FF
002#80147FE7AD9997FF
003#80628007AD9997FF
004#7FC27FE7AD9997FF
005#80307FE0C40A37FF
006#7F488000FD0A37FF
007#82328000CC0A37FF
008#7FF57FE0830A37FF
001#7F507FE7AD9997FF
002#80147FD7AD9997FF
003#80627FE7AD9997FF
004#7FC27FE7AD9997FF
005#80318020C40A37FF
006#7F487FE0FD0A37FF
007#82328010CC0A37FF
008#7FF57FE0830A37FF
001#7F507FE7AD9997FF
002#80148007AD9997FF
003#80627FE7AD9997FF
004#7FC27FE7AD9997FF
005#80317FE0C40A37FF
006#7F487FE0FD0A37FF
007#82327FE0CC0A37FF
008#7FF57FC0830A37FF
001#7F507FE7AD9997FF
002#80148007AD9997FF
003#80627FE7AD9997FF
004#7FC27FE7AD9997FF
005#80317FD0C40A37FF
006#7F487FE0FD0A37FF
007#82327FE0CC0A37FF
008#7FF58000830A37FF
001#7F507FE7AD9997FF
002#80147FD7AD9997FF
003#80627FE7AD9997FF
004#7FC27FE7AD9997FF
005#80317FD0C40A37FF
006#7F487FE0FD0A37FF
007#82327FE0CC0A37FF
008#7FF57FD0830A37FF
001#7F507FE7AD9997FF
002#80147FE7AD9997FF
003#80627FE7AD9997FF
004#7FC27FE7AD9997FF
005#80307FE0C40A37FF
006#7F487FD0FD0A37FF
007#82327FE0CC0A37FF
008#7FF57FD0830A37FF
001#7F508007AD9997FF
002#80147FE7AD9997FF
003#80627FE7AD9997FF
004#7FC27FE7AD9997FF
005#80307FD0C40A37FF
006#7F487FD0FD0A37FF
007#82327FE0CC0A37FF
008#7FF57FE0830A37FF
001#7F4E7FD7AD9997FF
002#80147FE7AD9997FF
003#80627FE7AD9997FF
004#7FC27FE7AD9997FF
005#802E7FE0C40A37FF
006#7F487FD0FD0A37FF
007#82327FE0CC0A37FF
008#7FF57FD0830A37FF
001#7F507FE7AD9997FF
002#80147FE7AD9997FF
003#80627FE7AD9997FF
004#7FC27FE7AD9997FF
005#802E7FE0C40A37FF
006#7F477FD0FD0A37FF
007#82327FE0CC0A37FF
008#7FF57FE0830A37FF
001#7F4E7FD7AD9997FF
002#80147FE7AD9997FF
003#80628007AD9997FF
004#7FC28007AD9997FF
005#802E7FE0C40A37FF
006#7F457FC0FD0A37FF
007#82348000CC0A37FF
008#7FF57FC0830A37FF
001#7F4D7FD7AD9997FF
002#80167FE7AD9997FF
003#80627FE7AD9997FF
004#7FC27FD7AD9997FF
005#802E7FE0C40A37FF
006#7F457FE0FD0A37FF
007#82347FE0CC0A37FF
008#7FF57FE0830A37FF
001#7F4D7FE7AD9997FF
002#80167FE7AD9997FF
003#80627FE7AD9997FF
004#7FC27FD7AD9997FF
005#802E8000C40A37FF
006#7F457FE0FD0A37FF
007#82327FD0CC0A37FF
008#7FF58000830A37FF
001#7F4D7FE7AD9997FF
002#80167FE7AD9997FF
003#80627FE7AD9997FF
004#7FC27FE7AD9997FF
005#80308000C40A37FF
006#7F457FE0FD0A37FF
007#82327FE0CC0A37FF
008#7FF57FE0830A37FF
001#7F4B7FC7AD9997FF
002#80147FD7AD9997FF
003#80627FE7AD9997FF
004#7FC28007AD9997FF
005#802E7FD0C40A37FF
006#7F457FE0FD0A37FF
007#82347FE0CC0A37FF
008#7FF57FE0830A37FF
001#7F497FD7AD9997FF
002#80147FE7AD9997FF
003#80627FE7AD9997FF
004#7FC28007AD9997FF
005#802E7FE0C40A37FF
006#7F457FD0FD0A37FF
007#82347FE0CC0A37FF
008#7FF58000830A37FF
001#7F497FE7AD9997FF
002#80148007AD9997FF
003#80627FE7AD9997FF
004#7FC27FE7AD9997FF
005#802E7FE0C40A37FF
006#7F457FE0FD0A37FF
007#82347FE0CC0A37FF
008#7FF57FD0830A37FF
001#7F497FD7AD9997FF
002#80147FE7AD9997FF
003#80627FD7AD9997FF
004#7FC27FE7AD9997FF
005#802E7FE0C40A37FF
006#7F457FD0FD0A37FF
007#82347FE0CC0A37FF
008#7FF57FD0830A37FF
001#7F4B8007AD9997FF
002#80168007AD9997FF
003#80627FE7AD9997FF
004#7FC28007AD9997FF
005#802E8000C40A37FF
006#7F457FE0FD0A37FF
007#82347FE0CC0A37FF
008#7FF57FD0830A37FF
001#7F4B7FE7AD9997FF
002#80167FE7AD9997FF
003#80627FE7AD9997FF
004#7FC27FE7AD9997FF
005#802E7FD0C40A37FF
006#7F457FE0FD0A37FF
007#82347FD0CC0A37FF
008#7FF57FE0830A37FF
001#7F4B7FE7AD9997FF
002#80167FE7AD9997FF
003#80628007AD9997FF
004#7FC27FE7AD9997FF
005#802E7FE0C40A37FF
006#7F457FE0FD0A37FF
007#82347FD0CC0A37FF
008#7FF57FE0830A37FF
001#7F4B7FE7AD9997FF
002#80167FE7AD9997FF
003#80627FE7AD9997FF
004#7FC27FE7AD9997FF
005#802E7FD0C40A37FF
006#7F457FE0FD0A37FF
007#82347FE0CC0A37FF
008#7FF58000830A37FF
001#7F4B7FD7AD9997FF
002#80167FE7AD9997FF
003#80627FE7AD9997FF
004#7FC27FE7AD9997FF
005#802E7FE0C40A37FF
006#7F457FE0FD0A37FF
007#82347FE0CC0A37FF
008#7FF57FD0830A37FF
001#7F4B7FE7AD9997FF
002#80167FE7AD9997FF
003#80627FE7AD9997FF
004#7FC27FE7AD9997FF
005#802E7FE0C40A37FF
006#7F457FD0FD0A37FF
007#82347FE0CC0A37FF
008#7FF57FE0830A37FF
001#7F4B7FE7AD9997FF
002#80147FE7AD9997FF
003#80627FE7AD9997FF
004#7FC27FE7AD9997FF
005#802E7FE0C40A37FF
006#7F457FE0FD0A37FF
007#82347FE0CC0A37FF
008#7FF57FE0830A37FF
001#7F497FE7AD9997FF
002#80147FE7AD9997FF
003#80627FD7AD9997FF
004#7FC27FE7AD9997FF
005#802E7FE0C40A37FF
006#7F457FE0FD0A37FF
007#82348000CC0A37FF
008#7FF57FD0830A37FF
001#7F497FE7AD9997FF
002#80167FE7AD9997FF
003#80627FE7AD9997FF
004#7FC28007AD9997FF
005#802E8000C40A37FF
006#7F447FE0FD0A37FF
007#82347FE0CC0A37FF
008#7FF58000830A37FF
001#7F497FE7AD9997FF
002#80167FE7AD9997FF
003#80627FE7AD9997FF
004#7FC27FE7AD9997FF
005#802E7FE0C40A37FF
006#7F447FE0FD0A37FF
007#82347FE0CC0A37FF
008#7FF57FE0830A37FF
001#7F497FE7AD9997FF
002#80167FE7AD9997FF
003#80627FE7AD9997FF
004#7FC27FD7AD9997FF
005#802E8000C40A37FF
006#7F457FE0FD0A37FF
007#82347FE0CC0A37FF
008#7FF58000830A37FF
001#7F497FE7AD9997FF
002#80147FE7AD9997FF
003#80627FE7AD9997FF
004#7FC27FE7AD9997FF
005#802E7FE0C40A37FF
006#7F458000FD0A37FF
007#82347FE0CC0A37FF
008#7FF57FE0830A37FF
001#7F497FE7AD9997FF
002#80147FD7AD9997FF
003#80627FC7AD9997FF
004#7FC27FE7AD9997FF
005#802E7FD0C40A37FF
006#7F458000FD0A37FF
007#82348000CC0A37FF
008#7FF57FD0830A37FF
001#7F497FE7AD9997FF
002#80147FD7AD9997FF
003#80627FE7AD9997FF
004#7FC27FE7AD9997FF
005#802E7FE0C40A37FF
006#7F457FE0FD0A37FF
007#82347FE0CC0A37FF
008#7FF58000830A37FF
001#7F497FE7AD9997FF
002#80147FE7AD9997FF
003#80627FE7AD9997FF
004#7FC27FE7AD9997FF
005#802E7FE0C40A37FF
006#7F457FE0FD0A37FF
007#82347FD0CC0A37FF
008#7FF57FE0830A37FF
001#7F497FE7AD9997FF
002#80147FE7AD9997FF
003#80627FD7AD9997FF
004#7FC27FE7AD9997FF
005#802E8000C40A37FF
006#7F457FE0FD0A37FF
007#82347FE0CC0A37FF
008#7FF57FE0830A37FF
001#7F497FE7AD9997FF
002#80147FE7AD9997FF
003#80628007AD9997FF
004#7FC27FE7AD9997FF
005#802E8000C40A37FF
006#7F457FE0FD0A37FF
007#82347FE0CC0A37FF
008#7FF58000830A37FF
001#7F4B7FE7AD9997FF
002#80147FE7AD9997FF
003#80628007AD9997FF
004#7FC27FE7AD9997FF
005#802E7FE0C40A37FF
006#7F457FE0FD0A37FF
007#82347FD0CC0A37FF
008#7FF57FE0830A37FF
001#7F4B7FE7AD9997FF
002#80167FE7AD9997FF
003#80627FE7AD9997FF
004#7FC27FE7AD9997FF
005#802E8000C40A37FF
006#7F458000FD0A37FF
007#82347FE0CC0A37FF
008#7FF58010830A37FF
001#7F4B7FE7AD9997FF
002#80167FE7AD9997FF
003#80628007AD9997FF
004#7FC27FE7AD9997FF
005#802E7FE0C40A37FF
006#7F457FE0FD0A37FF
007#82347FD0CC0A37FF
008#7FF58000830A37FF
001#7F4B7FE7AD9997FF
002#80167FE7AD9997FF
003#80628007AD9997FF
004#7FC27FE7AD9997FF
005#802E7FE0C40A37FF
006#7F457FD0FD0A37FF
007#82347FE0CC0A37FF
008#7FF58000830A37FF
001#7F4B7FE7AD9997FF
002#80167FE7AD9997FF
003#80628007AD9997FF
004#7FC27FE7AD9997FF
005#802E7FE0C40A37FF
006#7F457FE0FD0A37FF
007#82347FD0CC0A37FF
008#7FF57FE0830A37FF
001#7F4B7FD7AD9997FF
002#80168007AD9997FF
003#80627FE7AD9997FF
004#7FC27FE7AD9997FF
005#802E7FE0C40A37FF
006#7F458000FD0A37FF
007#82347FD0CC0A37FF
008#7FF57FE0830A37FF
001#7F497FE7AD9997FF
002#80167FE7AD9997FF
003#80627FE7AD9997FF
004#7FC28007AD9997FF
005#802E7FE0C40A37FF
006#7F458000FD0A37FF
007#82347FE0CC0A37FF
008#7FF57FD0830A37FF
001#7F497FD7AD9997FF
002#80167FE7AD9997FF
003#80627FE7AD9997FF
004#7FC27FE7AD9997FF
005#802E7FE0C40A37FF
006#7F447FD0FD0A37FF
007#82347FC0CC0A37FF
008#7FF57FE0830A37FF
001#7F497FE7AD9997FF
002#80147FE7AD9997FF
003#80628007AD9997FF
004#7FC27FE7AD9997FF
005#802E7FE0C40A37FF
006#7F457FE0FD0A37FF
007#82347FE0CC0A37FF
008#7FF57FE0830A37FF
001#7F497FE7AD9997FF
002#80147FD7AD9997FF
003#80627FE7AD9997FF
004#7FC27FE7AD9997FF
005#802E7FE0C40A37FF
006#7F457FE0FD0A37FF
007#82347FE0CC0A37FF
008#7FF57FE0830A37FF
001#7F497FE7AD9997FF
002#80147FE7AD9997FF
003#80627FE7AD9997FF
004#7FC27FD7AD9997FF
005#802E7FE0C40A37FF
006#7F457FE0FD0A37FF
007#82348000CC0A37FF
008#7FF57FE0830A37FF
001#7F497FE7AD9997FF
002#80147FE7AD9997FF
003#80628007AD9997FF
004#7FC27FE7AD9997FF
005#802E8000C40A37FF
006#7F458000FD0A37FF
007#82347FE0CC0A37FF
008#7FF57FD0830A37FF
001#7F497FE7AD9997FF
002#80147FE7AD9997FF
003#80627FE7AD9997FF
004#7FC27FE7AD9997FF
005#802E8000C40A37FF
006#7F457FE0FD0A37FF
007#82347FE0CC0A37FF
008#7FF57FD0830A37FF
001#7F497FE7AD9997FF
002#80147FE7AD9997FF
003#80627FE7AD9997FF
004#7FC28007AD9997FF
005#802E8000C40A37FF
006#7F457FE0FD0A37FF
007#82347FD0CC0A37FF
008#7FF57FE0830A37FF
001#7F497FE7AD9997FF
002#80147FE7AD9997FF
003#80627FE7AD9997FF
004#7FC28007AD9997FF
005#802E7FE0C40A37FF
006#7F457FE0FD0A37FF
007#82347FE0CC0A37FF
008#7FF57FD0830A37FF
001#7F497FE7AD9997FF
002#80167FE7AD9997FF
003#80627FE7AD9997FF
004#7FC28007AD9997FF
005#802E7FD0C40A37FF
006#7F458000FD0A37FF
007#82347FE0CC0A37FF
008#7FF57FE0830A37FF
001#7F497FE7AD9997FF
002#80168007AD9997FF
003#80627FD7AD9997FF
004#7FC27FD7AD9997FF
005#802E7FC0C40A37FF
006#7F457FE0FD0A37FF
007#82348000CC0A37FF
008#7FF57FE0830A37FF
001#7F497FE7AD9997FF
002#80167FE7AD9997FF
003#80627FE7AD9997FF
004#7FC27FE7AD9997FF
005#802E8000C40A37FF
006#7F458000FD0A37FF
007#82347FE0CC0A37FF
008#7FF57FD0830A37FF
001#7F497FE7AD9997FF
002#80167FE7AD9997FF
003#80627FE7AD9997FF
004#7FC28007AD9997FF
005#802E7FE0C40A37FF
006#7F457FE0FD0A37FF
007#82347FE0CC0A37FF
008#7FF57FE0830A37FF
001#7F497FE7AD9997FF
002#80167FE7AD9997FF
003#80627FE7AD9997FF
004#7FC27FD7AD9997FF
005#802E7FE0C40A37FF
006#7F457FE0FD0A37FF
007#82347FE0CC0A37FF
008#7FF57FE0830A37FF
001#7F497FE7AD9997FF
002#80147FE7AD9997FF
003#80628007AD9997FF
004#7FC27FE7AD9997FF
005#802E7FE0C40A37FF
006#7F458000FD0A37FF
007#82348000CC0A37FF
008#7FF57FE0830A37FF
001#7F497FE7AD9997FF
002#80167FE7AD9997FF
003#80627FE7AD9997FF
004#7FC27FE7AD9997FF
005#802E7FE0C40A37FF
006#7F457FE0FD0A37FF
007#82347FE0CC0A37FF
008#7FF57FE0830A37FF
001#7F497FE7AD9997FF
002#80147FE7AD9997FF
003#80627FE7AD9997FF
004#7FC27FE7AD9997FF
005#802E7FD0C40A37FF
006#7F457FE0FD0A37FF
007#82347FE0CC0A37FF
008#7FF57FE0830A37FF
001#7F497FE7AD9997FF
002#80147FE7AD9997FF
003#80627FE7AD9997FF
004#7FC27FE7AD9997FF
005#802E7FE0C40A37FF
006#7F458000FD0A37FF
007#82347FE0CC0A37FF
008#7FF57FE0830A37FF
001#7F497FE7AD9997FF
002#80147FE7AD9997FF
003#80627FE7AD9997FF
004#7FC27FE7AD9997FF
005#802E7FE0C40A37FF
006#7F458000FD0A37FF
007#82347FE0CC0A37FF
008#7FF57FE0830A37FF
001#7F497FE7AD9997FF
002#80148007AD9997FF
003#80627FE7AD9997FF
004#7FC27FE7AD9997FF
005#802E7FE0C40A37FF
006#7F457FE0FD0A37FF
007#82347FE0CC0A37FF
008#7FF57FE0830A37FF
001#7F497FE7AD9997FF
002#80147FE7AD9997FF
003#80627FE7AD9997FF
004#7FC27FE7AD9997FF
005#802E7FE0C40A37FF
006#7F457FD0FD0A37FF
007#82347FD0CC0A37FF
008#7FF57FE0830A37FF
001#7F497FE7AD9997FF
002#80147FE7AD9997FF
003#80628007AD9997FF
004#7FC28007AD9997FF
005#802E8000C40A37FF
006#7F457FE0FD0A37FF
007#82347FD0CC0A37FF
008#7FF57FE0830A37FF
001#7F497FE7AD9997FF
002#80147FE7AD9997FF
003#80627FE7AD9997FF
004#7FC27FD7AD9997FF
005#802E7FD0C40A37FF
006#7F458000FD0A37FF
007#82347FE0CC0A37FF
008#7FF57FE0830A37FF
001#7F497FE7AD9997FF
002#80167FE7AD9997FF
003#80627FE7AD9997FF
004#7FC27FE7AD9997FF
005#802E7FE0C40A37FF
006#7F457FD0FD0A37FF
007#82347FE0CC0A37FF
008#7FF57FE0830A37FF
001#7F497FE7AD9997FF
002#80167FE7AD9997FF
003#80627FE7AD9997FF
004#7FC28007AD9997FF
005#802E7FD0C40A37FF
006#7F457FE0FD0A37FF
007#82347FD0CC0A37FF
008#7FF57FD0830A37FF
001#7F497FE7AD9997FF
002#80147FE7AD9997FF
003#80627FE7AD9997FF
004#7FC27FE7AD9997FF
005#802E7FE0C40A37FF
006#7F457FE0FD0A37FF
007#82347FE0CC0A37FF
008#7FF58000830A37FF
001#7F497FE7AD9997FF
002#80167FE7AD9997FF
003#80627FE7AD9997FF
004#7FC27FD7AD9997FF
005#802E7FE0C40A37FF
006#7F457FE0FD0A37FF
007#82347FE0CC0A37FF
008#7FF57FE0830A37FF
001#7F498007AD9997FF
002#80167FE7AD9997FF
003#80627FE7AD9997FF
004#7FC27FE7AD9997FF
005#802E8000C40A37FF
006#7F457FE0FD0A37FF
007#82348000CC0A37FF
008#7FF57FE0830A37FF
001#7F497FE7AD9997FF
002#80147FE7AD9997FF
003#80627FE7AD9997FF
004#7FC27FE7AD9997FF
005#802E7FD0C40A37FF
006#7F457FD0FD0A37FF
007#82348000CC0A37FF
008#7FF57FE0830A37FF
001#7F497FE7AD9997FF
002#80147FD7AD9997FF
003#80627FD7AD9997FF
004#7FC27FE7AD9997FF
005#802E8000C40A37FF
006#7F457FD0FD0A37FF
007#82347FE0CC0A37FF
008#7FF57FD0830A37FF
001#7F497FE7AD9997FF
002#80148007AD9997FF
003#80627FE7AD9997FF
004#7FC27FE7AD9997FF
005#802E7FE0C40A37FF
006#7F457FE0FD0A37FF
007#82347FD0CC0A37FF
008#7FF57FE0830A37FF
001#7F497FE7AD9997FF
002#80147FE7AD9997FF
003#80627FE7AD9997FF
004#7FC27FE7AD9997FF
005#802E7FE0C40A37FF
006#7F457FE0FD0A37FF
007#82347FE0CC0A37FF
008#7FF57FE0830A37FF
001#7F497FE7AD9997FF
002#80147FE7AD9997FF
003#80627FD7AD9997FF
004#7FC28007AD9997FF
005#802E7FE0C40A37FF
006#7F457FE0FD0A37FF
007#82348000CC0A37FF
008#7FF57FE0830A37FF
001#7F497FD7AD9997FF
002#80147FE7AD9997FF
003#80627FE7AD9997FF
004#7FC27FE7AD9997FF
005#802E8000C40A37FF
006#7F458000FD0A37FF
007#82347FE0CC0A37FF
008#7FF57FE0830A37FF
001#7F497FE7AD9997FF
002#80167FE7AD9997FF
003#80627FE7AD9997FF
004#7FC27FE7AD9997FF
005#802E8000C40A37FF
006#7F457FE0FD0A37FF
007#82347FD0CC0A37FF
008#7FF57FD0830A37FF
001#7F497FE7AD9997FF
002#80167FE7AD9997FF
003#80627FE7AD9997FF
004#7FC27FD7AD9997FF
005#802E7FD0C40A37FF
006#7F447FD0FD0A37FF
007#82347FE0CC0A37FF
008#7FF57FE0830A37FF
001#7F497FE7AD9997FF
002#80167FE7AD9997FF
003#80628007AD9997FF
004#7FC27FE7AD9997FF
005#802E7FE0C40A37FF
006#7F457FE0FD0A37FF
007#82347FE0CC0A37FF
008#7FF57FE0830A37FF
001#7F498007AD9997FF
002#80167FE7AD9997FF
003#80627FE7AD9997FF
004#7FC27FE7AD9997FF
005#802E8000C40A37FF
006#7F458000FD0A37FF
007#82347FD0CC0A37FF
008#7FF57FD0830A37FF
001#7F497FE7AD9997FF
002#80147FE7AD9997FF
003#80627FE7AD9997FF
004#7FC27FE7AD9997FF
005#802E7FE0C40A37FF
006#7F457FE0FD0A37FF
007#82348000CC0A37FF
008#7FF57FE0830A37FF
001#7F497FE7AD9997FF
002#80167FE7AD9997FF
003#80627FE7AD9997FF
004#7FC27FE7AD9997FF
005#802E7FE0C40A37FF
006#7F457FD0FD0A37FF
007#82348000CC0A37FF
008#7FF57FE0830A37FF
001#7F497FE7AD9997FF
002#80147FE7AD9997FF
003#80627FE7AD9997FF
004#7FC27FE7AD9997FF
005#802E7FE0C40A37FF
006#7F457FE0FD0A37FF
007#82347FE0CC0A37FF
008#7FF58000830A37FF
001#7F497FE7AD9997FF
002#80168007AD9997FF
003#80627FE7AD9997FF
004#7FC27FD7AD9997FF
005#802E7FE0C40A37FF
006#7F457FE0FD0A37FF
007#82347FE0CC0A37FF
008#7FF57FE0830A37FF
001#7F497FE7AD9997FF
002#80147FE7AD9997FF
003#80627FE7AD9997FF
004#7FC27FE7AD9997FF
005#802E7FE0C40A37FF
006#7F457FE0FD0A37FF
007#82347FC0CC0A37FF
008#7FF57FE0830A37FF
001#7F497FE7AD9997FF
002#80147FE7AD9997FF
003#80627FE7AD9997FF
004#7FC27FE7AD9997FF
005#802E7FE0C40A37FF
006#7F457FE0FD0A37FF
007#82347FD0CC0A37FF
008#7FF57FE0830A37FF
001#7F497FE7AD9997FF
002#80147FE7AD9997FF
003#80627FD7AD9997FF
004#7FC27FE7AD9997FF
005#802E8000C40A37FF
006#7F457FE0FD0A37FF
007#82347FD0CC0A37FF
008#7FF57FE0830A37FF
001#7F497FD7AD9997FF
002#80147FE7AD9997FF
003#80627FE7AD9997FF
004#7FC27FE7AD9997FF
005#802E7FE0C40A37FF
006#7F457FE0FD0A37FF
007#82347FE0CC0A37FF
008#7FF57FD0830A37FF
001#7F497FE7AD9997FF
002#80148007AD9997FF
003#80627FE7AD9997FF
004#7FC28007AD9997FF
005#802E7FD0C40A37FF
006#7F448000FD0A37FF
007#82347FE0CC0A37FF
008#7FF57FE0830A37FF
001#7F497FE7AD9997FF
002#80167FE7AD9997FF
003#80628007AD9997FF
004#7FC27FD7AD9997FF
005#802E8000C40A37FF
006#7F458000FD0A37FF
007#82347FE0CC0A37FF
008#7FF57FD0830A37FF
001#7F497FE7AD9997FF
002#80167FE7AD9997FF
003#80627FE7AD9997FF
004#7FC27FE7AD9997FF
005#802E7FE0C40A37FF
006#7F457FD0FD0A37FF
007#82348000CC0A37FF
008#7FF57FE0830A37FF
001#7F497FE7AD9997FF
002#80167FE7AD9997FF
003#80627FE7AD9997FF
004#7FC27FD7AD9997FF
005#802E8000C40A37FF
006#7F447FD0FD0A37FF
007#82347FE0CC0A37FF
008#7FF58000830A37FF
001#7F497FE7AD9997FF
002#80167FE7AD9997FF
003#80627FE7AD9997FF
004#7FC27FE7AD9997FF
005#802E7FE0C40A37FF
006#7F457FE0FD0A37FF
007#82347FE0CC0A37FF
008#7FF58000830A37FF
001#7F497FE7AD9997FF
002#80147FE7AD9997FF
003#80627FE7AD9997FF
004#7FC27FE7AD9997FF
005#802E7FD0C40A37FF
006#7F457FE0FD0A37FF
007#82347FD0CC0A37FF
008#7FF57FE0830A37FF
001#7F497FE7AD9997FF
002#80167FE7AD9997FF
003#80627FE7AD9997FF
004#7FC27FE7AD9997FF
005#802E7FD0C40A37FF
006#7F457FE0FD0A37FF
007#82348000CC0A37FF
008#7FF58000830A37FF
001#7F497FE7AD9997FF
002#80167FE7AD9997FF
003#80627FD7AD9997FF
004#7FC28007AD9997FF
005#802E7FE0C40A37FF
006#7F457FE0FD0A37FF
007#82347FE0CC0A37FF
008#7FF57FE0830A37FF
001#7F497FE7AD9997FF
002#80147FE7AD9997FF
003#80627FE7AD9997FF
004#7FC28007AD9997FF
005#802E8000C40A37FF
006#7F457FE0FD0A37FF
007#82347FD0CC0A37FF
008#7FF57FE0830A37FF
001#7F497FE7AD9997FF
002#80147FE7AD9997FF
003#80627FE7AD9997FF
004#7FC27FD7AD9997FF
005#802E8000C40A37FF
006#7F457FE0FD0A37FF
007#82347FE0CC0A37FF
008#7FF57FD0830A37FF
001#7F497FE7AD9997FF
002#80147FE7AD9997FF
003#80627FE7AD9997FF
004#7FC27FE7AD9997FF
005#802E7FD0C40A37FF
006#7F457FE0FD0A37FF
007#82347FE0CC0A37FF
008#7FF57FE0830A37FF
001#7F497FE7AD9997FF
002#80147FE7AD9997FF
003#80627FE7AD9997FF
004#7FC28007AD9997FF
005#802E7FD0C40A37FF
006#7F457FE0FD0A37FF
007#82347FE0CC0A37FF
008#7FF58000830A37FF
001#7F497FE7AD9997FF
002#80147FE7AD9997FF
003#80627FE7AD9997FF
004#7FC27FE7AD9997FF
005#802E8010C40A37FF
006#7F457FE0FD0A37FF
007#82347FD0CC0A37FF
008#7FF57FE0830A37FF
001#7F497FE7AD9997FF
002#80147FE7AD9997FF
003#80627FE7AD9997FF
004#7FC27FE7AD9997FF
005#802E7FE0C40A37FF
006#7F458000FD0A37FF
007#82348000CC0A37FF
008#7FF57FD0830A37FF
001#7F497FE7AD9997FF
002#80168007AD9997FF
003#80627FE7AD9997FF
004#7FC27FE7AD9997FF
005#802E7FE0C40A37FF
006#7F457FE0FD0A37FF
007#82347FE0CC0A37FF
008#7FF57FD0830A37FF
001#7F497FE7AD9997FF
002#80147FE7AD9997FF
003#80627FE7AD9997FF
004#7FC27FE7AD9997FF
005#802E8000C40A37FF
006#7F457FE0FD0A37FF
007#82347FE0CC0A37FF
008#7FF58000830A37FF
001#7F497FD7AD9997FF
002#80147FE7AD9997FF
003#80627FE7AD9997FF
004#7FC27FD7AD9997FF
005#802E7FE0C40A37FF
006#7F457FD0FD0A37FF
007#82348000CC0A37FF
008#7FF57FD0830A37FF
001#7F497FE7AD9997FF
002#80167FE7AD9997FF
003#80627FE7AD9997FF
004#7FC27FE7AD9997FF
005#802E7FD0C40A37FF
006#7F457FE0FD0A37FF
007#82347FD0CC0A37FF
008#7FF58000830A37FF
001#7F497FE7AD9997FF
002#80147FE7AD9997FF
003#80628007AD9997FF
004#7FC27FE7AD9997FF
005#802E7FC0C40A37FF
006#7F457FE0FD0A37FF
007#82347FE0CC0A37FF
008#7FF57FD0830A37FF
001#7F497FE7AD9997FF
002#80167FE7AD9997FF
003#80627FE7AD9997FF
004#7FC27FD7AD9997FF
005#802E7FE0C40A37FF
006#7F447FD0FD0A37FF
007#82347FE0CC0A37FF
008#7FF58000830A37FF
001#7F497FE7AD9997FF
002#80147FE7AD9997FF
003#80627FE7AD9997FF
004#7FC27FE7AD9997FF
005#802E7FE0C40A37FF
006#7F457FD0FD0A37FF
007#82347FE0CC0A37FF
008#7FF57FE0830A37FF
001#FFFFFFFFFFFFFFFD
002#FFFFFFFFFFFFFFFD
003#FFFFFFFFFFFFFFFD
004#FFFFFFFFFFFFFFFD
005#FFFFFFFFFFFFFFFD
006#FFFFFFFFFFFFFFFD
007#FFFFFFFFFFFFFFFD
008#FFFFFFFFFFFFFFFD
