001#FFFFFFFFFFFFFFFC
002#FFFFFFFFFFFFFFFC
003#FFFFFFFFFFFFFFFC
004#FFFFFFFFFFFFFFFC
005#FFFFFFFFFFFFFFFC
006#FFFFFFFFFFFFFFFC
007#FFFFFFFFFFFFFFFC
008#FFFFFFFFFFFFFFFC
001#80A57FF7AD9997FF
002#80287FF7AD9997FF
003#7E187FF7AD9997FF
004#7F807FF7AD9997FF
005#82107FF0C40A37FF
006#7EBD7FF0FD0A37FF
007#81A37FF0CC0A37FF
008#7FC27FF0511997FF
001#809D7FF7AD9997FF
002#80267FF7AD9997FF
003#7E2E7FF7AD9997FF
004#7F867FF7AD9997FF
005#81F87FF0C40A37FF
006#7ECC7FF0FD0A37FF
007#818F7FF0CC0A37FF
008#7FC57FF0511997FF
001#80967FF7AD9997FF
002#80257FF7AD9997FF
003#7E447FF7AD9997FF
004#7F8C7FF7AD9997FF
005#81E07FF0C40A37FF
006#7EDA7FF0FD0A37FF
007#817C7FF0CC0A37FF
008#7FC77FF0511997FF
001#808E7FF7AD9997FF
002#80237FF7AD9997FF
003#7E5A7FF7AD9997FF
004#7F917FF7AD9997FF
005#81C87FF0C40A37FF
006#7EE97FF0FD0A37FF
007#81697FF0CC0A37FF
008#7FCA7FF0511997FF
001#80867FF7AD9997FF
002#80217FF7AD9997FF
003#7E717FF7AD9997FF
004#7F977FF7AD9997FF
005#81AF7FF0C40A37FF
006#7EF87FF0FD0A37FF
007#81567FF0CC0A37FF
008#7FCD7FF0511997FF
001#807F7FF7AD9997FF
002#801F7FF7AD9997FF
003#7E877FF7AD9997FF
004#7F9D7FF7AD9997FF
005#81977FF0C40A37FF
006#7F067FF0FD0A37FF
007#81437FF0CC0A37FF
008#7FD07FF0511997FF
001#80777FF7AD9997FF
002#801D7FF7AD9997FF
003#7E9D7FF7AD9997FF
004#7FA37FF7AD9997FF
005#817F7FF0C40A37FF
006#7F157FF0FD0A37FF
007#81307FF0CC0A37FF
008#7FD37FF0511997FF
001#80707FF7AD9997FF
002#801B7FF7AD9997FF
003#7EB37FF7AD9997FF
004#7FA97FF7AD9997FF
005#81677FF0C40A37FF
006#7F247FF0FD0A37FF
007#811C7FF0CC0A37FF
008#7FD57FF0511997FF
001#80687FF7AD9997FF
002#80197FF7AD9997FF
003#7ECA7FF7AD9997FF
004#7FAE7FF7AD9997FF
005#814F7FF0C40A37FF
006#7F337FF0FD0A37FF
007#81097FF0CC0A37FF
008#7FD87FF0511997FF
001#80617FF7AD9997FF
002#80177FF7AD9997FF
003#7EE07FF7AD9997FF
004#7FB47FF7AD9997FF
005#81377FF0C40A37FF
006#7F417FF0FD0A37FF
007#80F67FF0CC0A37FF
008#7FDB7FF0511997FF
001#80597FF7AD9997FF
002#80157FF7AD9997FF
003#7EF67FF7AD9997FF
004#7FBA7FF7AD9997FF
005#811E7FF0C40A37FF
006#7F507FF0FD0A37FF
007#80E37FF0CC0A37FF
008#7FDE7FF0511997FF
001#80517FF7AD9997FF
002#80147FF7AD9997FF
003#7F0C7FF7AD9997FF
004#7FC07FF7AD9997FF
005#81067FF0C40A37FF
006#7F5F7FF0FD0A37FF
007#80D07FF0CC0A37FF
008#7FE17FF0511997FF
001#804A7FF7AD9997FF
002#80127FF7AD9997FF
003#7F237FF7AD9997FF
004#7FC67FF7AD9997FF
005#80EE7FF0C40A37FF
006#7F6D7FF0FD0A37FF
007#80BD7FF0CC0A37FF
008#7FE37FF0511997FF
001#80427FF7AD9997FF
002#80107FF7AD9997FF
003#7F397FF7AD9997FF
004#7FCB7FF7AD9997FF
005#80D67FF0C40A37FF
006#7F7C7FF0FD0A37FF
007#80AA7FF0CC0A37FF
008#7FE67FF0511997FF
001#803B7FF7AD9997FF
002#800E7FF7AD9997FF
003#7F4F7FF7AD9997FF
004#7FD17FF7AD9997FF
005#80BE7FF0C40A37FF
006#7F8B7FF0FD0A37FF
007#80967FF0CC0A37FF
008#7FE97FF0511997FF
001#80337FF7AD9997FF
002#800C7FF7AD9997FF
003#7F657FF7AD9997FF
004#7FD77FF7AD9997FF
005#80A67FF0C40A37FF
006#7F9A7FF0FD0A37FF
007#80837FF0CC0A37FF
008#7FEC7FF0511997FF
001#802C7FF7AD9997FF
002#800A7FF7AD9997FF
003#7F7C7FF7AD9997FF
004#7FDD7FF7AD9997FF
005#808E7FF0C40A37FF
006#7FA87FF0FD0A37FF
007#80707FF0CC0A37FF
008#7FEF7FF0511997FF
001#80247FF7AD9997FF
002#80087FF7AD9997FF
003#7F927FF7AD9997FF
004#7FE37FF7AD9997FF
005#80757FF0C40A37FF
006#7FB77FF0FD0A37FF
007#805D7FF0CC0A37FF
008#7FF17FF0511997FF
001#801D7FF7AD9997FF
002#80067FF7AD9997FF
003#7FA87FF7AD9997FF
004#7FE87FF7AD9997FF
005#805D7FF0C40A37FF
006#7FC67FF0FD0A37FF
007#804A7FF0CC0A37FF
008#7FF47FF0511997FF
001#80157FF7AD9997FF
002#80047FF7AD9997FF
003#7FBE7FF7AD9997FF
004#7FEE7FF7AD9997FF
005#80457FF0C40A37FF
006#7FD47FF0FD0A37FF
007#80377FF0CC0A37FF
008#7FF77FF0511997FF
001#800D7FF7AD9997FF
002#80037FF7AD9997FF
003#7FD57FF7AD9997FF
004#7FF47FF7AD9997FF
005#802D7FF0C40A37FF
006#7FE37FF0FD0A37FF
007#80237FF0CC0A37FF
008#7FFA7FF0511997FF
001#80067FF7AD9997FF
002#80017FF7AD9997FF
003#7FEB7FF7AD9997FF
004#7FFA7FF7AD9997FF
005#80157FF0C40A37FF
006#7FF27FF0FD0A37FF
007#80107FF0CC0A37FF
008#7FFC7FF0511997FF
001#80067FB7AD9997FF
002#80038007AD9997FF
003#7FF38127AD9997FF
004#7FFB8007AD9997FF
005#800F7FC0C40A37FF
006#7FF68000FD0A37FF
007#80067F70CC0A37FF
008#7FD78000830A37FF
001#80057FE7AD9997FF
002#80067FE7AD9997FF
003#7FFB80C7AD9997FF
004#7FF78087AD9997FF
005#800F8020C40A37FF
006#7FF97FD0FD0A37FF
007#800D8050CC0A37FF
008#7FBA7FD0830A37FF
001#80057FE7AD9997FF
002#80067FE7AD9997FF
003#7FFB7FE7AD9997FF
004#7FF87FE7AD9997FF
005#80117FE0C40A37FF
006#7FF98000FD0A37FF
007#800F7FE0CC0A37FF
008#7FBA7FD0830A37FF
001#80057FE7AD9997FF
002#80077FE7AD9997FF
003#7FFB7FE7AD9997FF
004#7FF77FE7AD9997FF
005#80117FD0C40A37FF
006#7FF97FE0FD0A37FF
007#800F7FD0CC0A37FF
008#7FBA8010830A37FF
001#80057FE7AD9997FF
002#80077FE7AD9997FF
003#7FFB7FE7AD9997FF
004#7FF77FE7AD9997FF
005#80117FC0C40A37FF
006#7FF98000FD0A37FF
007#800F7FD0CC0A37FF
008#7FBA7FE0830A37FF
001#80057FE7AD9997FF
002#80077FE7AD9997FF
003#7FFB7FE7AD9997FF
004#7FF77FD7AD9997FF
005#80117FE0C40A37FF
006#7FF97FD0FD0A37FF
007#800F7FE0CC0A37FF
008#7FBA7FE0830A37FF
001#80057FE7AD9997FF
002#80077FE7AD9997FF
003#7FFB7FE7AD9997FF
004#7FF77FE7AD9997FF
005#80117FD0C40A37FF
006#7FF98000FD0A37FF
007#800F7FE0CC0A37FF
008#7FBA7FD0830A37FF
001#80067FE7AD9997FF
002#80077FD7AD9997FF
003#7FFB7FE7AD9997FF
004#7FF77FE7AD9997FF
005#80118010C40A37FF
006#7FF98000FD0A37FF
007#800F7FE0CC0A37FF
008#7FBA8000830A37FF
001#80057FE7AD9997FF
002#80077FE7AD9997FF
003#7FFB7FD7AD9997FF
004#7FF77FE7AD9997FF
005#80117FE0C40A37FF
006#7FF97FE0FD0A37FF
007#800F7FE0CC0A37FF
008#7FBA7FE0830A37FF
001#80057FE7AD9997FF
002#80078007AD9997FF
003#7FFB7FE7AD9997FF
004#7FF87FE7AD9997FF
005#80117FE0C40A37FF
006#7FF98000FD0A37FF
007#800F7FD0CC0A37FF
008#7FBA7FE0830A37FF
001#80057FE7AD9997FF
002#80077FE7AD9997FF
003#7FFB7FE7AD9997FF
004#7FF87FE7AD9997FF
005#80117FE0C40A37FF
006#7FF98000FD0A37FF
007#800F7FE0CC0A37FF
008#7FBA7FE0830A37FF
001#80057FE7AD9997FF
002#80077FE7AD9997FF
003#7FFB7FD7AD9997FF
004#7FF77FE7AD9997FF
005#80117FE0C40A37FF
006#7FF97FE0FD0A37FF
007#800F8000CC0A37FF
008#7FBA7FE0830A37FF
001#80067FE7AD9997FF
002#80077FE7AD9997FF
003#7FFB7FE7AD9997FF
004#7FF87FE7AD9997FF
005#80117FE0C40A37FF
006#7FF97FE0FD0A37FF
007#800F7FE0CC0A37FF
008#7FBA7FD0830A37FF
001#80057FD7AD9997FF
002#80077FE7AD9997FF
003#7FFB7FD7AD9997FF
004#7FF77FD7AD9997FF
005#80117FE0C40A37FF
006#7FF97FE0FD0A37FF
007#800F7FE0CC0A37FF
008#7FBA7FE0830A37FF
001#80057FE7AD9997FF
002#80077FE7AD9997FF
003#7FFB7FD7AD9997FF
004#7FF77FE7AD9997FF
005#80117FD0C40A37FF
006#7FF98000FD0A37FF
007#800F7FE0CC0A37FF
008#7FBA8000830A37FF
001#80057FE7AD9997FF
002#80077FE7AD9997FF
003#7FFB7FD7AD9997FF
004#7FF77FE7AD9997FF
005#80117FE0C40A37FF
006#7FF97FE0FD0A37FF
007#800F7FD0CC0A37FF
008#7FBA8000830A37FF
001#80057FE7AD9997FF
002#80078007AD9997FF
003#7FFB7FE7AD9997FF
004#7FF77FE7AD9997FF
005#80117FD0C40A37FF
006#7FF97FE0FD0A37FF
007#800F7FE0CC0A37FF
008#7FBA7FE0830A37FF
001#80067FE7AD9997FF
002#80077FE7AD9997FF
003#7FFB7FE7AD9997FF
004#7FF77FE7AD9997FF
005#80118000C40A37FF
006#7FF97FE0FD0A37FF
007#800F7FE0CC0A37FF
008#7FBA7FE0830A37FF
001#80067FD7AD9997FF
002#80077FE7AD9997FF
003#7FFB8007AD9997FF
004#7FF87FE7AD9997FF
005#80117FE0C40A37FF
006#7FF97FE0FD0A37FF
007#800F7FD0CC0A37FF
008#7FBA7FE0830A37FF
001#80057FE7AD9997FF
002#80077FE7AD9997FF
003#7FFB8007AD9997FF
004#7FF77FD7AD9997FF
005#80117FD0C40A37FF
006#7FF97FE0FD0A37FF
007#800F7FE0CC0A37FF
008#7FBA7FE0830A37FF
001#80057FE7AD9997FF
002#80077FE7AD9997FF
003#7FFB7FE7AD9997FF
004#7FF77FD7AD9997FF
005#80117FE0C40A37FF
006#7FF97FD0FD0A37FF
007#800F8000CC0A37FF
008#7FBA8000830A37FF
001#80057FE7AD9997FF
002#80077FE7AD9997FF
003#7FFB7FE7AD9997FF
004#7FF77FE7AD9997FF
005#80117FE0C40A37FF
006#7FF97FE0FD0A37FF
007#800F7FE0CC0A37FF
008#7FBA7FE0830A37FF
001#80067FE7AD9997FF
002#80077FE7AD9997FF
003#7FFB8007AD9997FF
004#7FF77FE7AD9997FF
005#80118000C40A37FF
006#7FF97FE0FD0A37FF
007#800F7FE0CC0A37FF
008#7FBA7FE0830A37FF
001#80057FE7AD9997FF
002#80077FE7AD9997FF
003#7FFB7FE7AD9997FF
004#7FF77FE7AD9997FF
005#80117FD0C40A37FF
006#7FF97FE0FD0A37FF
007#800F7FD0CC0A37FF
008#7FBA7FE0830A37FF
001#80067FE7AD9997FF
002#80077FE7AD9997FF
003#7FFB7FE7AD9997FF
004#7FF77FE7AD9997FF
005#80118000C40A37FF
006#7FF97FE0FD0A37FF
007#800F7FD0CC0A37FF
008#7FBA7FD0830A37FF
001#80057FE7AD9997FF
002#80078007AD9997FF
003#7FFB7FE7AD9997FF
004#7FF77FE7AD9997FF
005#80117FE0C40A37FF
006#7FF97FD0FD0A37FF
007#800F7FE0CC0A37FF
008#7FBA7FE0830A37FF
001#80057FE7AD9997FF
002#80077FE7AD9997FF
003#7FFB7FE7AD9997FF
004#7FF77FE7AD9997FF
005#80117FE0C40A37FF
006#7FF98000FD0A37FF
007#800F7FE0CC0A37FF
008#7FBA7FE0830A37FF
001#80057FE7AD9997FF
002#80077FE7AD9997FF
003#7FFB7FE7AD9997FF
004#7FF77FE7AD9997FF
005#80118000C40A37FF
006#7FF97FE0FD0A37FF
007#800F7FE0CC0A37FF
008#7FBA7FE0830A37FF
001#80057FE7AD9997FF
002#80078007AD9997FF
003#7FFB7FD7AD9997FF
004#7FF77FE7AD9997FF
005#80117FE0C40A37FF
006#7FF97FE0FD0A37FF
007#800F8000CC0A37FF
008#7FBA7FD0830A37FF
001#80057FE7AD9997FF
002#80077FE7AD9997FF
003#7FFB7FE7AD9997FF
004#7FF77FE7AD9997FF
005#80117FD0C40A37FF
006#7FF97FE0FD0A37FF
007#800F7FE0CC0A37FF
008#7FBA8000830A37FF
001#80057FE7AD9997FF
002#80077FE7AD9997FF
003#7FFB7FE7AD9997FF
004#7FF77FE7AD9997FF
005#80117FE0C40A37FF
006#7FF97FE0FD0A37FF
007#800F7FD0CC0A37FF
008#7FBA7FE0830A37FF
001#80057FE7AD9997FF
002#80077FE7AD9997FF
003#7FFB7FE7AD9997FF
004#7FF87FE7AD9997FF
005#80117FD0C40A37FF
006#7FF98000FD0A37FF
007#800F7FD0CC0A37FF
008#7FBA7FE0830A37FF
001#80067FE7AD9997FF
002#80077FD7AD9997FF
003#7FFB7FE7AD9997FF
004#7FF77FD7AD9997FF
005#80117FD0C40A37FF
006#7FF97FE0FD0A37FF
007#800F7FD0CC0A37FF
008#7FBA7FE0830A37FF
001#80057FE7AD9997FF
002#80077FE7AD9997FF
003#7FFB7FE7AD9997FF
004#7FF78007AD9997FF
005#80117FE0C40A37FF
006#7FF97FD0FD0A37FF
007#800F7FE0CC0A37FF
008#7FBA7FE0830A37FF
001#80057FE7AD9997FF
002#80077FE7AD9997FF
003#7FFB7FE7AD9997FF
004#7FF78007AD9997FF
005#80117FE0C40A37FF
006#7FF98000FD0A37FF
007#800F7FE0CC0A37FF
008#7FBA7FE0830A37FF
001#80057FE7AD9997FF
002#80077FE7AD9997FF
003#7FFB7FE7AD9997FF
004#7FF77FD7AD9997FF
005#80117FE0C40A37FF
006#7FF97FE0FD0A37FF
007#800F8000CC0A37FF
008#7FBA7FE0830A37FF
001#80057FE7AD9997FF
002#80077FE7AD9997FF
003#7FFB7FE7AD9997FF
004#7FF77FE7AD9997FF
005#80118000C40A37FF
006#7FF97FE0FD0A37FF
007#800F8000CC0A37FF
008#7FBA8000830A37FF
001#80057FE7AD9997FF
002#80077FE7AD9997FF
003#7FFB7FE7AD9997FF
004#7FF77FE7AD9997FF
005#80118000C40A37FF
006#7FF97FE0FD0A37FF
007#800F7FE0CC0A37FF
008#7FBA7FE0830A37FF
001#80057FE7AD9997FF
002#80077FE7AD9997FF
003#7FFB7FE7AD9997FF
004#7FF77FD7AD9997FF
005#80117FE0C40A37FF
006#7FF97FD0FD0A37FF
007#800F7FE0CC0A37FF
008#7FBA8000830A37FF
001#80057FE7AD9997FF
002#80077FE7AD9997FF
003#7FFB7FD7AD9997FF
004#7FF77FE7AD9997FF
005#80117FD0C40A37FF
006#7FF97FE0FD0A37FF
007#800F7FE0CC0A37FF
008#7FBA7FE0830A37FF
001#80067FE7AD9997FF
002#80077FE7AD9997FF
003#7FFB7FE7AD9997FF
004#7FF87FE7AD9997FF
005#80117FE0C40A37FF
006#7FF98000FD0A37FF
007#800F7FE0CC0A37FF
008#7FBA7FE0830A37FF
001#80057FE7AD9997FF
002#80077FE7AD9997FF
003#7FFB7FE7AD9997FF
004#7FF77FE7AD9997FF
005#80117FD0C40A37FF
006#7FF97FE0FD0A37FF
007#800F7FE0CC0A37FF
008#7FBA8000830A37FF
001#80057FE7AD9997FF
002#80077FE7AD9997FF
003#7FFB7FE7AD9997FF
004#7FF77FE7AD9997FF
005#80117FE0C40A37FF
006#7FF97FD0FD0A37FF
007#800F7FE0CC0A37FF
008#7FBA7FD0830A37FF
001#80067FE7AD9997FF
002#80077FE7AD9997FF
003#7FFB8007AD9997FF
004#7FF77FE7AD9997FF
005#80118000C40A37FF
006#7FF97FE0FD0A37FF
007#800F7FE0CC0A37FF
008#7FBA8000830A37FF
001#80067FE7AD9997FF
002#80077FE7AD9997FF
003#7FFB7FE7AD9997FF
004#7FF87FE7AD9997FF
005#80118000C40A37FF
006#7FF97FE0FD0A37FF
007#800F8000CC0A37FF
008#7FBA7FE0830A37FF
001#80057FE7AD9997FF
002#80077FE7AD9997FF
003#7FFB7FE7AD9997FF
004#7FF77FE7AD9997FF
005#80118000C40A37FF
006#7FF97FE0FD0A37FF
007#800F8000CC0A37FF
008#7FBA7FD0830A37FF
001#80057FE7AD9997FF
002#80077FE7AD9997FF
003#7FFB7FE7AD9997FF
004#7FF77FE7AD9997FF
005#80118000C40A37FF
006#7FF97FE0FD0A37FF
007#800F7FE0CC0A37FF
008#7FBA7FE0830A37FF
001#80057FE7AD9997FF
002#80077FE7AD9997FF
003#7FFB7FE7AD9997FF
004#7FF77FE7AD9997FF
005#80117FD0C40A37FF
006#7FF98000FD0A37FF
007#800F7FD0CC0A37FF
008#7FBA7FC0830A37FF
001#80068007AD9997FF
002#80077FE7AD9997FF
003#7FFB7FE7AD9997FF
004#7FF77FE7AD9997FF
005#80118000C40A37FF
006#7FF97FE0FD0A37FF
007#800F7FE0CC0A37FF
008#7FBA7FE0830A37FF
001#80057FE7AD9997FF
002#80077FE7AD9997FF
003#7FFB7FE7AD9997FF
004#7FF77FE7AD9997FF
005#80117FD0C40A37FF
006#7FF97FE0FD0A37FF
007#800F7FE0CC0A37FF
008#7FBA7FE0830A37FF
001#80057FE7AD9997FF
002#80078007AD9997FF
003#7FFB7FE7AD9997FF
004#7FF77FE7AD9997FF
005#80117FD0C40A37FF
006#7FF97FE0FD0A37FF
007#800F8000CC0A37FF
008#7FBA8000830A37FF
001#80057FE7AD9997FF
002#80077FE7AD9997FF
003#7FFB7FE7AD9997FF
004#7FF77FE7AD9997FF
005#80117FE0C40A37FF
006#7FF97FE0FD0A37FF
007#800F7FE0CC0A37FF
008#7FBA7FE0830A37FF
001#80057FE7AD9997FF
002#80077FE7AD9997FF
003#7FFB7FE7AD9997FF
004#7FF77FE7AD9997FF
005#80117FE0C40A37FF
006#7FF97FE0FD0A37FF
007#800F7FE0CC0A37FF
008#7FBA7FE0830A37FF
001#80057FD7AD9997FF
002#80077FD7AD9997FF
003#7FFB7FE7AD9997FF
004#7FF77FE7AD9997FF
005#80117FD0C40A37FF
006#7FF97FD0FD0A37FF
007#800F8000CC0A37FF
008#7FBA7FE0830A37FF
001#80057FE7AD9997FF
002#80077FE7AD9997FF
003#7FFB7FE7AD9997FF
004#7FF87FE7AD9997FF
005#80117FE0C40A37FF
006#7FF97FE0FD0A37FF
007#800F7FE0CC0A37FF
008#7FBA7FE0830A37FF
001#80057FE7AD9997FF
002#80077FE7AD9997FF
003#7FFB7FE7AD9997FF
004#7FF77FE7AD9997FF
005#80117FE0C40A37FF
006#7FF97FD0FD0A37FF
007#800F7FE0CC0A37FF
008#7FBA8000830A37FF
001#80057FE7AD9997FF
002#80077FD7AD9997FF
003#7FFB7FD7AD9997FF
004#7FF77FE7AD9997FF
005#80117FD0C40A37FF
006#7FF97FE0FD0A37FF
007#800F8000CC0A37FF
008#7FBA7FD0830A37FF
001#80057FE7AD9997FF
002#80077FE7AD9997FF
003#7FFB7FE7AD9997FF
004#7FF77FE7AD9997FF
005#80117FE0C40A37FF
006#7FF97FE0FD0A37FF
007#800F7FE0CC0A37FF
008#7FBA7FD0830A37FF
001#80057FE7AD9997FF
002#80077FE7AD9997FF
003#7FFB8007AD9997FF
004#7FF77FE7AD9997FF
005#80117FE0C40A37FF
006#7FF97FE0FD0A37FF
007#800F8000CC0A37FF
008#7FBA7FE0830A37FF
001#80067FE7AD9997FF
002#80077FE7AD9997FF
003#7FFB7FE7AD9997FF
004#7FF77FE7AD9997FF
005#80117FE0C40A37FF
006#7FF97FE0FD0A37FF
007#800F7FD0CC0A37FF
008#7FBA7FE0830A37FF
001#80057FE7AD9997FF
002#80077FE7AD9997FF
003#7FFB7FE7AD9997FF
004#7FF77FE7AD9997FF
005#80118010C40A37FF
006#7FF98000FD0A37FF
007#800F7FE0CC0A37FF
008#7FBA7FE0830A37FF
001#80057FE7AD9997FF
002#80077FE7AD9997FF
003#7FFB7FE7AD9997FF
004#7FF77FE7AD9997FF
005#80117FE0C40A37FF
006#7FF97FD0FD0A37FF
007#800F7FE0CC0A37FF
008#7FBA7FD0830A37FF
001#80057FE7AD9997FF
002#80077FE7AD9997FF
003#7FFB7FD7AD9997FF
004#7FF77FE7AD9997FF
005#80117FE0C40A37FF
006#7FF97FD0FD0A37FF
007#800F7FE0CC0A37FF
008#7FBA7FE0830A37FF
001#80057FE7AD9997FF
002#80077FE7AD9997FF
003#7FFB7FE7AD9997FF
004#7FF77FE7AD9997FF
005#80117FE0C40A37FF
006#7FF97FE0FD0A37FF
007#800F7FD0CC0A37FF
008#7FBA7FE0830A37FF
001#80057FE7AD9997FF
002#80077FE7AD9997FF
003#7FFB7FE7AD9997FF
004#7FF77FE7AD9997FF
005#80117FE0C40A37FF
006#7FF97FD0FD0A37FF
007#800F7FE0CC0A37FF
008#7FBA8000830A37FF
001#80067FE7AD9997FF
002#80077FE7AD9997FF
003#7FFB7FE7AD9997FF
004#7FF87FE7AD9997FF
005#80117FE0C40A37FF
006#7FF97FE0FD0A37FF
007#800F7FE0CC0A37FF
008#7FBA7FE0830A37FF
001#80057FE7AD9997FF
002#80077FE7AD9997FF
003#7FFB7FE7AD9997FF
004#7FF78007AD9997FF
005#80117FE0C40A37FF
006#7FF97FD0FD0A37FF
007#800F7FE0CC0A37FF
008#7FBA8000830A37FF
001#80057FE7AD9997FF
002#80077FD7AD9997FF
003#7FFB7FE7AD9997FF
004#7FF87FE7AD9997FF
005#80117FD0C40A37FF
006#7FF97FE0FD0A37FF
007#800F7FE0CC0A37FF
008#7FBA7FD0830A37FF
001#80067FE7AD9997FF
002#80078007AD9997FF
003#7FFB7FE7AD9997FF
004#7FF87FE7AD9997FF
005#80117FE0C40A37FF
006#7FF97FE0FD0A37FF
007#800F7FE0CC0A37FF
008#7FBA7FE0830A37FF
001#80057FE7AD9997FF
002#80077FE7AD9997FF
003#7FFB7FD7AD9997FF
004#7FF77FE7AD9997FF
005#80117FE0C40A37FF
006#7FF97FD0FD0A37FF
007#800F8000CC0A37FF
008#7FBA7FE0830A37FF
001#80057FD7AD9997FF
002#80077FE7AD9997FF
003#7FFB7FE7AD9997FF
004#7FF88007AD9997FF
005#80117FE0C40A37FF
006#7FF97FE0FD0A37FF
007#800F8000CC0A37FF
008#7FBA7FE0830A37FF
001#80067FE7AD9997FF
002#80078007AD9997FF
003#7FFB7FE7AD9997FF
004#7FF77FE7AD9997FF
005#80117FD0C40A37FF
006#7FF97FD0FD0A37FF
007#800F7FE0CC0A37FF
008#7FBA8000830A37FF
001#80057FE7AD9997FF
002#80078007AD9997FF
003#7FFB7FE7AD9997FF
004#7FF87FE7AD9997FF
005#80117FD0C40A37FF
006#7FF97FE0FD0A37FF
007#800F7FD0CC0A37FF
008#7FBA8000830A37FF
001#80067FE7AD9997FF
002#80077FE7AD9997FF
003#7FFB7FE7AD9997FF
004#7FF87FE7AD9997FF
005#80118000C40A37FF
006#7FF97FE0FD0A37FF
007#800F7FE0CC0A37FF
008#7FBA8000830A37FF
001#80057FE7AD9997FF
002#80077FE7AD9997FF
003#7FFB7FE7AD9997FF
004#7FF87FE7AD9997FF
005#80117FE0C40A37FF
006#7FF97FE0FD0A37FF
007#800F8000CC0A37FF
008#7FBA8000830A37FF
001#80057FE7AD9997FF
002#80077FE7AD9997FF
003#7FFB7FE7AD9997FF
004#7FF77FE7AD9997FF
005#80118000C40A37FF
006#7FF97FE0FD0A37FF
007#800F7FD0CC0A37FF
008#7FBA7FE0830A37FF
001#80067FE7AD9997FF
002#80077FE7AD9997FF
003#7FFB7FE7AD9997FF
004#7FF87FE7AD9997FF
005#80117FE0C40A37FF
006#7FF97FE0FD0A37FF
007#800F7FD0CC0A37FF
008#7FBA7FE0830A37FF
001#80068007AD9997FF
002#80077FE7AD9997FF
003#7FFB7FE7AD9997FF
004#7FF77FD7AD9997FF
005#80117FE0C40A37FF
006#7FF97FE0FD0A37FF
007#800F7FE0CC0A37FF
008#7FBA7FE0830A37FF
001#80057FE7AD9997FF
002#80077FE7AD9997FF
003#7FFB7FE7AD9997FF
004#7FF77FE7AD9997FF
005#80117FE0C40A37FF
006#7FF97FD0FD0A37FF
007#800F7FE0CC0A37FF
008#7FBA7FD0830A37FF
001#80057FE7AD9997FF
002#80077FE7AD9997FF
003#7FFB7FE7AD9997FF
004#7FF77FE7AD9997FF
005#80117FE0C40A37FF
006#7FF97FE0FD0A37FF
007#800F7FE0CC0A37FF
008#7FBA7FD0830A37FF
001#80068007AD9997FF
002#80087FE7AD9997FF
003#7FFB7FE7AD9997FF
004#7FF77FE7AD9997FF
005#80118000C40A37FF
006#7FF97FD0FD0A37FF
007#800F8000CC0A37FF
008#7FBA7FD0830A37FF
001#80057FE7AD9997FF
002#80077FE7AD9997FF
003#7FFB7FE7AD9997FF
004#7FF77FE7AD9997FF
005#80118000C40A37FF
006#7FF98000FD0A37FF
007#800F7FC0CC0A37FF
008#7FBA7FE0830A37FF
001#80057FE7AD9997FF
002#80077FE7AD9997FF
003#7FFB7FE7AD9997FF
004#7FF77FE7AD9997FF
005#80117FC0C40A37FF
006#7FF97FE0FD0A37FF
007#800F7FE0CC0A37FF
008#7FBA7FE0830A37FF
001#80057FE7AD9997FF
002#80077FD7AD9997FF
003#7FFB7FE7AD9997FF
004#7FF77FE7AD9997FF
005#80117FE0C40A37FF
006#7FFC8010FD0A37FF
007#800F7FE0CC0A37FF
008#7FBA7FD0830A37FF
001#80057FE7AD9997FF
002#80057FC7AD9997FF
003#7FFB7FE7AD9997FF
004#7FF77FE7AD9997FF
005#80118000C40A37FF
006#7FFC7FE0FD0A37FF
007#800F7FE0CC0A37FF
008#7FBA7FD0830A37FF
001#80067FE7AD9997FF
002#80037FE7AD9997FF
003#7FFB7FE7AD9997FF
004#7FF78007AD9997FF
005#80117FE0C40A37FF
006#7FFC7FE0FD0A37FF
007#800D7FD0CC0A37FF
008#7FBA8000830A37FF
001#80057FE7AD9997FF
002#80058007AD9997FF
003#7FFB7FE7AD9997FF
004#7FF77FE7AD9997FF
005#80117FD0C40A37FF
006#7FFC7FE0FD0A37FF
007#800F7FE0CC0A37FF
008#7FBA7FD0830A37FF
001#80067FE7AD9997FF
002#80078007AD9997FF
003#7FFB7FE7AD9997FF
004#7FF77FE7AD9997FF
005#80117FD0C40A37FF
006#7FFB7FE0FD0A37FF
007#800F7FE0CC0A37FF
008#7FBA7FE0830A37FF
001#80067FE7AD9997FF
002#80078007AD9997FF
003#7FFB7FE7AD9997FF
004#7FF77FE7AD9997FF
005#80118000C40A37FF
006#7FFB7FD0FD0A37FF
007#800F8000CC0A37FF
008#7FBA7FE0830A37FF
001#80068007AD9997FF
002#80077FE7AD9997FF
003#7FFB7FE7AD9997FF
004#7FF87FE7AD9997FF
005#80117FE0C40A37FF
006#7FFB7FE0FD0A37FF
007#800F7FE0CC0A37FF
008#7FBA7FE0830A37FF
001#80078007AD9997FF
002#80077FD7AD9997FF
003#7FFB7FD7AD9997FF
004#7FF88007AD9997FF
005#80117FE0C40A37FF
006#7FFB7FE0FD0A37FF
007#800F7FE0CC0A37FF
008#7FBA7FD0830A37FF
001#800B8057AD9997FF
002#80077FE7AD9997FF
003#7FFB8007AD9997FF
004#7FF88027AD9997FF
005#80118000C40A37FF
006#7FFB7FE0FD0A37FF
007#800F8000CC0A37FF
008#7FBA7FD0830A37FF
001#80118047AD9997FF
002#80077FE7AD9997FF
003#7FFB7FE7AD9997FF
004#7FF87FD7AD9997FF
005#80117FE0C40A37FF
006#7FFB7FD0FD0A37FF
007#800F7FC0CC0A37FF
008#7FBA7FE0830A37FF
001#801A8067AD9997FF
002#80088007AD9997FF
003#7FFB7FE7AD9997FF
004#7FF87FE7AD9997FF
005#80118000C40A37FF
006#7FFB7FE0FD0A37FF
007#80118010CC0A37FF
008#7FBA7FE0830A37FF
001#802780C7AD9997FF
002#80098017AD9997FF
003#7FFB8007AD9997FF
004#7FF87FD7AD9997FF
005#80117FD0C40A37FF
006#7FFB7FE0FD0A37FF
007#80138010CC0A37FF
008#7FBA7FD0830A37FF
001#803380A7AD9997FF
002#800F8047AD9997FF
003#7FFB7FE7AD9997FF
004#7FF88007AD9997FF
005#80117FE0C40A37FF
006#7FFB7FD0FD0A37FF
007#80137FE0CC0A37FF
008#7FBA8000830A37FF
001#804180C7AD9997FF
002#80118027AD9997FF
003#7FFB7FD7AD9997FF
004#7FFB80D7AD9997FF
005#80118000C40A37FF
006#7FFB7FE0FD0A37FF
007#801B80C0CC0A37FF
008#7FBA7FE0830A37FF
001#805B8137AD9997FF
002#80178007AD9997FF
003#7FFB7FD7AD9997FF
004#80018177AD9997FF
005#80117FE0C40A37FF
006#7FF97FE0FD0A37FF
007#802B8110CC0A37FF
008#7FBA8000830A37FF
001#80698107AD9997FF
002#801C8037AD9997FF
003#7FFB7FE7AD9997FF
004#80068127AD9997FF
005#80138010C40A37FF
006#7FF97FE0FD0A37FF
007#803280A0CC0A37FF
008#7FBA7FE0830A37FF
001#80878197AD9997FF
002#80248087AD9997FF
003#7FFB7FE7AD9997FF
004#800F82E7AD9997FF
005#80137FE0C40A37FF
006#7FF97FD0FD0A37FF
007#80428140CC0A37FF
008#7FB97FD0830A37FF
001#80A08157AD9997FF
002#802C8087AD9997FF
003#7FFB8007AD9997FF
004#801A82B7AD9997FF
005#80138000C40A37FF
006#7FF97FD0FD0A37FF
007#804B80E0CC0A37FF
008#7FBA7FE0830A37FF
001#80C38197AD9997FF
002#80388097AD9997FF
003#7FFB7FD7AD9997FF
004#802A83C7AD9997FF
005#80137FE0C40A37FF
006#7FF97FE0FD0A37FF
007#805980F0CC0A37FF
008#7FBA8000830A37FF
001#80E481E7AD9997FF
002#804380A7AD9997FF
003#7FFB7FE7AD9997FF
004#803D8507AD9997FF
005#80137FE0C40A37FF
006#7FF97FD0FD0A37FF
007#806280A0CC0A37FF
008#7FBA7FE0830A37FF
001#810C8247AD9997FF
002#804C8087AD9997FF
003#7FFB7FE7AD9997FF
004#80578647AD9997FF
005#80137FD0C40A37FF
006#7FF97FE0FD0A37FF
007#806B8030CC0A37FF
008#7FBA7FD0830A37FF
001#81368247AD9997FF
002#805B80A7AD9997FF
003#7FFB8007AD9997FF
004#807787B7AD9997FF
005#80137FE0C40A37FF
006#7FF87FC0FD0A37FF
007#806C8030CC0A37FF
008#7FBA7FE0830A37FF
001#815B8237AD9997FF
002#806780A7AD9997FF
003#7FFB7FE7AD9997FF
004#809388A7AD9997FF
005#80137FE0C40A37FF
006#7FF87FE0FD0A37FF
007#80708030CC0A37FF
008#7FBA7FE0830A37FF
001#81848247AD9997FF
002#807780A7AD9997FF
003#7FFB7FE7AD9997FF
004#80BC8997AD9997FF
005#80137FD0C40A37FF
006#7FF97FE0FD0A37FF
007#80707FE0CC0A37FF
008#7FBA7FD0830A37FF
001#81B78267AD9997FF
002#808E80E7AD9997FF
003#7FFB8007AD9997FF
004#80ED8B37AD9997FF
005#80137FD0C40A37FF
006#7FF88000FD0A37FF
007#80707FD0CC0A37FF
008#7FBA7FE0830A37FF
001#81DE8257AD9997FF
002#809E80E7AD9997FF
003#7FFB7FE7AD9997FF
004#811F8C87AD9997FF
005#80117FD0C40A37FF
006#7FF97FD0FD0A37FF
007#80707FD0CC0A37FF
008#7FBA7FE0830A37FF
001#820A8287AD9997FF
002#80AE8127AD9997FF
003#7FFB7FE7AD9997FF
004#81538DC7AD9997FF
005#80117FD0C40A37FF
006#7FF97FE0FD0A37FF
007#80707FC0CC0A37FF
008#7FBA7FD0830A37FF
001#82388287AD9997FF
002#80C280D7AD9997FF
003#7FFB8007AD9997FF
004#818C8E77AD9997FF
005#80117FD0C40A37FF
006#7FF97FE0FD0A37FF
007#80708000CC0A37FF
008#7FBA8000830A37FF
001#82638297AD9997FF
002#80D58107AD9997FF
003#7FFB7FE7AD9997FF
004#81CC8FD7AD9997FF
005#80117FE0C40A37FF
006#7FF98000FD0A37FF
007#80707FE0CC0A37FF
008#7FBA8000830A37FF
001#829482B7AD9997FF
002#80E480D7AD9997FF
003#7FFB7FE7AD9997FF
004#820990F7AD9997FF
005#80117FC0C40A37FF
006#7FF98000FD0A37FF
007#80708000CC0A37FF
008#7FBA7FE0830A37FF
001#82CA8297AD9997FF
002#80F680D7AD9997FF
003#7FFB7FE7AD9997FF
004#825B9237AD9997FF
005#800F7FE0C40A37FF
006#7FF97FE0FD0A37FF
007#80708000CC0A37FF
008#7FBA7FE0830A37FF
001#82FE82C7AD9997FF
002#810780F7AD9997FF
003#7FFB7FE7AD9997FF
004#82A993A7AD9997FF
005#800F7FE0C40A37FF
006#7FF97FE0FD0A37FF
007#80708000CC0A37FF
008#7FBA7FE0830A37FF
001#833182C7AD9997FF
002#811680C7AD9997FF
003#7FFB7FE7AD9997FF
004#82FD94D7AD9997FF
005#800F7FE0C40A37FF
006#7FFB8010FD0A37FF
007#806E7FE0CC0A37FF
008#7FBA7FE0830A37FF
001#836A82D7AD9997FF
002#812580A7AD9997FF
003#7FFB7FE7AD9997FF
004#835F95D7AD9997FF
005#800F7FD0C40A37FF
006#7FF97FD0FD0A37FF
007#806E7FC0CC0A37FF
008#7FBA7FE0830A37FF
001#839482D7AD9997FF
002#813280C7AD9997FF
003#7FFB7FE7AD9997FF
004#83A99707AD9997FF
005#800F7FE0C40A37FF
006#7FF87FE0FD0A37FF
007#806E7FD0CC0A37FF
008#7FBA8000830A37FF
001#83CC82B7AD9997FF
002#814480D7AD9997FF
003#7FFB7FE7AD9997FF
004#84149827AD9997FF
005#800F7FE0C40A37FF
006#7FF97FE0FD0A37FF
007#806E8000CC0A37FF
008#7FBA8000830A37FF
001#840082C7AD9997FF
002#815380C7AD9997FF
003#7FFB7FE7AD9997FF
004#847B9987AD9997FF
005#800F7FE0C40A37FF
006#7FF97FE0FD0A37FF
007#806E7FE0CC0A37FF
008#7FBA8000830A37FF
001#843382B7AD9997FF
002#816380E7AD9997FF
003#7FFB8007AD9997FF
004#84E599E7AD9997FF
005#800F7FD0C40A37FF
006#7FF97FE0FD0A37FF
007#806E7FE0CC0A37FF
008#7FBA8000830A37FF
001#846582A7AD9997FF
002#817480E7AD9997FF
003#7FFB7FE7AD9997FF
004#85529AE7AD9997FF
005#800F8000C40A37FF
006#7FF97FE0FD0A37FF
007#806C7FB0CC0A37FF
008#7FBA8000830A37FF
001#849882C7AD9997FF
002#818480D7AD9997FF
003#7FFB7FE7AD9997FF
004#85C29B67AD9997FF
005#800F7FE0C40A37FF
006#7FF97FD0FD0A37FF
007#806B7FB0CC0A37FF
008#7FBA8000830A37FF
001#84D182C7AD9997FF
002#819680C7AD9997FF
003#7FFB7FD7AD9997FF
004#86459C27AD9997FF
005#800F7FE0C40A37FF
006#7FF97FD0FD0A37FF
007#80657F60CC0A37FF
008#7FBA8000830A37FF
001#84FE82C7AD9997FF
002#81A180B7AD9997FF
003#7FFB7FE7AD9997FF
004#86A79BC7AD9997FF
005#800F8000C40A37FF
006#7FF97FD0FD0A37FF
007#80658040CC0A37FF
008#7FBA8000830A37FF
001#853682B7AD9997FF
002#81B480C7AD9997FF
003#7FFB7FE7AD9997FF
004#87329BF7AD9997FF
005#800F8010C40A37FF
006#7FF97FE0FD0A37FF
007#80657FE0CC0A37FF
008#7FBA7FE0830A37FF
001#856B82B7AD9997FF
002#81C280C7AD9997FF
003#7FFB7FE7AD9997FF
004#879C9C27AD9997FF
005#800F7FE0C40A37FF
006#7FF97FE0FD0A37FF
007#80657FC0CC0A37FF
008#7FBA7FE0830A37FF
001#859982D7AD9997FF
002#81CE8097AD9997FF
003#7FFB7FE7AD9997FF
004#88019BD7AD9997FF
005#800F8000C40A37FF
006#7FF97FE0FD0A37FF
007#80657FC0CC0A37FF
008#7FBA7FE0830A37FF
001#85CD82D7AD9997FF
002#81DB80B7AD9997FF
003#7FFB7FE7AD9997FF
004#88789BB7AD9997FF
005#800F7FE0C40A37FF
006#7FF97FD0FD0A37FF
007#80657FD0CC0A37FF
008#7FBA7FE0830A37FF
001#860382D7AD9997FF
002#81EB80C7AD9997FF
003#7FFB7FE7AD9997FF
004#88E49B97AD9997FF
005#800F7FE0C40A37FF
006#7FF98000FD0A37FF
007#80658000CC0A37FF
008#7FBA7FE0830A37FF
001#863882D7AD9997FF
002#81F78087AD9997FF
003#7FFB7FE7AD9997FF
004#89549B77AD9997FF
005#800F8000C40A37FF
006#7FFB7FE0FD0A37FF
007#80658010CC0A37FF
008#7FBA8010830A37FF
001#866D82D7AD9997FF
002#81FF8047AD9997FF
003#7FFB7FE7AD9997FF
004#89C39A97AD9997FF
005#800F8000C40A37FF
006#7FF97FE0FD0A37FF
007#80658000CC0A37FF
008#7FBA8000830A37FF
001#869D82D7AD9997FF
002#82098087AD9997FF
003#7FFB7FE7AD9997FF
004#8A269A47AD9997FF
005#800F8000C40A37FF
006#7FF87FD0FD0A37FF
007#80657FE0CC0A37FF
008#7FBA7FD0830A37FF
001#86D882D7AD9997FF
002#821980D7AD9997FF
003#7FFB7FD7AD9997FF
004#8A989A07AD9997FF
005#800F7FE0C40A37FF
006#7FF97FD0FD0A37FF
007#80677FE0CC0A37FF
008#7FBA7FE0830A37FF
001#871382B7AD9997FF
002#82258067AD9997FF
003#7FFB7FE7AD9997FF
004#8B0E9977AD9997FF
005#800F7FE0C40A37FF
006#7FF97FE0FD0A37FF
007#80657FE0CC0A37FF
008#7FBA7FE0830A37FF
001#873D82D7AD9997FF
002#82288027AD9997FF
003#7FFB7FD7AD9997FF
004#8B5F9907AD9997FF
005#800F7FE0C40A37FF
006#7FF87FC0FD0A37FF
007#80678020CC0A37FF
008#7FBA7FD0830A37FF
001#878182D7AD9997FF
002#822B8027AD9997FF
003#7FFB8007AD9997FF
004#8BD99867AD9997FF
005#800F7FE0C40A37FF
006#7FF87FE0FD0A37FF
007#80657FD0CC0A37FF
008#7FBA8000830A37FF
001#87AA82D7AD9997FF
002#82308037AD9997FF
003#7FFB7FE7AD9997FF
004#8C289857AD9997FF
005#800F7FE0C40A37FF
006#7FF87FE0FD0A37FF
007#80657FD0CC0A37FF
008#7FBA7FC0830A37FF
001#87E982A7AD9997FF
002#823A8067AD9997FF
003#7FFB7FE7AD9997FF
004#8CA29777AD9997FF
005#800F7FD0C40A37FF
006#7FF88000FD0A37FF
007#80678010CC0A37FF
008#7FBA7FE0830A37FF
001#881B82B7AD9997FF
002#82448087AD9997FF
003#7FFB7FE7AD9997FF
004#8CFC96C7AD9997FF
005#800F7FE0C40A37FF
006#7FF87FE0FD0A37FF
007#80677FE0CC0A37FF
008#7FBA7FE0830A37FF
001#884882B7AD9997FF
002#82498057AD9997FF
003#7FFB7FE7AD9997FF
004#8D509637AD9997FF
005#800F7FE0C40A37FF
006#7FF98000FD0A37FF
007#80678000CC0A37FF
008#7FBA8000830A37FF
001#887A8287AD9997FF
002#824E8007AD9997FF
003#7FFB7FE7AD9997FF
004#8DAF94E7AD9997FF
005#800F7FE0C40A37FF
006#7FF97FE0FD0A37FF
007#80657FB0CC0A37FF
008#7FBA8000830A37FF
001#88AB82C7AD9997FF
002#824C7FD7AD9997FF
003#7FFB7FE7AD9997FF
004#8DF293D7AD9997FF
005#800F7FE0C40A37FF
006#7FF87FE0FD0A37FF
007#80677FE0CC0A37FF
008#7FBA7FE0830A37FF
001#88E08297AD9997FF
002#824C7FE7AD9997FF
003#7FFB7FE7AD9997FF
004#8E4892A7AD9997FF
005#800F7FE0C40A37FF
006#7FF87FD0FD0A37FF
007#80678000CC0A37FF
008#7FBA7FE0830A37FF
001#891582A7AD9997FF
002#824C7FE7AD9997FF
003#7FFB7FE7AD9997FF
004#8E9791C7AD9997FF
005#800F7FE0C40A37FF
006#7FF77FE0FD0A37FF
007#80657FD0CC0A37FF
008#7FBA8000830A37FF
001#89448257AD9997FF
002#824C7FE7AD9997FF
003#7FFB7FE7AD9997FF
004#8EDE9097AD9997FF
005#800F7FE0C40A37FF
006#7FF87FE0FD0A37FF
007#80678000CC0A37FF
008#7FBA8000830A37FF
001#896D8267AD9997FF
002#824C7FE7AD9997FF
003#7FFB7FE7AD9997FF
004#8F1A9087AD9997FF
005#800F7FE0C40A37FF
006#7FF87FE0FD0A37FF
007#80678010CC0A37FF
008#7FBA8000830A37FF
001#89988237AD9997FF
002#824C7FE7AD9997FF
003#7FFB7FD7AD9997FF
004#8F5C9017AD9997FF
005#800D7FD0C40A37FF
006#7FF88000FD0A37FF
007#80678010CC0A37FF
008#7FBA7FE0830A37FF
001#89C08227AD9997FF
002#824C7FE7AD9997FF
003#7FFB7FD7AD9997FF
004#8F9C8F77AD9997FF
005#800D7FD0C40A37FF
006#7FF87FE0FD0A37FF
007#80678020CC0A37FF
008#7FBA8000830A37FF
001#89E78227AD9997FF
002#824C7FE7AD9997FF
003#7FFB7FE7AD9997FF
004#8FE48F77AD9997FF
005#800B7FD0C40A37FF
006#7FF87FE0FD0A37FF
007#80677FE0CC0A37FF
008#7FBA7FE0830A37FF
001#8A0D81F7AD9997FF
002#824C7FE7AD9997FF
003#7FFB7FE7AD9997FF
004#90218EC7AD9997FF
005#80057ED0C40A37FF
006#7FF87FE0FD0A37FF
007#80678000CC0A37FF
008#7FBA8000830A37FF
001#8A268197AD9997FF
002#824C7FE7AD9997FF
003#7FFB8007AD9997FF
004#90508E57AD9997FF
005#7FF97EB0C40A37FF
006#7FF87FE0FD0A37FF
007#80677FD0CC0A37FF
008#7FBA7FE0830A37FF
001#8A448167AD9997FF
002#824C7FE7AD9997FF
003#7FFB7FE7AD9997FF
004#908D8EF7AD9997FF
005#7FEB7EC0C40A37FF
006#7FF87FD0FD0A37FF
007#80678000CC0A37FF
008#7FBA7FC0830A37FF
001#8A638177AD9997FF
002#824C7FE7AD9997FF
003#7FFB7FE7AD9997FF
004#90D98F37AD9997FF
005#7FDA7F10C40A37FF
006#7FF88000FD0A37FF
007#80677FE0CC0A37FF
008#7FBA7FD0830A37FF
001#8A7680E7AD9997FF
002#824C7FE7AD9997FF
003#7FFB7FE7AD9997FF
004#910E8ED7AD9997FF
005#7FD27F80C40A37FF
006#7FF77FD0FD0A37FF
007#80677FE0CC0A37FF
008#7FBA7FD0830A37FF
001#8A8C80E7AD9997FF
002#824C7FE7AD9997FF
003#7FFB7FE7AD9997FF
004#91589027AD9997FF
005#7FD38000C40A37FF
006#7FF87FE0FD0A37FF
007#80677FE0CC0A37FF
008#7FBA7FC0830A37FF
001#8A9380A7AD9997FF
002#824C7FE7AD9997FF
003#7FFB7FD7AD9997FF
004#91918FF7AD9997FF
005#7FD37FE0C40A37FF
006#7FF88000FD0A37FF
007#80677FC0CC0A37FF
008#7FBA7FD0830A37FF
001#8A9B8057AD9997FF
002#824C7FE7AD9997FF
003#7FFB8007AD9997FF
004#91D39017AD9997FF
005#7FD37FE0C40A37FF
006#7FF87FE0FD0A37FF
007#80677FC0CC0A37FF
008#7FBA8000830A37FF
001#8A9C7FE7AD9997FF
002#824C7FE7AD9997FF
003#7FFB7FE7AD9997FF
004#921890E7AD9997FF
005#7FD37FE0C40A37FF
006#7FF87FE0FD0A37FF
007#80677FE0CC0A37FF
008#7FBA7FE0830A37FF
001#8A9A7FC7AD9997FF
002#824C7FE7AD9997FF
003#7FFB7FE7AD9997FF
004#925F9167AD9997FF
005#7FD37FE0C40A37FF
006#7FF87FE0FD0A37FF
007#80657FC0CC0A37FF
008#7FBA7FD0830A37FF
001#8A917F57AD9997FF
002#824C7FE7AD9997FF
003#7FFB7FE7AD9997FF
004#92AA9067AD9997FF
005#7FD37FE0C40A37FF
006#7FF87FE0FD0A37FF
007#80658000CC0A37FF
008#7FBA8000830A37FF
001#8A8A7F37AD9997FF
002#824C7FE7AD9997FF
003#7FFB7FE7AD9997FF
004#92EE8FE7AD9997FF
005#7FD37FE0C40A37FF
006#7FF98000FD0A37FF
007#80637FD0CC0A37FF
008#7FBA7FE0830A37FF
001#8A817F77AD9997FF
002#824C7FE7AD9997FF
003#7FFB7FE7AD9997FF
004#932B8F07AD9997FF
005#7FD27FD0C40A37FF
006#7FF98000FD0A37FF
007#805E7F30CC0A37FF
008#7FBA7FD0830A37FF
001#8A7A7F37AD9997FF
002#824C7FE7AD9997FF
003#7FFB7FE7AD9997FF
004#935B8E47AD9997FF
005#7FD28000C40A37FF
006#7FF97FD0FD0A37FF
007#804E7E30CC0A37FF
008#7FBA8000830A37FF
001#8A727F87AD9997FF
002#824C7FE7AD9997FF
003#7FFB7FE7AD9997FF
004#939B8DF7AD9997FF
005#7FD38000C40A37FF
006#7FF98000FD0A37FF
007#80327DD0CC0A37FF
008#7FBA7FE0830A37FF
001#8A657F57AD9997FF
002#824C7FE7AD9997FF
003#7FFB7FD7AD9997FF
004#93D58CB7AD9997FF
005#7FD38000C40A37FF
006#7FF97FE0FD0A37FF
007#80137D70CC0A37FF
008#7FBA7FD0830A37FF
001#8A5A7F37AD9997FF
002#824C7FD7AD9997FF
003#7FF97FE7AD9997FF
004#94008B97AD9997FF
005#7FD48000C40A37FF
006#7FF98000FD0A37FF
007#7FFF7E60CC0A37FF
008#7FBA8000830A37FF
001#8A507F07AD9997FF
002#824A7FD7AD9997FF
003#7FF97FB7AD9997FF
004#942B89D7AD9997FF
005#7FD48000C40A37FF
006#7FFB7FE0FD0A37FF
007#7FEF7EC0CC0A37FF
008#7FBA7FE0830A37FF
001#8A427F27AD9997FF
002#824A7FE7AD9997FF
003#7FF77EF7AD9997FF
004#944D87B7AD9997FF
005#7FD47FE0C40A37FF
006#7FF97FD0FD0A37FF
007#7FE47EF0CC0A37FF
008#7FBA7FE0830A37FF
001#8A337F27AD9997FF
002#824A7FD7AD9997FF
003#7FF67FE7AD9997FF
004#946A85F7AD9997FF
005#7FD47FE0C40A37FF
006#7FF97FE0FD0A37FF
007#7FE37FE0CC0A37FF
008#7FBA8000830A37FF
001#8A297F67AD9997FF
002#824A7FE7AD9997FF
003#7FF67FE7AD9997FF
004#947A83D7AD9997FF
005#7FD48000C40A37FF
006#7FF87FC0FD0A37FF
007#7FE38000CC0A37FF
008#7FBA7FE0830A37FF
001#8A1D7F37AD9997FF
002#824A8007AD9997FF
003#7FF78017AD9997FF
004#948581C7AD9997FF
005#7FD47FE0C40A37FF
006#7FF87FE0FD0A37FF
007#7FE37FD0CC0A37FF
008#7FBA7FD0830A37FF
001#8A0D7F47AD9997FF
002#824A7FE7AD9997FF
003#7FF78007AD9997FF
004#94867FB7AD9997FF
005#7FD47FE0C40A37FF
006#7FF97FE0FD0A37FF
007#7FE37FD0CC0A37FF
008#7FBA7FE0830A37FF
001#8A017F17AD9997FF
002#824A7FE7AD9997FF
003#7FF78007AD9997FF
004#94857F97AD9997FF
005#7FD57FE0C40A37FF
006#7FF97FE0FD0A37FF
007#7FE27FA0CC0A37FF
008#7FBA8000830A37FF
001#89F67F17AD9997FF
002#824A7FE7AD9997FF
003#7FF78007AD9997FF
004#947F7E07AD9997FF
005#7FD57FE0C40A37FF
006#7FF87FE0FD0A37FF
007#7FDB7F60CC0A37FF
008#7FBA7FE0830A37FF
001#89EA7F27AD9997FF
002#824A7FE7AD9997FF
003#7FF77FE7AD9997FF
004#94767D67AD9997FF
005#7FD58010C40A37FF
006#7FF77FC0FD0A37FF
007#7FDC8010CC0A37FF
008#7FBA7FE0830A37FF
001#89DD7F47AD9997FF
002#824A7FD7AD9997FF
003#7FF78007AD9997FF
004#946A7D87AD9997FF
005#7FD58000C40A37FF
006#7FF67FE0FD0A37FF
007#7FDC7FE0CC0A37FF
008#7FBA8000830A37FF
001#89D47F97AD9997FF
002#824A7FD7AD9997FF
003#7FF77FD7AD9997FF
004#945F7CD7AD9997FF
005#7FD77FE0C40A37FF
006#7FF68000FD0A37FF
007#7FDB7FE0CC0A37FF
008#7FBA7FE0830A37FF
001#89CC7F97AD9997FF
002#82497FD7AD9997FF
003#7FF77FE7AD9997FF
004#944F7C27AD9997FF
005#7FD77FE0C40A37FF
006#7FF67FD0FD0A37FF
007#7FDB7FD0CC0A37FF
008#7FBA7FE0830A37FF
001#89CC7FE7AD9997FF
002#82497FC7AD9997FF
003#7FF77FD7AD9997FF
004#94427C77AD9997FF
005#7FD77FD0C40A37FF
006#7FF57FC0FD0A37FF
007#7FDC7FE0CC0A37FF
008#7FBA7FE0830A37FF
001#89CD8007AD9997FF
002#82447FB7AD9997FF
003#7FF77FE7AD9997FF
004#94317C67AD9997FF
005#7FD77FE0C40A37FF
006#7FED7F30FD0A37FF
007#7FDC8000CC0A37FF
008#7FBA7FE0830A37FF
001#89CE8017AD9997FF
002#82417FC7AD9997FF
003#7FF67FA7AD9997FF
004#94287D17AD9997FF
005#7FD77FE0C40A37FF
006#7FE77F10FD0A37FF
007#7FDC7FE0CC0A37FF
008#7FBA7FE0830A37FF
001#89D68077AD9997FF
002#823C7FB7AD9997FF
003#7FF17DD7AD9997FF
004#94217EA7AD9997FF
005#7FD57FD0C40A37FF
006#7FE38010FD0A37FF
007#7FDC7FE0CC0A37FF
008#7FBA7FE0830A37FF
001#89D88017AD9997FF
002#823C7FE7AD9997FF
003#7FE27C17AD9997FF
004#941A7E57AD9997FF
005#7FD57FC0C40A37FF
006#7FE37FC0FD0A37FF
007#7FDC8000CC0A37FF
008#7FBA7FE0830A37FF
001#89DE8027AD9997FF
002#823C8007AD9997FF
003#7FCC7A17AD9997FF
004#94198037AD9997FF
005#7FD47FD0C40A37FF
006#7FE38010FD0A37FF
007#7FDC7FE0CC0A37FF
008#7FBA7FE0830A37FF
001#89E08037AD9997FF
002#823C7FE7AD9997FF
003#7FB177F7AD9997FF
004#94198007AD9997FF
005#7FD47FD0C40A37FF
006#7FE38010FD0A37FF
007#7FDE8010CC0A37FF
008#7FBA7FE0830A37FF
001#89E48027AD9997FF
002#823C7FE7AD9997FF
003#7F8574D7AD9997FF
004#941A8027AD9997FF
005#7FD37FB0C40A37FF
006#7FE37FE0FD0A37FF
007#7FDF8000CC0A37FF
008#7FBA7FD0830A37FF
001#89E78017AD9997FF
002#823C7FE7AD9997FF
003#7F5071A7AD9997FF
004#941A8007AD9997FF
005#7FC97EB0C40A37FF
006#7FE37FD0FD0A37FF
007#7FDF8010CC0A37FF
008#7FBA8000830A37FF
001#89EA8027AD9997FF
002#823C7FE7AD9997FF
003#7F0D6F27AD9997FF
004#941C80A7AD9997FF
005#7FB17DC0C40A37FF
006#7FE37FE0FD0A37FF
007#7FE48090CC0A37FF
008#7FBA7FE0830A37FF
001#89EA7FE7AD9997FF
002#823C7FE7AD9997FF
003#7EBF6CE7AD9997FF
004#941C8017AD9997FF
005#7F937DA0C40A37FF
006#7FE38010FD0A37FF
007#7FE88020CC0A37FF
008#7FBA8000830A37FF
001#89EA7FE7AD9997FF
002#823C7FE7AD9997FF
003#7E6D6A67AD9997FF
004#941C8027AD9997FF
005#7F737D50C40A37FF
006#7FE37FD0FD0A37FF
007#7FED80A0CC0A37FF
008#7FBA7FE0830A37FF
001#89EA7FD7AD9997FF
002#823C7FE7AD9997FF
003#7E0C68B7AD9997FF
004#94208087AD9997FF
005#7F557D50C40A37FF
006#7FE37FD0FD0A37FF
007#80008180CC0A37FF
008#7FBA7FE0830A37FF
001#89EA7FD7AD9997FF
002#823C8007AD9997FF
003#7DAA6777AD9997FF
004#941F7FD7AD9997FF
005#7F317D00C40A37FF
006#7FE37FD0FD0A37FF
007#801781E0CC0A37FF
008#7FBA7FE0830A37FF
001#89E87FB7AD9997FF
002#823C7FE7AD9997FF
003#7D4766F7AD9997FF
004#941F7FE7AD9997FF
005#7F117D00C40A37FF
006#7FE37FE0FD0A37FF
007#802C8190CC0A37FF
008#7FBA7FD0830A37FF
001#89E47FC7AD9997FF
002#823C7FE7AD9997FF
003#7CE066F7AD9997FF
004#941F7FE7AD9997FF
005#7EED7D40C40A37FF
006#7FE37FE0FD0A37FF
007#803880F0CC0A37FF
008#7FBA8000830A37FF
001#89E37FD7AD9997FF
002#823C7FE7AD9997FF
003#7C6F66F7AD9997FF
004#941F7FE7AD9997FF
005#7ECD7D90C40A37FF
006#7FE37FE0FD0A37FF
007#804580C0CC0A37FF
008#7FBA8000830A37FF
001#89E37FE7AD9997FF
002#823A7FD7AD9997FF
003#7C1266D7AD9997FF
004#941F7FC7AD9997FF
005#7EB77E10C40A37FF
006#7FE37FD0FD0A37FF
007#804E80B0CC0A37FF
008#7FBA8000830A37FF
001#89E27FD7AD9997FF
002#82377FB7AD9997FF
003#7BA36787AD9997FF
004#941F7FE7AD9997FF
005#7EA57EC0C40A37FF
006#7FE37FE0FD0A37FF
007#80557FE0CC0A37FF
008#7FBA7FE0830A37FF
001#89E17FD7AD9997FF
002#82307F57AD9997FF
003#7B456897AD9997FF
004#941F8007AD9997FF
005#7E9D7F20C40A37FF
006#7FE37FD0FD0A37FF
007#80558000CC0A37FF
008#7FBA7FE0830A37FF
001#89E07FB7AD9997FF
002#82207EE7AD9997FF
003#7AF069D7AD9997FF
004#941F7FE7AD9997FF
005#7E8E7E70C40A37FF
006#7FE47FE0FD0A37FF
007#80557FC0CC0A37FF
008#7FBA8000830A37FF
001#89DC7FC7AD9997FF
002#820E7ED7AD9997FF
003#7AA36BB7AD9997FF
004#941F7FE7AD9997FF
005#7E827EC0C40A37FF
006#7FE37FD0FD0A37FF
007#80557FE0CC0A37FF
008#7FBA8000830A37FF
001#89D77F87AD9997FF
002#81F27E37AD9997FF
003#7A506D27AD9997FF
004#941F7FD7AD9997FF
005#7E6D7E10C40A37FF
006#7FE68010FD0A37FF
007#80557FD0CC0A37FF
008#7FBA7FE0830A37FF
001#89D27F97AD9997FF
002#81D67E77AD9997FF
003#7A006DF7AD9997FF
004#941F7FE7AD9997FF
005#7E4E7D70C40A37FF
006#7FE67FE0FD0A37FF
007#80558000CC0A37FF
008#7FBA7FE0830A37FF
001#89CB7F97AD9997FF
002#81BA7E77AD9997FF
003#79BF6F77AD9997FF
004#941F7FE7AD9997FF
005#7E357DA0C40A37FF
006#7FE67FD0FD0A37FF
007#80557FD0CC0A37FF
008#7FBA7FE0830A37FF
001#89C07F57AD9997FF
002#81997E47AD9997FF
003#797870B7AD9997FF
004#941F7FE7AD9997FF
005#7E197E00C40A37FF
006#7FE67FD0FD0A37FF
007#80557FE0CC0A37FF
008#7FBA7FE0830A37FF
001#89B77F77AD9997FF
002#817C7E27AD9997FF
003#79437247AD9997FF
004#941F8007AD9997FF
005#7E067E30C40A37FF
006#7FE47FD0FD0A37FF
007#80558000CC0A37FF
008#7FBA8000830A37FF
001#89AC7F37AD9997FF
002#815E7E37AD9997FF
003#791273E7AD9997FF
004#941F7FE7AD9997FF
005#7DF87F00C40A37FF
006#7FE68000FD0A37FF
007#80557FC0CC0A37FF
008#7FBA7FD0830A37FF
001#89A27F37AD9997FF
002#813F7E37AD9997FF
003#78E875D7AD9997FF
004#941F7FE7AD9997FF
005#7DED7F20C40A37FF
006#7FE68000FD0A37FF
007#80557FE0CC0A37FF
008#7FBA7FE0830A37FF
001#89967F47AD9997FF
002#81207E37AD9997FF
003#78C47817AD9997FF
004#941F7FE7AD9997FF
005#7DE37F00C40A37FF
006#7FE67FE0FD0A37FF
007#80558000CC0A37FF
008#7FBA8000830A37FF
001#89887F67AD9997FF
002#81007E47AD9997FF
003#78AD7BB7AD9997FF
004#941F8027AD9997FF
005#7DD67EF0C40A37FF
006#7FE47FB0FD0A37FF
007#80557FE0CC0A37FF
008#7FBA7FD0830A37FF
001#897E7F77AD9997FF
002#80E27E37AD9997FF
003#78A77F77AD9997FF
004#94208047AD9997FF
005#7DD68000C40A37FF
006#7FE47FD0FD0A37FF
007#80557FB0CC0A37FF
008#7FBA7FE0830A37FF
001#897A7FC7AD9997FF
002#80C47E07AD9997FF
003#78AB80F7AD9997FF
004#94248107AD9997FF
005#7DD68000C40A37FF
006#7FE37FC0FD0A37FF
007#80537FD0CC0A37FF
008#7FBA8000830A37FF
001#89787FD7AD9997FF
002#80AB7E97AD9997FF
003#78B78497AD9997FF
004#942680B7AD9997FF
005#7DD68000C40A37FF
006#7FE27FA0FD0A37FF
007#80528000CC0A37FF
008#7FBA7FE0830A37FF
001#89797FE7AD9997FF
002#80927E87AD9997FF
003#78D888C7AD9997FF
004#942C81D7AD9997FF
005#7DD67FE0C40A37FF
006#7FD87F40FD0A37FF
007#80537FD0CC0A37FF
008#7FBA8000830A37FF
001#89797FE7AD9997FF
002#807C7EA7AD9997FF
003#79038B77AD9997FF
004#943782F7AD9997FF
005#7DD68000C40A37FF
006#7FD47F50FD0A37FF
007#80537FD0CC0A37FF
008#7FBA7FD0830A37FF
001#897A8007AD9997FF
002#80677EB7AD9997FF
003#793E8E87AD9997FF
004#94458367AD9997FF
005#7DD88010C40A37FF
006#7FD17FD0FD0A37FF
007#80537FE0CC0A37FF
008#7FBA7FE0830A37FF
001#897E8027AD9997FF
002#80507EE7AD9997FF
003#799192B7AD9997FF
004#94558317AD9997FF
005#7DDB8040C40A37FF
006#7FD07FD0FD0A37FF
007#80538000CC0A37FF
008#7FBA7FE0830A37FF
001#89808007AD9997FF
002#80427EE7AD9997FF
003#79D69537AD9997FF
004#946082E7AD9997FF
005#7DE580C0C40A37FF
006#7FD17FE0FD0A37FF
007#80538000CC0A37FF
008#7FBA7FE0830A37FF
001#89848037AD9997FF
002#80317F07AD9997FF
003#7A3998A7AD9997FF
004#946B8317AD9997FF
005#7DF08120C40A37FF
006#7FD18000FD0A37FF
007#80537FE0CC0A37FF
008#7FBA7FE0830A37FF
001#89858007AD9997FF
002#801F7EF7AD9997FF
003#7AA59B87AD9997FF
004#947781E7AD9997FF
005#7E078200C40A37FF
006#7FD18010FD0A37FF
007#80527FD0CC0A37FF
008#7FBA7FE0830A37FF
001#89858007AD9997FF
002#80117F17AD9997FF
003#7B1F9DA7AD9997FF
004#947A8067AD9997FF
005#7E2882B0C40A37FF
006#7FD27FD0FD0A37FF
007#80538000CC0A37FF
008#7FBA7FE0830A37FF
001#89867FE7AD9997FF
002#80057F57AD9997FF
003#7BA99FB7AD9997FF
004#947A7FD7AD9997FF
005#7E4E82F0C40A37FF
006#7FD28010FD0A37FF
007#80527FE0CC0A37FF
008#7FBA7FD0830A37FF
001#89867FE7AD9997FF
002#7FFE7F97AD9997FF
003#7C24A0D7AD9997FF
004#947A7FD7AD9997FF
005#7E748390C40A37FF
006#7FD28000FD0A37FF
007#80528000CC0A37FF
008#7FBA7FE0830A37FF
001#89857FD7AD9997FF
002#7FF67F97AD9997FF
003#7CADA187AD9997FF
004#947A7FB7AD9997FF
005#7EA88430C40A37FF
006#7FD27FE0FD0A37FF
007#80527FE0CC0A37FF
008#7FBA7FE0830A37FF
001#89837FB7AD9997FF
002#7FF37FB7AD9997FF
003#7D47A287AD9997FF
004#94757E57AD9997FF
005#7EDF83D0C40A37FF
006#7FD17FE0FD0A37FF
007#80527FE0CC0A37FF
008#7FBA7FE0830A37FF
001#897E7FC7AD9997FF
002#7FEF7FC7AD9997FF
003#7DCCA337AD9997FF
004#946C7DD7AD9997FF
005#7F088370C40A37FF
006#7FD18000FD0A37FF
007#80527FD0CC0A37FF
008#7FBA7FE0830A37FF
001#897E7FE7AD9997FF
002#7FEF7FE7AD9997FF
003#7E5BA317AD9997FF
004#94647D87AD9997FF
005#7F3383A0C40A37FF
006#7FD17FE0FD0A37FF
007#80527FE0CC0A37FF
008#7FBA7FD0830A37FF
001#897D7FD7AD9997FF
002#7FEF7FE7AD9997FF
003#7EDAA2B7AD9997FF
004#94577C47AD9997FF
005#7F598320C40A37FF
006#7FD17FE0FD0A37FF
007#80527FD0CC0A37FF
008#7FBA7FD0830A37FF
001#897C7FE7AD9997FF
002#7FF17FE7AD9997FF
003#7F85A267AD9997FF
004#94407B17AD9997FF
005#7F8282C0C40A37FF
006#7FD17FE0FD0A37FF
007#80528000CC0A37FF
008#7FBA7FD0830A37FF
001#897C7FE7AD9997FF
002#7FF17FE7AD9997FF
003#8002A247AD9997FF
004#942D7A97AD9997FF
005#7F9C8270C40A37FF
006#7FD17FE0FD0A37FF
007#80528000CC0A37FF
008#7FBA7FD0830A37FF
001#897D8007AD9997FF
002#7FF17FE7AD9997FF
003#8092A227AD9997FF
004#941579D7AD9997FF
005#7FBE8290C40A37FF
006#7FD27FD0FD0A37FF
007#80527FE0CC0A37FF
008#7FBA7FD0830A37FF
001#897D7FE7AD9997FF
002#7FF17FE7AD9997FF
003#811BA157AD9997FF
004#93FB7937AD9997FF
005#7FD781A0C40A37FF
006#7FD28000FD0A37FF
007#80528000CC0A37FF
008#7FBA7FD0830A37FF
001#897C7FE7AD9997FF
002#7FF18007AD9997FF
003#81AD9F67AD9997FF
004#93D97877AD9997FF
005#7FE78100C40A37FF
006#7FD37FE0FD0A37FF
007#80538000CC0A37FF
008#7FBA7FD0830A37FF
001#897C7FE7AD9997FF
002#7FF17FE7AD9997FF
003#82199DB7AD9997FF
004#93BD77C7AD9997FF
005#7FF58120C40A37FF
006#7FD38000FD0A37FF
007#80537FE0CC0A37FF
008#7FBA7FE0830A37FF
001#897D8007AD9997FF
002#7FF17FE7AD9997FF
003#82A49BC7AD9997FF
004#93957777AD9997FF
005#800B81D0C40A37FF
006#7FD38000FD0A37FF
007#80537FE0CC0A37FF
008#7FBA8000830A37FF
001#897D7FE7AD9997FF
002#7FF17FE7AD9997FF
003#82FB9A17AD9997FF
004#93787757AD9997FF
005#80238280C40A37FF
006#7FD37FE0FD0A37FF
007#80537FD0CC0A37FF
008#7FBA7FD0830A37FF
001#897C7FE7AD9997FF
002#7FF17FE7AD9997FF
003#83619867AD9997FF
004#93557727AD9997FF
005#804181F0C40A37FF
006#7FD37FD0FD0A37FF
007#80537FE0CC0A37FF
008#7FBA7FE0830A37FF
001#897C7FE7AD9997FF
002#7FF17FE7AD9997FF
003#83BE9677AD9997FF
004#93327737AD9997FF
005#80528180C40A37FF
006#7FD37FD0FD0A37FF
007#80537FE0CC0A37FF
008#7FBA7FE0830A37FF
001#897C7FD7AD9997FF
002#7FF17FD7AD9997FF
003#840B9407AD9997FF
004#93117737AD9997FF
005#80608120C40A37FF
006#7FD37FE0FD0A37FF
007#80537FE0CC0A37FF
008#7FBA7FE0830A37FF
001#897C7FE7AD9997FF
002#7FF17FE7AD9997FF
003#84629037AD9997FF
004#92E57717AD9997FF
005#80637FB0C40A37FF
006#7FD27FD0FD0A37FF
007#80538000CC0A37FF
008#7FBA7FE0830A37FF
001#897C7FE7AD9997FF
002#7FF17FE7AD9997FF
003#84958D87AD9997FF
004#92C87787AD9997FF
005#80627FD0C40A37FF
006#7FD17FC0FD0A37FF
007#80537FE0CC0A37FF
008#7FBA7FE0830A37FF
001#897C7FE7AD9997FF
002#7FF18007AD9997FF
003#84C789E7AD9997FF
004#92A578C7AD9997FF
005#80627FE0C40A37FF
006#7FD28000FD0A37FF
007#80538000CC0A37FF
008#7FBA7FE0830A37FF
001#897D7FE7AD9997FF
002#7FF17FE7AD9997FF
003#84E08637AD9997FF
004#928E79B7AD9997FF
005#80627FE0C40A37FF
006#7FD28000FD0A37FF
007#80537FE0CC0A37FF
008#7FBA7FE0830A37FF
001#897D8007AD9997FF
002#7FF17FE7AD9997FF
003#84EC81C7AD9997FF
004#927A7B67AD9997FF
005#80627FE0C40A37FF
006#7FD37FE0FD0A37FF
007#80537FE0CC0A37FF
008#7FBA8000830A37FF
001#897E8007AD9997FF
002#7FF18007AD9997FF
003#84E77E37AD9997FF
004#926C7DA7AD9997FF
005#80627FE0C40A37FF
006#7FD37FE0FD0A37FF
007#80558000CC0A37FF
008#7FBA7FE0830A37FF
001#89808007AD9997FF
002#7FF17FE7AD9997FF
003#84D77B07AD9997FF
004#926A8007AD9997FF
005#80628000C40A37FF
006#7FE08170FD0A37FF
007#80558000CC0A37FF
008#7FBA8010830A37FF
001#89818007AD9997FF
002#7FF17FE7AD9997FF
003#84B77727AD9997FF
004#926E8147AD9997FF
005#80628000C40A37FF
006#7FFD8240FD0A37FF
007#80578020CC0A37FF
008#7FBA7FD0830A37FF
001#89848037AD9997FF
002#7FF18007AD9997FF
003#848D7387AD9997FF
004#92778247AD9997FF
005#80627FD0C40A37FF
006#801381E0FD0A37FF
007#80608110CC0A37FF
008#7FBA7FD0830A37FF
001#89868007AD9997FF
002#7FF17FE7AD9997FF
003#84517027AD9997FF
004#928282F7AD9997FF
005#80627FD0C40A37FF
006#80248170FD0A37FF
007#80738160CC0A37FF
008#7FBA7FE0830A37FF
001#898A8037AD9997FF
002#7FF38007AD9997FF
003#84046CD7AD9997FF
004#929384B7AD9997FF
005#80627FC0C40A37FF
006#80338110FD0A37FF
007#80878180CC0A37FF
008#7FB97FC0830A37FF
001#898E8007AD9997FF
002#7FF78067AD9997FF
003#83B169E7AD9997FF
004#92AA85F7AD9997FF
005#80607FC0C40A37FF
006#804681C0FD0A37FF
007#808E8050CC0A37FF
008#7FBA7FE0830A37FF
001#898E8007AD9997FF
002#80008087AD9997FF
003#834266C7AD9997FF
004#92CA8747AD9997FF
005#80607FE0C40A37FF
006#805280F0FD0A37FF
007#80908020CC0A37FF
008#7FBA7FD0830A37FF
001#898E7FD7AD9997FF
002#800F80D7AD9997FF
003#82D263B7AD9997FF
004#92EC88B7AD9997FF
005#80607FE0C40A37FF
006#80527FC0FD0A37FF
007#80928010CC0A37FF
008#7FBA8000830A37FF
001#898E7FE7AD9997FF
002#801E80C7AD9997FF
003#82536057AD9997FF
004#931088D7AD9997FF
005#80607FD0C40A37FF
006#80527FE0FD0A37FF
007#80928010CC0A37FF
008#7FBA7FE0830A37FF
001#898E7FE7AD9997FF
002#802A80C7AD9997FF
003#81D85E67AD9997FF
004#93318877AD9997FF
005#805C7F70C40A37FF
006#80527FE0FD0A37FF
007#80958010CC0A37FF
008#7FBA7FE0830A37FF
001#898E7FD7AD9997FF
002#803680C7AD9997FF
003#81595CF7AD9997FF
004#934F8867AD9997FF
005#804B7DB0C40A37FF
006#80528000FD0A37FF
007#80998020CC0A37FF
008#7FBA7FD0830A37FF
001#898E7FE7AD9997FF
002#804880C7AD9997FF
003#80B65B37AD9997FF
004#937387E7AD9997FF
005#801F7C90C40A37FF
006#80527FE0FD0A37FF
007#80997FE0CC0A37FF
008#7FBA7FE0830A37FF
001#898E7FE7AD9997FF
002#80528077AD9997FF
003#801B5A97AD9997FF
004#93938727AD9997FF
005#7FF67CE0C40A37FF
006#80527FE0FD0A37FF
007#80997FE0CC0A37FF
008#7FBA8000830A37FF
001#898E7FD7AD9997FF
002#805C8077AD9997FF
003#7F725A87AD9997FF
004#93AF8627AD9997FF
005#7FCD7D20C40A37FF
006#80528000FD0A37FF
007#80997FE0CC0A37FF
008#7FBA7FE0830A37FF
001#898D7FD7AD9997FF
002#80628057AD9997FF
003#7EDC5A67AD9997FF
004#93C68567AD9997FF
005#7FAE7D70C40A37FF
006#80527FE0FD0A37FF
007#80998000CC0A37FF
008#7FBA8000830A37FF
001#898D7FE7AD9997FF
002#80678027AD9997FF
003#7E655B37AD9997FF
004#93D58427AD9997FF
005#7F9B7DC0C40A37FF
006#80527FC0FD0A37FF
007#80998010CC0A37FF
008#7FBA8000830A37FF
001#898B7FC7AD9997FF
002#80677FE7AD9997FF
003#7DB75D67AD9997FF
004#93E28227AD9997FF
005#7F707CC0C40A37FF
006#80528000FD0A37FF
007#80997FE0CC0A37FF
008#7FBA7FE0830A37FF
001#89857FA7AD9997FF
002#80657FE7AD9997FF
003#7D2E5F17AD9997FF
004#93E68097AD9997FF
005#7F3F7B90C40A37FF
006#80538020FD0A37FF
007#80997FE0CC0A37FF
008#7FBA7FE0830A37FF
001#89847FC7AD9997FF
002#80657FE7AD9997FF
003#7CAF6137AD9997FF
004#93E88037AD9997FF
005#7F0E7C20C40A37FF
006#80537FE0FD0A37FF
007#80997FE0CC0A37FF
008#7FBA7FD0830A37FF
001#89807F97AD9997FF
002#80658007AD9997FF
003#7C436317AD9997FF
004#93E77FB7AD9997FF
005#7EEB7D00C40A37FF
006#80537FC0FD0A37FF
007#80998000CC0A37FF
008#7FBA7FD0830A37FF
001#897C7FB7AD9997FF
002#80657FD7AD9997FF
003#7BE06587AD9997FF
004#93E77FE7AD9997FF
005#7ECE7D70C40A37FF
006#80527FE0FD0A37FF
007#80997FE0CC0A37FF
008#7FBA8000830A37FF
001#89747F77AD9997FF
002#80657FE7AD9997FF
003#7B7D6827AD9997FF
004#93E77FC7AD9997FF
005#7EB47DE0C40A37FF
006#80538010FD0A37FF
007#80997FC0CC0A37FF
008#7FBA7FE0830A37FF
001#89697F67AD9997FF
002#80657FE7AD9997FF
003#7B106AB7AD9997FF
004#93E77FE7AD9997FF
005#7E9D7EA0C40A37FF
006#80537FD0FD0A37FF
007#80998000CC0A37FF
008#7FBA7FD0830A37FF
001#89617F67AD9997FF
002#80657FE7AD9997FF
003#7AC26D47AD9997FF
004#93E78007AD9997FF
005#7E877E20C40A37FF
006#80527FB0FD0A37FF
007#80997FE0CC0A37FF
008#7FBA7FE0830A37FF
001#89577F47AD9997FF
002#80657FE7AD9997FF
003#7A836FE7AD9997FF
004#93E77FD7AD9997FF
005#7E757E50C40A37FF
006#80528000FD0A37FF
007#80997FD0CC0A37FF
008#7FBA7FE0830A37FF
001#89517F87AD9997FF
002#80657FE7AD9997FF
003#7A4A7287AD9997FF
004#93E77FD7AD9997FF
005#7E5E7E00C40A37FF
006#80527FE0FD0A37FF
007#80977FD0CC0A37FF
008#7FBA7FE0830A37FF
001#89477F67AD9997FF
002#80657FE7AD9997FF
003#7A1B74B7AD9997FF
004#93E77FE7AD9997FF
005#7E4C7E90C40A37FF
006#80527FE0FD0A37FF
007#80977FC0CC0A37FF
008#7FBA7FE0830A37FF
001#893D7F67AD9997FF
002#80657FE7AD9997FF
003#79F57797AD9997FF
004#93E77FE7AD9997FF
005#7E4A8020C40A37FF
006#80527FA0FD0A37FF
007#80997FD0CC0A37FF
008#7FBA8000830A37FF
001#89357F77AD9997FF
002#80657FE7AD9997FF
003#79DE7AE7AD9997FF
004#93E88017AD9997FF
005#7E4A7FE0C40A37FF
006#80507FC0FD0A37FF
007#80998000CC0A37FF
008#7FBA7FE0830A37FF
001#892E7F77AD9997FF
002#80658007AD9997FF
003#79D47EC7AD9997FF
004#93E87FD7AD9997FF
005#7E4A8000C40A37FF
006#80447EE0FD0A37FF
007#80997FE0CC0A37FF
008#7FBA7FE0830A37FF
001#89297F97AD9997FF
002#80637FE7AD9997FF
003#79D68057AD9997FF
004#93E77FD7AD9997FF
005#7E4C7FE0C40A37FF
006#803B7E80FD0A37FF
007#80997FE0CC0A37FF
008#7FBA8000830A37FF
001#89287FE7AD9997FF
002#80657FE7AD9997FF
003#79DF8307AD9997FF
004#93E77FE7AD9997FF
005#7E4C8010C40A37FF
006#80167C50FD0A37FF
007#80998000CC0A37FF
008#7FBA8000830A37FF
001#89287FE7AD9997FF
002#80657FE7AD9997FF
003#79F68627AD9997FF
004#93E77FE7AD9997FF
005#7E4C8000C40A37FF
006#7FDC7BC0FD0A37FF
007#80997FE0CC0A37FF
008#7FBA7FD0830A37FF
001#89288007AD9997FF
002#80658007AD9997FF
003#7A1B8967AD9997FF
004#93E88007AD9997FF
005#7E4E8000C40A37FF
006#7FB17CB0FD0A37FF
007#80998000CC0A37FF
008#7FBA8000830A37FF
001#89298007AD9997FF
002#80637FD7AD9997FF
003#7A478C77AD9997FF
004#93E87FE7AD9997FF
005#7E4F8030C40A37FF
006#7F9B7E40FD0A37FF
007#80997FE0CC0A37FF
008#7FBA7FE0830A37FF
001#892C8017AD9997FF
002#80657FE7AD9997FF
003#7A8B8FC7AD9997FF
004#93E87FE7AD9997FF
005#7E5B80E0C40A37FF
006#7F8C7EE0FD0A37FF
007#80997FE0CC0A37FF
008#7FBA7FD0830A37FF
001#892F8027AD9997FF
002#80658007AD9997FF
003#7ACA91A7AD9997FF
004#93E87FE7AD9997FF
005#7E6F81F0C40A37FF
006#7F857F30FD0A37FF
007#80997FD0CC0A37FF
008#7FBA7FE0830A37FF
001#892F7FE7AD9997FF
002#80657FE7AD9997FF
003#7B1C9417AD9997FF
004#93E87FE7AD9997FF
005#7E8E8270C40A37FF
006#7F807FC0FD0A37FF
007#80977FE0CC0A37FF
008#7FBA7FE0830A37FF
001#892F7FE7AD9997FF
002#80657FD7AD9997FF
003#7B7F96D7AD9997FF
004#93E87FE7AD9997FF
005#7EAA8200C40A37FF
006#7F807FE0FD0A37FF
007#80977FE0CC0A37FF
008#7FBA7FE0830A37FF
001#892E7FE7AD9997FF
002#80657FE7AD9997FF
003#7BE29907AD9997FF
004#93E87FE7AD9997FF
005#7EC48220C40A37FF
006#7F807FE0FD0A37FF
007#80977FD0CC0A37FF
008#7FBA7FE0830A37FF
001#892E7FE7AD9997FF
002#80657FD7AD9997FF
003#7C4B9A17AD9997FF
004#93E77FD7AD9997FF
005#7EDB8200C40A37FF
006#7F807FE0FD0A37FF
007#80977FE0CC0A37FF
008#7FBA7FE0830A37FF
001#892E7FE7AD9997FF
002#80657FE7AD9997FF
003#7CAE9AE7AD9997FF
004#93E77FD7AD9997FF
005#7EF28230C40A37FF
006#7F807FE0FD0A37FF
007#80977FE0CC0A37FF
008#7FB97FD0830A37FF
001#892E7FE7AD9997FF
002#80658007AD9997FF
003#7D249C77AD9997FF
004#93E77FD7AD9997FF
005#7F1682B0C40A37FF
006#7F807FD0FD0A37FF
007#80957FB0CC0A37FF
008#7FBA7FE0830A37FF
001#892E7FE7AD9997FF
002#80657FE7AD9997FF
003#7D9D9DA7AD9997FF
004#93E77FE7AD9997FF
005#7F368290C40A37FF
006#7F807FE0FD0A37FF
007#80927F60CC0A37FF
008#7FBA8000830A37FF
001#892E7FE7AD9997FF
002#80657FE7AD9997FF
003#7E2D9E07AD9997FF
004#93E78007AD9997FF
005#7F5A8230C40A37FF
006#7F807FE0FD0A37FF
007#80827EB0CC0A37FF
008#7FBA8000830A37FF
001#892E7FE7AD9997FF
002#80657FE7AD9997FF
003#7E9E9E07AD9997FF
004#93E67F97AD9997FF
005#7F738250C40A37FF
006#7F807FE0FD0A37FF
007#80777F10CC0A37FF
008#7FBA7FE0830A37FF
001#892E7FD7AD9997FF
002#80657FE7AD9997FF
003#7F0D9E07AD9997FF
004#93E27ED7AD9997FF
005#7F8E8240C40A37FF
006#7F807FD0FD0A37FF
007#80737F70CC0A37FF
008#7FBA7FD0830A37FF
001#892C7FD7AD9997FF
002#80657FE7AD9997FF
003#7F8B9DE7AD9997FF
004#93DD7EE7AD9997FF
005#7FA98230C40A37FF
006#7F807FE0FD0A37FF
007#80707FE0CC0A37FF
008#7FBA7FD0830A37FF
001#89297FB7AD9997FF
002#80657FE7AD9997FF
003#800D9D77AD9997FF
004#93D67DD7AD9997FF
005#7FC88260C40A37FF
006#7F807FE0FD0A37FF
007#80708000CC0A37FF
008#7FBA7FE0830A37FF
001#89287FE7AD9997FF
002#80657FE7AD9997FF
003#80839CA7AD9997FF
004#93CE7E07AD9997FF
005#7FE48260C40A37FF
006#7F827FE0FD0A37FF
007#80707FE0CC0A37FF
008#7FBA7FE0830A37FF
001#89267FC7AD9997FF
002#80658007AD9997FF
003#80F69BF7AD9997FF
004#93C57D77AD9997FF
005#80018210C40A37FF
006#7F807FE0FD0A37FF
007#80707FD0CC0A37FF
008#7FBA7FE0830A37FF
001#89227FA7AD9997FF
002#80657FE7AD9997FF
003#815E9B97AD9997FF
004#93BA7C87AD9997FF
005#80168180C40A37FF
006#7F807FE0FD0A37FF
007#80707FE0CC0A37FF
008#7FBA7FD0830A37FF
001#891E7FD7AD9997FF
002#80658007AD9997FF
003#81CC9B07AD9997FF
004#93AD7CF7AD9997FF
005#802380D0C40A37FF
006#7F828000FD0A37FF
007#80708000CC0A37FF
008#7FBA7FE0830A37FF
001#89177F77AD9997FF
002#80657FE7AD9997FF
003#82429947AD9997FF
004#939E7C97AD9997FF
005#802C8070C40A37FF
006#7F827FD0FD0A37FF
007#80708000CC0A37FF
008#7FBA8000830A37FF
001#89117F47AD9997FF
002#80657FE7AD9997FF
003#829D9827AD9997FF
004#93937CC7AD9997FF
005#803480B0C40A37FF
006#7F827FE0FD0A37FF
007#80708000CC0A37FF
008#7FBA8010830A37FF
001#89097F67AD9997FF
002#80658007AD9997FF
003#82FA96A7AD9997FF
004#93877D47AD9997FF
005#80357FD0C40A37FF
006#7F828000FD0A37FF
007#80708000CC0A37FF
008#7FBA7FD0830A37FF
001#88FD7F57AD9997FF
002#80657FE7AD9997FF
003#835194E7AD9997FF
004#937E7D37AD9997FF
005#803A8090C40A37FF
006#7F827FD0FD0A37FF
007#80708000CC0A37FF
008#7FBA7FE0830A37FF
001#88F17F17AD9997FF
002#80657FE7AD9997FF
003#839E9277AD9997FF
004#93727D27AD9997FF
005#80488160C40A37FF
006#7F838000FD0A37FF
007#80707FE0CC0A37FF
008#7FBA7FD0830A37FF
001#88E47F07AD9997FF
002#80657FE7AD9997FF
003#83E58FD7AD9997FF
004#93647CB7AD9997FF
005#805E81F0C40A37FF
006#7F828010FD0A37FF
007#80707FE0CC0A37FF
008#7FBA7FD0830A37FF
001#88D87F57AD9997FF
002#80657FE7AD9997FF
003#841D8CC7AD9997FF
004#93597D17AD9997FF
005#80728150C40A37FF
006#7F828000FD0A37FF
007#80708000CC0A37FF
008#7FBA8000830A37FF
001#88CD7F87AD9997FF
002#80657FE7AD9997FF
003#844C88D7AD9997FF
004#934A7CC7AD9997FF
005#80797FB0C40A37FF
006#7F828000FD0A37FF
007#80708010CC0A37FF
008#7FBA7FE0830A37FF
001#88C17F27AD9997FF
002#80658007AD9997FF
003#846585A7AD9997FF
004#933F7C97AD9997FF
005#80777FE0C40A37FF
006#7F827FC0FD0A37FF
007#80708000CC0A37FF
008#7FBA7FE0830A37FF
001#88B77F67AD9997FF
002#80657FE7AD9997FF
003#846F8187AD9997FF
004#93337D67AD9997FF
005#80797FE0C40A37FF
006#7F858050FD0A37FF
007#80707FD0CC0A37FF
008#7FBA7FD0830A37FF
001#88B37F87AD9997FF
002#80657FE7AD9997FF
003#846C7F67AD9997FF
004#932C7E07AD9997FF
005#80777FE0C40A37FF
006#7F8B80A0FD0A37FF
007#80707FE0CC0A37FF
008#7FBA7FE0830A37FF
001#88AF7FB7AD9997FF
002#80657FD7AD9997FF
003#84627CA7AD9997FF
004#93297FA7AD9997FF
005#80798010C40A37FF
006#7F9380E0FD0A37FF
007#80707FD0CC0A37FF
008#7FBA7FE0830A37FF
001#88AE7FD7AD9997FF
002#80658007AD9997FF
003#844D79A7AD9997FF
004#93297FE7AD9997FF
005#80797FE0C40A37FF
006#7FA28170FD0A37FF
007#80728000CC0A37FF
008#7FBA7FE0830A37FF
001#88AF8017AD9997FF
002#80658007AD9997FF
003#84287647AD9997FF
004#932A8037AD9997FF
005#80777FB0C40A37FF
006#7FBE8240FD0A37FF
007#80728020CC0A37FF
008#7FBA8000830A37FF
001#88B48067AD9997FF
002#80678017AD9997FF
003#83FD73E7AD9997FF
004#932B8037AD9997FF
005#80798000C40A37FF
006#7FD28190FD0A37FF
007#807980A0CC0A37FF
008#7FBA8000830A37FF
001#88B98047AD9997FF
002#80678007AD9997FF
003#83CC71B7AD9997FF
004#932E80C7AD9997FF
005#80777FD0C40A37FF
006#7FDF8130FD0A37FF
007#80878110CC0A37FF
008#7FBA7FD0830A37FF
001#88C480B7AD9997FF
002#806E8047AD9997FF
003#83806EC7AD9997FF
004#933481E7AD9997FF
005#80777FD0C40A37FF
006#7FEB80D0FD0A37FF
007#809580E0CC0A37FF
008#7FBA7FE0830A37FF
001#88D480D7AD9997FF
002#80758047AD9997FF
003#83286B77AD9997FF
004#93408287AD9997FF
005#80757FE0C40A37FF
006#7FFE8150FD0A37FF
007#80997FD0CC0A37FF
008#7FBA7FE0830A37FF
001#88DD8087AD9997FF
002#807C8097AD9997FF
003#82D569A7AD9997FF
004#934B8337AD9997FF
005#80757FE0C40A37FF
006#80068030FD0A37FF
007#80997FE0CC0A37FF
008#7FBA7FE0830A37FF
001#88ED80A7AD9997FF
002#808980C7AD9997FF
003#82636707AD9997FF
004#935F8497AD9997FF
005#80757FD0C40A37FF
006#80027FD0FD0A37FF
007#80997FD0CC0A37FF
008#7FBA8000830A37FF
001#88FE80F7AD9997FF
002#809780C7AD9997FF
003#81FF64D7AD9997FF
004#93728527AD9997FF
005#80737FB0C40A37FF
006#80038000FD0A37FF
007#80997FC0CC0A37FF
008#7FBA7FE0830A37FF
001#891080D7AD9997FF
002#80A48087AD9997FF
003#818962C7AD9997FF
004#93858487AD9997FF
005#80677E80C40A37FF
006#80027FD0FD0A37FF
007#80997FE0CC0A37FF
008#7FB97FD0830A37FF
001#891F80E7AD9997FF
002#80B180B7AD9997FF
003#811E6257AD9997FF
004#93998567AD9997FF
005#80537E00C40A37FF
006#80027FD0FD0A37FF
007#80997FD0CC0A37FF
008#7FBA7FE0830A37FF
001#893280C7AD9997FF
002#80C480D7AD9997FF
003#80956167AD9997FF
004#93B28557AD9997FF
005#80367D80C40A37FF
006#80028010FD0A37FF
007#80997FD0CC0A37FF
008#7FBA7FE0830A37FF
001#894180B7AD9997FF
002#80CD8047AD9997FF
003#801460C7AD9997FF
004#93C48457AD9997FF
005#801A7D80C40A37FF
006#80028000FD0A37FF
007#80998000CC0A37FF
008#7FBA7FE0830A37FF
001#89538107AD9997FF
002#80D28057AD9997FF
003#7F9760F7AD9997FF
004#93D68487AD9997FF
005#7FFF7DC0C40A37FF
006#80027FE0FD0A37FF
007#80997FD0CC0A37FF
008#7FBA7FE0830A37FF
001#896180A7AD9997FF
002#80D58017AD9997FF
003#7F176157AD9997FF
004#93E78357AD9997FF
005#7FE77DE0C40A37FF
006#80017FD0FD0A37FF
007#80997FE0CC0A37FF
008#7FBA7FE0830A37FF
001#896B8057AD9997FF
002#80D57FE7AD9997FF
003#7E9E6267AD9997FF
004#93F28307AD9997FF
005#7FD37E30C40A37FF
006#80017FE0FD0A37FF
007#80997FC0CC0A37FF
008#7FBA8000830A37FF
001#89728037AD9997FF
002#80D57FE7AD9997FF
003#7E1E62E7AD9997FF
004#93FE8257AD9997FF
005#7FB87DC0C40A37FF
006#80028040FD0A37FF
007#80998000CC0A37FF
008#7FBA7FE0830A37FF
001#89728017AD9997FF
002#80D57FE7AD9997FF
003#7DBA62F7AD9997FF
004#94028137AD9997FF
005#7FA07DB0C40A37FF
006#80038000FD0A37FF
007#80998010CC0A37FF
008#7FBA7FE0830A37FF
001#89727FE7AD9997FF
002#80D57FE7AD9997FF
003#7D3B6397AD9997FF
004#94078147AD9997FF
005#7F827DB0C40A37FF
006#80038000FD0A37FF
007#80997FE0CC0A37FF
008#7FBA8000830A37FF
001#89717FC7AD9997FF
002#80D57FE7AD9997FF
003#7CD664A7AD9997FF
004#940B8027AD9997FF
005#7F6E7E20C40A37FF
006#80027FD0FD0A37FF
007#80997FE0CC0A37FF
008#7FBA7FE0830A37FF
001#89707FC7AD9997FF
002#80D57FE7AD9997FF
003#7C5B6617AD9997FF
004#940B7FD7AD9997FF
005#7F527DD0C40A37FF
006#80027FE0FD0A37FF
007#80997FE0CC0A37FF
008#7FBA7FE0830A37FF
001#896D7FB7AD9997FF
002#80D37FE7AD9997FF
003#7C0366C7AD9997FF
004#940A7FB7AD9997FF
005#7F3E7DE0C40A37FF
006#80028000FD0A37FF
007#80997FD0CC0A37FF
008#7FBA8010830A37FF
001#89657FA7AD9997FF
002#80D37FE7AD9997FF
003#7B9E6827AD9997FF
004#940A8007AD9997FF
005#7F297EA0C40A37FF
006#80027FE0FD0A37FF
007#80997FE0CC0A37FF
008#7FBA7FE0830A37FF
001#89617F87AD9997FF
002#80D28007AD9997FF
003#7B456A17AD9997FF
004#940A7FE7AD9997FF
005#7F177E40C40A37FF
006#80027FE0FD0A37FF
007#80997FD0CC0A37FF
008#7FBA7FE0830A37FF
001#89587F47AD9997FF
002#80D27FE7AD9997FF
003#7AE66B37AD9997FF
004#940A7FE7AD9997FF
005#7EFF7E00C40A37FF
006#80027FD0FD0A37FF
007#80997FC0CC0A37FF
008#7FBA7FD0830A37FF
001#89527F87AD9997FF
002#80D28007AD9997FF
003#7A9C6C87AD9997FF
004#940A7FE7AD9997FF
005#7EED7E70C40A37FF
006#80007FD0FD0A37FF
007#80997FD0CC0A37FF
008#7FBA8000830A37FF
001#89507FA7AD9997FF
002#80D27FE7AD9997FF
003#7A516DD7AD9997FF
004#940A7FD7AD9997FF
005#7EE07EC0C40A37FF
006#80017FE0FD0A37FF
007#80997FD0CC0A37FF
008#7FBA7FE0830A37FF
001#89477F97AD9997FF
002#80D27FD7AD9997FF
003#7A0B6F47AD9997FF
004#940A7FE7AD9997FF
005#7ED27EA0C40A37FF
006#80017FC0FD0A37FF
007#80978000CC0A37FF
008#7FBA8000830A37FF
001#89417FA7AD9997FF
002#80D27FD7AD9997FF
003#79D07207AD9997FF
004#940A8007AD9997FF
005#7EC57EE0C40A37FF
006#80017FE0FD0A37FF
007#80998000CC0A37FF
008#7FBA8000830A37FF
001#893A7F67AD9997FF
002#80D27FE7AD9997FF
003#79A373D7AD9997FF
004#940A8007AD9997FF
005#7EBE7F60C40A37FF
006#80018000FD0A37FF
007#80997FE0CC0A37FF
008#7FBA8000830A37FF
001#89347FB7AD9997FF
002#80D17FE7AD9997FF
003#797676D7AD9997FF
004#940A7FE7AD9997FF
005#7EB77F70C40A37FF
006#7FFF7FA0FD0A37FF
007#80997FC0CC0A37FF
008#7FBA7FE0830A37FF
001#89327FB7AD9997FF
002#80D18007AD9997FF
003#795379D7AD9997FF
004#940A7FE7AD9997FF
005#7EB77FE0C40A37FF
006#7FF87F30FD0A37FF
007#80997FD0CC0A37FF
008#7FBA7FE0830A37FF
001#892F7FC7AD9997FF
002#80D17FE7AD9997FF
003#79457C27AD9997FF
004#940A7FE7AD9997FF
005#7EB77FE0C40A37FF
006#7FF77FC0FD0A37FF
007#80998000CC0A37FF
008#7FB97FD0830A37FF
001#892F7FE7AD9997FF
002#80D07FD7AD9997FF
003#79408007AD9997FF
004#940B8037AD9997FF
005#7EB77FE0C40A37FF
006#7FF57FA0FD0A37FF
007#80997FE0CC0A37FF
008#7FBA7FD0830A37FF
001#89308007AD9997FF
002#80CE7FD7AD9997FF
003#79418037AD9997FF
004#940E80C7AD9997FF
005#7EB77FE0C40A37FF
006#7FF37FA0FD0A37FF
007#80997FE0CC0A37FF
008#7FBA7FE0830A37FF
001#89328007AD9997FF
002#80CC7FC7AD9997FF
003#794982D7AD9997FF
004#941180F7AD9997FF
005#7EB77FE0C40A37FF
006#7FDB7D40FD0A37FF
007#80998000CC0A37FF
008#7FBA8000830A37FF
001#89328007AD9997FF
002#80C87FB7AD9997FF
003#795F8587AD9997FF
004#941781C7AD9997FF
005#7EB78000C40A37FF
006#7FAB7C90FD0A37FF
007#80997FE0CC0A37FF
008#7FBA8000830A37FF
001#89358027AD9997FF
002#80C47FB7AD9997FF
003#797B8757AD9997FF
004#942081F7AD9997FF
005#7EB78000C40A37FF
006#7F877D20FD0A37FF
007#80977FD0CC0A37FF
008#7FBA7FE0830A37FF
001#89388017AD9997FF
002#80C37FE7AD9997FF
003#79A289D7AD9997FF
004#942781D7AD9997FF
005#7EB78000C40A37FF
006#7F6C7DE0FD0A37FF
007#80977FE0CC0A37FF
008#7FBA7FE0830A37FF
001#89398007AD9997FF
002#80C48007AD9997FF
003#79D38CE7AD9997FF
004#94308237AD9997FF
005#7EB77FE0C40A37FF
006#7F6C8050FD0A37FF
007#80977FD0CC0A37FF
008#7FBA8000830A37FF
001#893A7FE7AD9997FF
002#80C47FE7AD9997FF
003#7A139047AD9997FF
004#943B8267AD9997FF
005#7EB98000C40A37FF
006#7F6E7FE0FD0A37FF
007#80977FE0CC0A37FF
008#7FBA8000830A37FF
001#89397FD7AD9997FF
002#80C37FD7AD9997FF
003#7A5B9237AD9997FF
004#94408157AD9997FF
005#7EB98010C40A37FF
006#7F6E7FE0FD0A37FF
007#80977FE0CC0A37FF
008#7FBA7FE0830A37FF
001#89387FE7AD9997FF
002#80C37FD7AD9997FF
003#7AB59467AD9997FF
004#94488167AD9997FF
005#7EBA8000C40A37FF
006#7F6C7FD0FD0A37FF
007#80977FE0CC0A37FF
008#7FBA7FD0830A37FF
001#89387FE7AD9997FF
002#80C47FD7AD9997FF
003#7B069657AD9997FF
004#944A8047AD9997FF
005#7EBC8030C40A37FF
006#7F6E8000FD0A37FF
007#80977FE0CC0A37FF
008#7FBA7FD0830A37FF
001#89388007AD9997FF
002#80C47FE7AD9997FF
003#7B6798B7AD9997FF
004#94497FE7AD9997FF
005#7EC780B0C40A37FF
006#7F6E7FE0FD0A37FF
007#80977FD0CC0A37FF
008#7FBA7FE0830A37FF
001#89387FD7AD9997FF
002#80C37FE7AD9997FF
003#7BD59AA7AD9997FF
004#94497FD7AD9997FF
005#7ED280E0C40A37FF
006#7F6E7FD0FD0A37FF
007#80977FE0CC0A37FF
008#7FBA8000830A37FF
001#89387FE7AD9997FF
002#80C47FE7AD9997FF
003#7C469C27AD9997FF
004#94497FE7AD9997FF
005#7EE481A0C40A37FF
006#7F6E7FE0FD0A37FF
007#80977FE0CC0A37FF
008#7FBA7FD0830A37FF
001#89368007AD9997FF
002#80C47FE7AD9997FF
003#7CBC9D67AD9997FF
004#94497FE7AD9997FF
005#7EFF82A0C40A37FF
006#7F6E8000FD0A37FF
007#80957FC0CC0A37FF
008#7FBA7FE0830A37FF
001#89367FE7AD9997FF
002#80C47FE7AD9997FF
003#7D389ED7AD9997FF
004#94497FE7AD9997FF
005#7F2082A0C40A37FF
006#7F6E8000FD0A37FF
007#80927F80CC0A37FF
008#7FBA8000830A37FF
001#89367FE7AD9997FF
002#80C47FE7AD9997FF
003#7DCAA047AD9997FF
004#94497FE7AD9997FF
005#7F4882D0C40A37FF
006#7F6E8000FD0A37FF
007#80857EA0CC0A37FF
008#7FBA7FE0830A37FF
001#89367FE7AD9997FF
002#80C47FE7AD9997FF
003#7E4EA077AD9997FF
004#94497FD7AD9997FF
005#7F6B82D0C40A37FF
006#7F6E8010FD0A37FF
007#80727E40CC0A37FF
008#7FBA7FE0830A37FF
001#89367FE7AD9997FF
002#80C47FE7AD9997FF
003#7EC8A097AD9997FF
004#94467F47AD9997FF
005#7F8C8300C40A37FF
006#7F707FE0FD0A37FF
007#80627E80CC0A37FF
008#7FBA7FE0830A37FF
001#89357FD7AD9997FF
002#80C47FE7AD9997FF
003#7F5AA077AD9997FF
004#94407E47AD9997FF
005#7FB382E0C40A37FF
006#7F728020FD0A37FF
007#80557F10CC0A37FF
008#7FBA7FE0830A37FF
001#89357FE7AD9997FF
002#80C47FE7AD9997FF
003#7FD29FD7AD9997FF
004#94397D57AD9997FF
005#7FCE8220C40A37FF
006#7F7980F0FD0A37FF
007#80527FE0CC0A37FF
008#7FBA7FE0830A37FF
001#89357FD7AD9997FF
002#80C47FE7AD9997FF
003#80539F57AD9997FF
004#942B7C87AD9997FF
005#7FE481C0C40A37FF
006#7F8280D0FD0A37FF
007#80528010CC0A37FF
008#7FBA7FD0830A37FF
001#89358007AD9997FF
002#80C48007AD9997FF
003#80DC9DC7AD9997FF
004#94197BB7AD9997FF
005#7FF68130C40A37FF
006#7F878060FD0A37FF
007#80527FD0CC0A37FF
008#7FBA7FE0830A37FF
001#89357FE7AD9997FF
002#80C47FD7AD9997FF
003#81599B67AD9997FF
004#94047B27AD9997FF
005#7FF77FA0C40A37FF
006#7F8C8020FD0A37FF
007#80528000CC0A37FF
008#7FBA7FD0830A37FF
001#89357FE7AD9997FF
002#80C47FE7AD9997FF
003#81BA99A7AD9997FF
004#93F27AE7AD9997FF
005#7FF78000C40A37FF
006#7F8C7FE0FD0A37FF
007#80528000CC0A37FF
008#7FBA8000830A37FF
001#89357FD7AD9997FF
002#80C47FE7AD9997FF
003#821D97A7AD9997FF
004#93DD7A87AD9997FF
005#7FF77FE0C40A37FF
006#7F8C7FE0FD0A37FF
007#80528000CC0A37FF
008#7FBA7FD0830A37FF
001#89347FE7AD9997FF
002#80C47FE7AD9997FF
003#827895F7AD9997FF
004#93C67A47AD9997FF
005#7FF88000C40A37FF
006#7F8C7FE0FD0A37FF
007#80528000CC0A37FF
008#7FBA7FE0830A37FF
001#89348007AD9997FF
002#80C48007AD9997FF
003#82C79487AD9997FF
004#93B17A37AD9997FF
005#7FF77FD0C40A37FF
006#7F8C7FE0FD0A37FF
007#80528000CC0A37FF
008#7FBA7FD0830A37FF
001#89347FE7AD9997FF
002#80C47FE7AD9997FF
003#830E92E7AD9997FF
004#939C7A47AD9997FF
005#7FF88000C40A37FF
006#7F8C7FB0FD0A37FF
007#80527FE0CC0A37FF
008#7FBA7FD0830A37FF
001#89357FE7AD9997FF
002#80C47FE7AD9997FF
003#836290F7AD9997FF
004#93837A97AD9997FF
005#7FF77FE0C40A37FF
006#7F8B7FE0FD0A37FF
007#80528000CC0A37FF
008#7FBA7FE0830A37FF
001#89347FE7AD9997FF
002#80C47FD7AD9997FF
003#83A28F37AD9997FF
004#936F7AD7AD9997FF
005#7FF77FE0C40A37FF
006#7F8B7FE0FD0A37FF
007#80527FD0CC0A37FF
008#7FBA8000830A37FF
001#89357FE7AD9997FF
002#80C47FE7AD9997FF
003#83D68CF7AD9997FF
004#935B7AF7AD9997FF
005#7FF77FE0C40A37FF
006#7F8B7FE0FD0A37FF
007#80538000CC0A37FF
008#7FBA7FE0830A37FF
001#89357FE7AD9997FF
002#80C47FE7AD9997FF
003#84048A07AD9997FF
004#93477B67AD9997FF
005#7FF77FE0C40A37FF
006#7F8B7FE0FD0A37FF
007#80537FD0CC0A37FF
008#7FBA8000830A37FF
001#89357FE7AD9997FF
002#80C47FE7AD9997FF
003#84238757AD9997FF
004#93377BE7AD9997FF
005#7FF77FE0C40A37FF
006#7F8B7FD0FD0A37FF
007#80537FE0CC0A37FF
008#7FBA7FE0830A37FF
001#89357FE7AD9997FF
002#80C47FE7AD9997FF
003#843984A7AD9997FF
004#932A7CA7AD9997FF
005#7FF87FE0C40A37FF
006#7F8B7FE0FD0A37FF
007#80537FD0CC0A37FF
008#7FBA8000830A37FF
001#89357FD7AD9997FF
002#80C47FE7AD9997FF
003#844781D7AD9997FF
004#931E7D87AD9997FF
005#7FF87FE0C40A37FF
006#7F8B7FE0FD0A37FF
007#80537FD0CC0A37FF
008#7FBA8000830A37FF
001#89357FE7AD9997FF
002#80C47FD7AD9997FF
003#84477FC7AD9997FF
004#93177DF7AD9997FF
005#7FF88000C40A37FF
006#7F8B7FD0FD0A37FF
007#80537FE0CC0A37FF
008#7FBA7FE0830A37FF
001#89368017AD9997FF
002#80C47FD7AD9997FF
003#84477FA7AD9997FF
004#93117EF7AD9997FF
005#7FF87FD0C40A37FF
006#7F8C8000FD0A37FF
007#80537FE0CC0A37FF
008#7FBA8010830A37FF
001#89388007AD9997FF
002#80C47FE7AD9997FF
003#843E7D07AD9997FF
004#93108007AD9997FF
005#7FF88000C40A37FF
006#7F8C7FE0FD0A37FF
007#80537FE0CC0A37FF
008#7FBA8000830A37FF
001#89398007AD9997FF
002#80C48007AD9997FF
003#842A7A77AD9997FF
004#93118007AD9997FF
005#7FF87FD0C40A37FF
006#7F8C7FE0FD0A37FF
007#80558030CC0A37FF
008#7FBA7FE0830A37FF
001#89397FE7AD9997FF
002#80C47FE7AD9997FF
003#840E7897AD9997FF
004#93118027AD9997FF
005#7FF87FE0C40A37FF
006#7F8C7FE0FD0A37FF
007#805E80F0CC0A37FF
008#7FBA7FE0830A37FF
001#893B8017AD9997FF
002#80C47FE7AD9997FF
003#83EB76E7AD9997FF
004#93168107AD9997FF
005#7FF87FE0C40A37FF
006#7F8C7FE0FD0A37FF
007#807281A0CC0A37FF
008#7FBA7FE0830A37FF
001#893D8007AD9997FF
002#80C47FE7AD9997FF
003#83BB74B7AD9997FF
004#931D81B7AD9997FF
005#7FF87FD0C40A37FF
006#7F8C7FD0FD0A37FF
007#80828100CC0A37FF
008#7FBA7FE0830A37FF
001#893F8017AD9997FF
002#80C47FE7AD9997FF
003#838D72D7AD9997FF
004#93258287AD9997FF
005#7FF87FE0C40A37FF
006#7F8C7FE0FD0A37FF
007#80878000CC0A37FF
008#7FBA8010830A37FF
001#89478077AD9997FF
002#80C47FD7AD9997FF
003#83426FF7AD9997FF
004#93378407AD9997FF
005#7FF77FD0C40A37FF
006#7F8C7FE0FD0A37FF
007#80858000CC0A37FF
008#7FBA7FE0830A37FF
001#89488027AD9997FF
002#80C47FE7AD9997FF
003#83096E97AD9997FF
004#93468437AD9997FF
005#7FF77FE0C40A37FF
006#7F8C7FC0FD0A37FF
007#80857FD0CC0A37FF
008#7FBA8000830A37FF
001#89508037AD9997FF
002#80C47FE7AD9997FF
003#82BE6D07AD9997FF
004#93588477AD9997FF
005#7FF77FC0C40A37FF
006#7F8C8000FD0A37FF
007#80857FD0CC0A37FF
008#7FBA8000830A37FF
001#895B8067AD9997FF
002#80C47FE7AD9997FF
003#82656B17AD9997FF
004#936F8527AD9997FF
005#7FF77FD0C40A37FF
006#7F8C7FD0FD0A37FF
007#80857FD0CC0A37FF
008#7FBA8000830A37FF
001#896380A7AD9997FF
002#80C47FE7AD9997FF
003#82116987AD9997FF
004#93828517AD9997FF
005#7FF67FC0C40A37FF
006#7F8C7FD0FD0A37FF
007#80858000CC0A37FF
008#7FBA7FE0830A37FF
001#896C8047AD9997FF
002#80C47FD7AD9997FF
003#81B46847AD9997FF
004#939885B7AD9997FF
005#7FF57FD0C40A37FF
006#7F8C7FD0FD0A37FF
007#80857FB0CC0A37FF
008#7FBA7FE0830A37FF
001#89778097AD9997FF
002#80C47FE7AD9997FF
003#81596747AD9997FF
004#93AD85F7AD9997FF
005#7FF57FE0C40A37FF
006#7F8C7FD0FD0A37FF
007#80858000CC0A37FF
008#7FBA8000830A37FF
001#898480B7AD9997FF
002#80C47FE7AD9997FF
003#80E76627AD9997FF
004#93C885A7AD9997FF
005#7FF57FE0C40A37FF
006#7F8C7FD0FD0A37FF
007#80858000CC0A37FF
008#7FBA7FE0830A37FF
001#898C8087AD9997FF
002#80C47FE7AD9997FF
003#80796567AD9997FF
004#93DD84F7AD9997FF
005#7FF57FD0C40A37FF
006#7F8C7FE0FD0A37FF
007#80857FD0CC0A37FF
008#7FB97FD0830A37FF
001#89988067AD9997FF
002#80C47FE7AD9997FF
003#800D64C7AD9997FF
004#93F38557AD9997FF
005#7FF57FD0C40A37FF
006#7F8C7FE0FD0A37FF
007#80857FD0CC0A37FF
008#7FBA7FD0830A37FF
001#89A38077AD9997FF
002#80C47FD7AD9997FF
003#7F9C6427AD9997FF
004#940A8567AD9997FF
005#7FF37FD0C40A37FF
006#7F8C8000FD0A37FF
007#80857FD0CC0A37FF
008#7FBA7FD0830A37FF
001#89AF80A7AD9997FF
002#80C47FE7AD9997FF
003#7F1B63B7AD9997FF
004#94228517AD9997FF
005#7FF17F90C40A37FF
006#7F8C7FD0FD0A37FF
007#80858000CC0A37FF
008#7FBA7FD0830A37FF
001#89B58067AD9997FF
002#80C47FD7AD9997FF
003#7EAA63E7AD9997FF
004#943684A7AD9997FF
005#7FE47ED0C40A37FF
006#7F8C7FE0FD0A37FF
007#80858000CC0A37FF
008#7FBA7FE0830A37FF
001#89BD8037AD9997FF
002#80C47FE7AD9997FF
003#7E4263E7AD9997FF
004#94488507AD9997FF
005#7FD77E90C40A37FF
006#7F8C8000FD0A37FF
007#80857FE0CC0A37FF
008#7FBA7FE0830A37FF
001#89C17FE7AD9997FF
002#80C47FD7AD9997FF
003#7DCE63F7AD9997FF
004#945C84C7AD9997FF
005#7FC87E90C40A37FF
006#7F8C7FD0FD0A37FF
007#80858000CC0A37FF
008#7FBA7FD0830A37FF
001#89C17FD7AD9997FF
002#80C47FE7AD9997FF
003#7D4A64A7AD9997FF
004#947484D7AD9997FF
005#7FB67F30C40A37FF
006#7F8C8000FD0A37FF
007#80857FE0CC0A37FF
008#7FBA7FD0830A37FF
001#89BF7FC7AD9997FF
002#80C47FE7AD9997FF
003#7CE56567AD9997FF
004#94838447AD9997FF
005#7FB17F30C40A37FF
006#7F8C7FE0FD0A37FF
007#80857FD0CC0A37FF
008#7FB97FE0830A37FF
001#89B87FA7AD9997FF
002#80C47FE7AD9997FF
003#7C7B6657AD9997FF
004#94928307AD9997FF
005#7FAE8000C40A37FF
006#7F8C7FE0FD0A37FF
007#80857FC0CC0A37FF
008#7FBA7FE0830A37FF
001#89B77FC7AD9997FF
002#80C48007AD9997FF
003#7C196867AD9997FF
004#949B81B7AD9997FF
005#7FAE7FE0C40A37FF
006#7F8B7FD0FD0A37FF
007#80857FD0CC0A37FF
008#7FBA7FE0830A37FF
001#89B37F97AD9997FF
002#80C47FE7AD9997FF
003#7BC86A67AD9997FF
004#949F80D7AD9997FF
005#7FAE7FE0C40A37FF
006#7F8C7FE0FD0A37FF
007#80857FE0CC0A37FF
008#7FBA7FD0830A37FF
001#89AF7FB7AD9997FF
002#80C47FE7AD9997FF
003#7B786D17AD9997FF
004#94A07FE7AD9997FF
005#7FAC7FB0C40A37FF
006#7F8B7FE0FD0A37FF
007#80858000CC0A37FF
008#7FBA8000830A37FF
001#89AD7FC7AD9997FF
002#80C48007AD9997FF
003#7B386F57AD9997FF
004#94A07FD7AD9997FF
005#7FA37EE0C40A37FF
006#7F8B7FE0FD0A37FF
007#80837FD0CC0A37FF
008#7FBA7FE0830A37FF
001#89AB7FD7AD9997FF
002#80C47FE7AD9997FF
003#7AF87287AD9997FF
004#949F7FE7AD9997FF
005#7F8C7DD0C40A37FF
006#7F897FD0FD0A37FF
007#80827FD0CC0A37FF
008#7FBA7FE0830A37FF
001#89A97FD7AD9997FF
002#80C48007AD9997FF
003#7ACA7697AD9997FF
004#949F7FE7AD9997FF
005#7F707E10C40A37FF
006#7F877F90FD0A37FF
007#80838000CC0A37FF
008#7FBA7FE0830A37FF
001#89AA7FE7AD9997FF
002#80C37FE7AD9997FF
003#7AAE7957AD9997FF
004#949F7FE7AD9997FF
005#7F637EE0C40A37FF
006#7F827F40FD0A37FF
007#80837FE0CC0A37FF
008#7FBA7FD0830A37FF
001#89AA7FE7AD9997FF
002#80C37FE7AD9997FF
003#7A9D7D57AD9997FF
004#949F7FE7AD9997FF
005#7F607FD0C40A37FF
006#7F807FE0FD0A37FF
007#80837FE0CC0A37FF
008#7FBA7FE0830A37FF
001#89AB7FE7AD9997FF
002#80C27FD7AD9997FF
003#7A9D8027AD9997FF
004#949F8007AD9997FF
005#7F607FD0C40A37FF
006#7F807FD0FD0A37FF
007#80837FE0CC0A37FF
008#7FBA7FE0830A37FF
001#89AB8007AD9997FF
002#80C27FE7AD9997FF
003#7AA080E7AD9997FF
004#949F7FE7AD9997FF
005#7F607FE0C40A37FF
006#7F7C7F60FD0A37FF
007#80838000CC0A37FF
008#7FBA7FE0830A37FF
001#89AB7FE7AD9997FF
002#80C27FE7AD9997FF
003#7AAC8317AD9997FF
004#949F7FE7AD9997FF
005#7F607FE0C40A37FF
006#7F6B7E80FD0A37FF
007#80837FE0CC0A37FF
008#7FBA7FD0830A37FF
001#89AB8007AD9997FF
002#80C27FE7AD9997FF
003#7ABB8437AD9997FF
004#949F7FE7AD9997FF
005#7F607FE0C40A37FF
006#7F607EF0FD0A37FF
007#80837FE0CC0A37FF
008#7FBA7FD0830A37FF
001#89AB7FE7AD9997FF
002#80C38007AD9997FF
003#7ACD84F7AD9997FF
004#949F8007AD9997FF
005#7F607FE0C40A37FF
006#7F567F10FD0A37FF
007#80827FD0CC0A37FF
008#7FBA7FE0830A37FF
001#89AB7FE7AD9997FF
002#80C37FE7AD9997FF
003#7AE58547AD9997FF
004#949F7FE7AD9997FF
005#7F607FE0C40A37FF
006#7F4C7ED0FD0A37FF
007#80837FD0CC0A37FF
008#7FBA7FD0830A37FF
001#89AB7FE7AD9997FF
002#80C37FE7AD9997FF
003#7AFB8597AD9997FF
004#949F7FE7AD9997FF
005#7F607FD0C40A37FF
006#7F427F80FD0A37FF
007#80837FE0CC0A37FF
008#7FBA8010830A37FF
001#89AB7FE7AD9997FF
002#80C38007AD9997FF
003#7B128607AD9997FF
004#949F7FE7AD9997FF
005#7F608000C40A37FF
006#7F427FE0FD0A37FF
007#80837FE0CC0A37FF
008#7FBA7FD0830A37FF
001#89AB7FD7AD9997FF
002#80C37FE7AD9997FF
003#7B318637AD9997FF
004#949F7FE7AD9997FF
005#7F628000C40A37FF
006#7F448010FD0A37FF
007#80838010CC0A37FF
008#7FBA7FD0830A37FF
001#89AB8007AD9997FF
002#80C38007AD9997FF
003#7B4685B7AD9997FF
004#949F7FE7AD9997FF
005#7F627FE0C40A37FF
006#7F447FE0FD0A37FF
007#80838000CC0A37FF
008#7FBA7FE0830A37FF
001#89AB7FE7AD9997FF
002#80C37FE7AD9997FF
003#7B5B8547AD9997FF
004#949F7FD7AD9997FF
005#7F628000C40A37FF
006#7F448000FD0A37FF
007#80838000CC0A37FF
008#7FBA8000830A37FF
001#89AB7FE7AD9997FF
002#80C38007AD9997FF
003#7B718537AD9997FF
004#949F7FE7AD9997FF
005#7F627FD0C40A37FF
006#7F447FE0FD0A37FF
007#80837FE0CC0A37FF
008#7FBA7FE0830A37FF
001#89AB7FD7AD9997FF
002#80C37FE7AD9997FF
003#7B898597AD9997FF
004#949F7FD7AD9997FF
005#7F627FE0C40A37FF
006#7F447FD0FD0A37FF
007#80837FD0CC0A37FF
008#7FBA8000830A37FF
001#89AB7FE7AD9997FF
002#80C37FE7AD9997FF
003#7BA18637AD9997FF
004#949D7F37AD9997FF
005#7F627FE0C40A37FF
006#7F447FE0FD0A37FF
007#80837FD0CC0A37FF
008#7FBA7FE0830A37FF
001#89AB7FE7AD9997FF
002#80C37FE7AD9997FF
003#7BB986E7AD9997FF
004#94997EA7AD9997FF
005#7F627FE0C40A37FF
006#7F447FE0FD0A37FF
007#80837FE0CC0A37FF
008#7FBA7FE0830A37FF
001#89AB7FE7AD9997FF
002#80C37FD7AD9997FF
003#7BDC87F7AD9997FF
004#948F7D77AD9997FF
005#7F627FE0C40A37FF
006#7F447FD0FD0A37FF
007#80837FE0CC0A37FF
008#7FBA7FE0830A37FF
001#89AB7FE7AD9997FF
002#80C37FE7AD9997FF
003#7C0589B7AD9997FF
004#94817CB7AD9997FF
005#7F627FD0C40A37FF
006#7F437FD0FD0A37FF
007#80827FD0CC0A37FF
008#7FBA8000830A37FF
001#89AB7FE7AD9997FF
002#80C37FE7AD9997FF
003#7C2E8B67AD9997FF
004#94747C27AD9997FF
005#7F627FE0C40A37FF
006#7F427FC0FD0A37FF
007#80827FE0CC0A37FF
008#7FBA7FE0830A37FF
001#89AA7FD7AD9997FF
002#80C37FE7AD9997FF
003#7C5F8CF7AD9997FF
004#94647B57AD9997FF
005#7F628000C40A37FF
006#7F407FC0FD0A37FF
007#80828000CC0A37FF
008#7FBA7FE0830A37FF
001#89AB7FE7AD9997FF
002#80C38007AD9997FF
003#7CA38EA7AD9997FF
004#944C7AF7AD9997FF
005#7F628000C40A37FF
006#7F3A7FA0FD0A37FF
007#80827FE0CC0A37FF
008#7FBA7FE0830A37FF
001#89AB7FE7AD9997FF
002#80C37FE7AD9997FF
003#7CDD9047AD9997FF
004#943A7AD7AD9997FF
005#7F627FE0C40A37FF
006#7F3A7FE0FD0A37FF
007#80827FE0CC0A37FF
008#7FBA7FE0830A37FF
001#89AA7FE7AD9997FF
002#80C37FD7AD9997FF
003#7D289207AD9997FF
004#94257AE7AD9997FF
005#7F637FE0C40A37FF
006#7F3A8000FD0A37FF
007#80838000CC0A37FF
008#7FB97FD0830A37FF
001#89AB7FE7AD9997FF
002#80C37FE7AD9997FF
003#7D6B9307AD9997FF
004#94137B17AD9997FF
005#7F637FE0C40A37FF
006#7F3B8000FD0A37FF
007#80838000CC0A37FF
008#7FB97FD0830A37FF
001#89AB7FD7AD9997FF
002#80C37FD7AD9997FF
003#7DCC9397AD9997FF
004#93FD7B87AD9997FF
005#7F658020C40A37FF
006#7F3B8000FD0A37FF
007#80837FE0CC0A37FF
008#7FBA7FE0830A37FF
001#89AB7FE7AD9997FF
002#80C37FE7AD9997FF
003#7E1D93A7AD9997FF
004#93EB7BC7AD9997FF
005#7F728120C40A37FF
006#7F3C7FE0FD0A37FF
007#80837FE0CC0A37FF
008#7FBA7FE0830A37FF
001#89AB7FE7AD9997FF
002#80C47FE7AD9997FF
003#7E659367AD9997FF
004#93DC7BF7AD9997FF
005#7F858180C40A37FF
006#7F3C8000FD0A37FF
007#80827FD0CC0A37FF
008#7FBA8000830A37FF
001#89AB7FE7AD9997FF
002#80C47FE7AD9997FF
003#7EB292A7AD9997FF
004#93CE7C37AD9997FF
005#7F928110C40A37FF
006#7F3E8000FD0A37FF
007#80837FE0CC0A37FF
008#7FBA7FE0830A37FF
001#89AB7FE7AD9997FF
002#80C48007AD9997FF
003#7F029137AD9997FF
004#93BE7C77AD9997FF
005#7F957FD0C40A37FF
006#7F428080FD0A37FF
007#80838000CC0A37FF
008#7FBA8000830A37FF
001#89AB7FE7AD9997FF
002#80C48007AD9997FF
003#7F448F97AD9997FF
004#93B07C97AD9997FF
005#7F957FE0C40A37FF
006#7F478000FD0A37FF
007#80838000CC0A37FF
008#7FBA7FE0830A37FF
001#89AB7FE7AD9997FF
002#80C48007AD9997FF
003#7F778DB7AD9997FF
004#93A67D27AD9997FF
005#7F957FE0C40A37FF
006#7F488000FD0A37FF
007#80837FE0CC0A37FF
008#7FBA8000830A37FF
001#89AB7FE7AD9997FF
002#80C47FE7AD9997FF
003#7FA78AD7AD9997FF
004#939A7D67AD9997FF
005#7F957FE0C40A37FF
006#7F488000FD0A37FF
007#80838000CC0A37FF
008#7FBA7FE0830A37FF
001#89AB7FE7AD9997FF
002#80C47FE7AD9997FF
003#7FCB8847AD9997FF
004#93937DE7AD9997FF
005#7F957FE0C40A37FF
006#7F488000FD0A37FF
007#80838000CC0A37FF
008#7FBA7FE0830A37FF
001#89AB7FE7AD9997FF
002#80C47FD7AD9997FF
003#7FE785F7AD9997FF
004#938C7EB7AD9997FF
005#7F958000C40A37FF
006#7F488000FD0A37FF
007#80837FE0CC0A37FF
008#7FBA7FD0830A37FF
001#89AB7FE7AD9997FF
002#80C47FD7AD9997FF
003#7FF883A7AD9997FF
004#938A7F97AD9997FF
005#7F957FE0C40A37FF
006#7F487FE0FD0A37FF
007#80857FD0CC0A37FF
008#7FBA7FD0830A37FF
001#89AB8007AD9997FF
002#80C47FD7AD9997FF
003#7FFF8127AD9997FF
004#938A7FE7AD9997FF
005#7F957FE0C40A37FF
006#7F487FE0FD0A37FF
007#80858000CC0A37FF
008#7FBA7FE0830A37FF
001#89AB7FE7AD9997FF
002#80C47FE7AD9997FF
003#7FFF7FD7AD9997FF
004#938A7FE7AD9997FF
005#7F958000C40A37FF
006#7F487FE0FD0A37FF
007#80858000CC0A37FF
008#7FBA8000830A37FF
001#89AC8007AD9997FF
002#80C47FE7AD9997FF
003#7FFF7FA7AD9997FF
004#938A7FE7AD9997FF
005#7F957FE0C40A37FF
006#7F4D80B0FD0A37FF
007#80858010CC0A37FF
008#7FBA7FE0830A37FF
001#89AC8007AD9997FF
002#80C48007AD9997FF
003#7FF87E07AD9997FF
004#938A7FD7AD9997FF
005#7F958000C40A37FF
006#7F628230FD0A37FF
007#80857FE0CC0A37FF
008#7FBA7FE0830A37FF
001#89AD8007AD9997FF
002#80C47FE7AD9997FF
003#7FF17DE7AD9997FF
004#938A8007AD9997FF
005#7F957FD0C40A37FF
006#7F808280FD0A37FF
007#80858000CC0A37FF
008#7FBA8000830A37FF
001#89AD7FD7AD9997FF
002#80C47FE7AD9997FF
003#7FE77D57AD9997FF
004#938A7FE7AD9997FF
005#7F957FD0C40A37FF
006#7F908060FD0A37FF
007#80858000CC0A37FF
008#7FBA7FD0830A37FF
001#89AD7FE7AD9997FF
002#80C47FD7AD9997FF
003#7FD57BD7AD9997FF
004#938A7FE7AD9997FF
005#7F937FE0C40A37FF
006#7F958040FD0A37FF
007#80857FE0CC0A37FF
008#7FBA7FE0830A37FF
001#89AD7FE7AD9997FF
002#80C47FE7AD9997FF
003#7FC37B77AD9997FF
004#938A7FD7AD9997FF
005#7F937FD0C40A37FF
006#7F957FE0FD0A37FF
007#80837FC0CC0A37FF
008#7FBA7FE0830A37FF
001#89AC7FD7AD9997FF
002#80C47FE7AD9997FF
003#7FB37B37AD9997FF
004#938A7FD7AD9997FF
005#7F937FD0C40A37FF
006#7F957FD0FD0A37FF
007#80837FD0CC0A37FF
008#7FBA7FE0830A37FF
001#89AB7FD7AD9997FF
002#80C47FE7AD9997FF
003#7F9E7AB7AD9997FF
004#938A7FB7AD9997FF
005#7F937FE0C40A37FF
006#7F958000FD0A37FF
007#80827FD0CC0A37FF
008#7FBA8000830A37FF
001#89AB7FE7AD9997FF
002#80C47FE7AD9997FF
003#7F857A27AD9997FF
004#93847E37AD9997FF
005#7F937FD0C40A37FF
006#7F957FE0FD0A37FF
007#80827FE0CC0A37FF
008#7FBA7FE0830A37FF
001#89AA7FE7AD9997FF
002#80C47FE7AD9997FF
003#7F6E79B7AD9997FF
004#93787C87AD9997FF
005#7F927FE0C40A37FF
006#7F957FE0FD0A37FF
007#80827FC0CC0A37FF
008#7FBA7FE0830A37FF
001#89AA7FE7AD9997FF
002#80C47FE7AD9997FF
003#7F5579B7AD9997FF
004#93667AA7AD9997FF
005#7F927FD0C40A37FF
006#7F937FC0FD0A37FF
007#80808000CC0A37FF
008#7FBA7FE0830A37FF
001#89AB7FE7AD9997FF
002#80C47FE7AD9997FF
003#7F3F7A27AD9997FF
004#934E7947AD9997FF
005#7F928000C40A37FF
006#7F937FE0FD0A37FF
007#80807FC0CC0A37FF
008#7FBA7FE0830A37FF
001#89AA7FE7AD9997FF
002#80C47FE7AD9997FF
003#7F277A87AD9997FF
004#932976D7AD9997FF
005#7F928000C40A37FF
006#7F927FD0FD0A37FF
007#807C7F90CC0A37FF
008#7FBA7FD0830A37FF
001#89A97FD7AD9997FF
002#80C37FE7AD9997FF
003#7F0E7AA7AD9997FF
004#92F573C7AD9997FF
005#7F927FE0C40A37FF
006#7F927FC0FD0A37FF
007#807B8010CC0A37FF
008#7FBA7FE0830A37FF
001#89A57FA7AD9997FF
002#80C38007AD9997FF
003#7EFA7B27AD9997FF
004#92BB7107AD9997FF
005#7F938000C40A37FF
006#7F877E80FD0A37FF
007#807B7FD0CC0A37FF
008#7FBA7FE0830A37FF
001#89A17FA7AD9997FF
002#80C37FD7AD9997FF
003#7EEB7BD7AD9997FF
004#927D6EF7AD9997FF
005#7F937FE0C40A37FF
006#7F7C7F30FD0A37FF
007#807B8010CC0A37FF
008#7FBA7FE0830A37FF
001#89997F87AD9997FF
002#80C37FE7AD9997FF
003#7EDA7CC7AD9997FF
004#92266D47AD9997FF
005#7F938000C40A37FF
006#7F757FE0FD0A37FF
007#807B8000CC0A37FF
008#7FBA7FE0830A37FF
001#898D7F17AD9997FF
002#80C27FE7AD9997FF
003#7ED17D67AD9997FF
004#91E46BA7AD9997FF
005#7F938000C40A37FF
006#7F778000FD0A37FF
007#807B7FC0CC0A37FF
008#7FBA8000830A37FF
001#89827F17AD9997FF
002#80C27FC7AD9997FF
003#7ECB7E47AD9997FF
004#91966A77AD9997FF
005#7F937FD0C40A37FF
006#7F777FE0FD0A37FF
007#807C8000CC0A37FF
008#7FB97FD0830A37FF
001#89717EF7AD9997FF
002#80BF7FB7AD9997FF
003#7EC47E77AD9997FF
004#91246857AD9997FF
005#7F937FE0C40A37FF
006#7F777FD0FD0A37FF
007#807C7FE0CC0A37FF
008#7FBA7FE0830A37FF
001#895F7EF7AD9997FF
002#80BA7FA7AD9997FF
003#7EC27FA7AD9997FF
004#90C966B7AD9997FF
005#7F958000C40A37FF
006#7F777FD0FD0A37FF
007#807C8000CC0A37FF
008#7FBA7FE0830A37FF
001#89507F37AD9997FF
002#80B67FB7AD9997FF
003#7EC27FE7AD9997FF
004#90616627AD9997FF
005#7F957FE0C40A37FF
006#7F777FD0FD0A37FF
007#807E8030CC0A37FF
008#7FBA7FD0830A37FF
001#893A7EB7AD9997FF
002#80B67FD7AD9997FF
003#7EC27FE7AD9997FF
004#8FE56467AD9997FF
005#7F958010C40A37FF
006#7F777FE0FD0A37FF
007#80807FE0CC0A37FF
008#7FB97FD0830A37FF
001#892A7EF7AD9997FF
002#80B68007AD9997FF
003#7EC27FD7AD9997FF
004#8F8063D7AD9997FF
005#7F998060C40A37FF
006#7F778000FD0A37FF
007#808580B0CC0A37FF
008#7FBA7FD0830A37FF
001#89187EF7AD9997FF
002#80B67FE7AD9997FF
003#7EC27FE7AD9997FF
004#8F0B6377AD9997FF
005#7FA58110C40A37FF
006#7F778000FD0A37FF
007#80857FD0CC0A37FF
008#7FB97FD0830A37FF
001#89037EF7AD9997FF
002#80B67FE7AD9997FF
003#7EC28007AD9997FF
004#8E7F6367AD9997FF
005#7FB48090C40A37FF
006#7F777FE0FD0A37FF
007#80858000CC0A37FF
008#7FBA8000830A37FF
001#88F67F47AD9997FF
002#80B67FE7AD9997FF
003#7EC28007AD9997FF
004#8E146377AD9997FF
005#7FC080F0C40A37FF
006#7F777FE0FD0A37FF
007#80857FD0CC0A37FF
008#7FBA8000830A37FF
001#88E17EB7AD9997FF
002#80B68007AD9997FF
003#7EC28007AD9997FF
004#8DB36257AD9997FF
005#7FC98080C40A37FF
006#7F777FD0FD0A37FF
007#80858000CC0A37FF
008#7FBA7FE0830A37FF
001#88CE7EF7AD9997FF
002#80B67FE7AD9997FF
003#7EC37FD7AD9997FF
004#8D2A6397AD9997FF
005#7FC97FD0C40A37FF
006#7F778000FD0A37FF
007#80878000CC0A37FF
008#7FBA7FE0830A37FF
001#88B77E77AD9997FF
002#80B67FE7AD9997FF
003#7EC37FE7AD9997FF
004#8CAA6387AD9997FF
005#7FC87FE0C40A37FF
006#7F777FE0FD0A37FF
007#80857FE0CC0A37FF
008#7FBA7FE0830A37FF
001#88A57EE7AD9997FF
002#80B67FE7AD9997FF
003#7EC37FD7AD9997FF
004#8C4E6467AD9997FF
005#7FC87FE0C40A37FF
006#7F777FE0FD0A37FF
007#80878000CC0A37FF
008#7FBA7FD0830A37FF
001#888E7E77AD9997FF
002#80B67FE7AD9997FF
003#7EC27FE7AD9997FF
004#8BD66537AD9997FF
005#7FC67FB0C40A37FF
006#7F777FD0FD0A37FF
007#80857FC0CC0A37FF
008#7FBA7FE0830A37FF
001#88797E87AD9997FF
002#80B67FE7AD9997FF
003#7EC37FE7AD9997FF
004#8B7465D7AD9997FF
005#7FC47FC0C40A37FF
006#7F778000FD0A37FF
007#80878010CC0A37FF
008#7FBA7FE0830A37FF
001#88617E67AD9997FF
002#80B67FE7AD9997FF
003#7EC27FE7AD9997FF
004#8B0D66D7AD9997FF
005#7FC48000C40A37FF
006#7F777FE0FD0A37FF
007#80857FC0CC0A37FF
008#7FBA7FE0830A37FF
001#88477E97AD9997FF
002#80B67FE7AD9997FF
003#7EC27FE7AD9997FF
004#8AA76767AD9997FF
005#7FC47FE0C40A37FF
006#7F777FE0FD0A37FF
007#80858010CC0A37FF
008#7FBA7FE0830A37FF
001#88287E67AD9997FF
002#80B67FE7AD9997FF
003#7EC27FD7AD9997FF
004#8A3C6807AD9997FF
005#7FC47FE0C40A37FF
006#7F777FE0FD0A37FF
007#80857FD0CC0A37FF
008#7FBA7FE0830A37FF
001#88137E47AD9997FF
002#80B67FE7AD9997FF
003#7EC27FE7AD9997FF
004#89E66877AD9997FF
005#7FC47FC0C40A37FF
006#7F778000FD0A37FF
007#80857FD0CC0A37FF
008#7FBA8000830A37FF
001#87F37E77AD9997FF
002#80B67FD7AD9997FF
003#7EC27FE7AD9997FF
004#898568C7AD9997FF
005#7FC37FE0C40A37FF
006#7F777FE0FD0A37FF
007#80858000CC0A37FF
008#7FBA8000830A37FF
001#87D27E27AD9997FF
002#80B67FE7AD9997FF
003#7EC27FE7AD9997FF
004#891F6927AD9997FF
005#7FC47FE0C40A37FF
006#7F778010FD0A37FF
007#80857FD0CC0A37FF
008#7FBA8000830A37FF
001#87B77E47AD9997FF
002#80B67FE7AD9997FF
003#7EC27FE7AD9997FF
004#88D369B7AD9997FF
005#7FC47FD0C40A37FF
006#7F778010FD0A37FF
007#80857FC0CC0A37FF
008#7FBA8000830A37FF
001#87987E47AD9997FF
002#80B67FE7AD9997FF
003#7EC28007AD9997FF
004#887C6A37AD9997FF
005#7FC48000C40A37FF
006#7F777FD0FD0A37FF
007#80858020CC0A37FF
008#7FBA7FE0830A37FF
001#87707E47AD9997FF
002#80B67FE7AD9997FF
003#7EC27FE7AD9997FF
004#880F69F7AD9997FF
005#7FC47FE0C40A37FF
006#7F777FE0FD0A37FF
007#80858020CC0A37FF
008#7FBA8010830A37FF
001#87517E07AD9997FF
002#80B67FE7AD9997FF
003#7EC27FE7AD9997FF
004#87BA6AA7AD9997FF
005#7FC47FE0C40A37FF
006#7F778000FD0A37FF
007#80837FB0CC0A37FF
008#7FBA7FE0830A37FF
001#872E7E17AD9997FF
002#80B67FE7AD9997FF
003#7EC27FE7AD9997FF
004#87616AD7AD9997FF
005#7FC47FD0C40A37FF
006#7F777FE0FD0A37FF
007#80857FC0CC0A37FF
008#7FBA7FD0830A37FF
001#870C7E17AD9997FF
002#80B67FE7AD9997FF
003#7EC27FE7AD9997FF
004#870B6B67AD9997FF
005#7FC47FD0C40A37FF
006#7F777FE0FD0A37FF
007#80858000CC0A37FF
008#7FBA7FE0830A37FF
001#86EA7DE7AD9997FF
002#80B67FE7AD9997FF
003#7EC27FE7AD9997FF
004#86C26B47AD9997FF
005#7FC47FE0C40A37FF
006#7F777FD0FD0A37FF
007#80858010CC0A37FF
008#7FBA7FE0830A37FF
001#86C57DD7AD9997FF
002#80B68007AD9997FF
003#7EC27FE7AD9997FF
004#866F6C57AD9997FF
005#7FC47FE0C40A37FF
006#7F778000FD0A37FF
007#80857FA0CC0A37FF
008#7FBA7FE0830A37FF
001#86A17DB7AD9997FF
002#80B68007AD9997FF
003#7EC27FE7AD9997FF
004#861E6C57AD9997FF
005#7FC47FE0C40A37FF
006#7F777FE0FD0A37FF
007#80857FA0CC0A37FF
008#7FBA7FE0830A37FF
001#867C7DB7AD9997FF
002#80B67FE7AD9997FF
003#7EC27FE7AD9997FF
004#85D86C57AD9997FF
005#7FC47FE0C40A37FF
006#7F777FE0FD0A37FF
007#80878010CC0A37FF
008#7FBA7FE0830A37FF
001#86507D97AD9997FF
002#80B68007AD9997FF
003#7EC27FD7AD9997FF
004#85846D47AD9997FF
005#7FC48000C40A37FF
006#7F777FE0FD0A37FF
007#80857FE0CC0A37FF
008#7FBA8000830A37FF
001#86287D97AD9997FF
002#80B67FE7AD9997FF
003#7EC27FE7AD9997FF
004#85356D57AD9997FF
005#7FC47FE0C40A37FF
006#7F777FD0FD0A37FF
007#80878000CC0A37FF
008#7FBA8010830A37FF
001#85FE7DA7AD9997FF
002#80B67FE7AD9997FF
003#7EC27FE7AD9997FF
004#84E46D87AD9997FF
005#7FC58000C40A37FF
006#7F778000FD0A37FF
007#80878010CC0A37FF
008#7FBA8000830A37FF
001#85D47DA7AD9997FF
002#80B68007AD9997FF
003#7EC37FE7AD9997FF
004#84A16DE7AD9997FF
005#7FC57FE0C40A37FF
006#7F777FE0FD0A37FF
007#80878020CC0A37FF
008#7FBA8000830A37FF
001#85A77D97AD9997FF
002#80B68007AD9997FF
003#7EC27FE7AD9997FF
004#84506DD7AD9997FF
005#7FC58000C40A37FF
006#7F777FE0FD0A37FF
007#80878000CC0A37FF
008#7FBA8000830A37FF
001#857A7D77AD9997FF
002#80B68007AD9997FF
003#7EC37FE7AD9997FF
004#840E6E97AD9997FF
005#7FC58000C40A37FF
006#7F777FE0FD0A37FF
007#80878010CC0A37FF
008#7FBA8000830A37FF
001#854E7D77AD9997FF
002#80B77FE7AD9997FF
003#7EC37FE7AD9997FF
004#83C26F07AD9997FF
005#7FC58000C40A37FF
006#7F777FE0FD0A37FF
007#80877FD0CC0A37FF
008#7FBA7FE0830A37FF
001#851E7D47AD9997FF
002#80B98007AD9997FF
003#7EC37FE7AD9997FF
004#83846F17AD9997FF
005#7FC57FE0C40A37FF
006#7F777FE0FD0A37FF
007#80878010CC0A37FF
008#7FBA7FE0830A37FF
001#84EF7D37AD9997FF
002#80BB8027AD9997FF
003#7EC37FD7AD9997FF
004#833C7067AD9997FF
005#7FC67FE0C40A37FF
006#7F778010FD0A37FF
007#80877FE0CC0A37FF
008#7FBA7FE0830A37FF
001#84C27D27AD9997FF
002#80BC8007AD9997FF
003#7EC37FE7AD9997FF
004#830B70B7AD9997FF
005#7FC68010C40A37FF
006#7F777FE0FD0A37FF
007#80878000CC0A37FF
008#7FBA7FD0830A37FF
001#848B7D47AD9997FF
002#80BE7FE7AD9997FF
003#7EC37FE7AD9997FF
004#82BC70C7AD9997FF
005#7FCB8060C40A37FF
006#7F777FE0FD0A37FF
007#80877FD0CC0A37FF
008#7FBA8000830A37FF
001#845B7D47AD9997FF
002#80BE7FE7AD9997FF
003#7EC37FE7AD9997FF
004#82877127AD9997FF
005#7FDB81B0C40A37FF
006#7F777FE0FD0A37FF
007#80877FB0CC0A37FF
008#7FBA7FE0830A37FF
001#842D7D47AD9997FF
002#80BE7FE7AD9997FF
003#7EC37FD7AD9997FF
004#824C7117AD9997FF
005#7FFB82D0C40A37FF
006#7F777FD0FD0A37FF
007#80877FE0CC0A37FF
008#7FBA7FD0830A37FF
001#84007D87AD9997FF
002#80BC7FD7AD9997FF
003#7EC38007AD9997FF
004#82147177AD9997FF
005#801F8320C40A37FF
006#7F777FE0FD0A37FF
007#80877FD0CC0A37FF
008#7FBA8000830A37FF
001#83D27D67AD9997FF
002#80BC8007AD9997FF
003#7EC37FE7AD9997FF
004#81D97127AD9997FF
005#80438290C40A37FF
006#7F777FE0FD0A37FF
007#80857FD0CC0A37FF
008#7FBA8000830A37FF
001#83A37DA7AD9997FF
002#80BC7FD7AD9997FF
003#7EC37FE7AD9997FF
004#81997167AD9997FF
005#80678290C40A37FF
006#7F777FE0FD0A37FF
007#80857FE0CC0A37FF
008#7FBA7FE0830A37FF
001#83757DC7AD9997FF
002#80BA7FC7AD9997FF
003#7EC38007AD9997FF
004#81597147AD9997FF
005#80878230C40A37FF
006#7F778000FD0A37FF
007#80858000CC0A37FF
008#7FBA7FD0830A37FF
001#834B7DA7AD9997FF
002#80B97FC7AD9997FF
003#7EC37FE7AD9997FF
004#811B7167AD9997FF
005#80A88250C40A37FF
006#7F778000FD0A37FF
007#80858030CC0A37FF
008#7FBA7FE0830A37FF
001#83287DC7AD9997FF
002#80B67FD7AD9997FF
003#7EC37FE7AD9997FF
004#80ED71F7AD9997FF
005#80BB81E0C40A37FF
006#7F797FE0FD0A37FF
007#80857FD0CC0A37FF
008#7FBA8000830A37FF
001#83007DF7AD9997FF
002#80B57FD7AD9997FF
003#7EC38007AD9997FF
004#80AE71C7AD9997FF
005#80D181A0C40A37FF
006#7F7B8040FD0A37FF
007#80857FD0CC0A37FF
008#7FBA7FE0830A37FF
001#82DB7E07AD9997FF
002#80B37FD7AD9997FF
003#7EC37FE7AD9997FF
004#806E71B7AD9997FF
005#80E88190C40A37FF
006#7F8580D0FD0A37FF
007#80857FE0CC0A37FF
008#7FBA7FE0830A37FF
001#82C07E37AD9997FF
002#80B27FC7AD9997FF
003#7EC37FE7AD9997FF
004#80347197AD9997FF
005#80F98140C40A37FF
006#7F8C80F0FD0A37FF
007#80857FC0CC0A37FF
008#7FBA7FD0830A37FF
001#82A67EA7AD9997FF
002#80B17FC7AD9997FF
003#7EC37FE7AD9997FF
004#7FFE71B7AD9997FF
005#81088140C40A37FF
006#7F8C7FD0FD0A37FF
007#80878020CC0A37FF
008#7FBA8000830A37FF
001#828C7E67AD9997FF
002#80AE7FD7AD9997FF
003#7EC37FE7AD9997FF
004#7FCA7147AD9997FF
005#81178180C40A37FF
006#7F8C7FB0FD0A37FF
007#80877FD0CC0A37FF
008#7FBA7FE0830A37FF
001#82777EB7AD9997FF
002#80AD7FE7AD9997FF
003#7EC37FE7AD9997FF
004#7F8971A7AD9997FF
005#81298160C40A37FF
006#7F8C8020FD0A37FF
007#80877FD0CC0A37FF
008#7FB97FE0830A37FF
001#82607EB7AD9997FF
002#80AC7FC7AD9997FF
003#7EC37FE7AD9997FF
004#7F5371E7AD9997FF
005#81378140C40A37FF
006#7F8C7FD0FD0A37FF
007#80898030CC0A37FF
008#7FBA7FE0830A37FF
001#824F7F07AD9997FF
002#80AC7FD7AD9997FF
003#7EC38007AD9997FF
004#7F1F7327AD9997FF
005#814E81E0C40A37FF
006#7F8C7FE0FD0A37FF
007#80978170CC0A37FF
008#7FBA7FD0830A37FF
001#82377EA7AD9997FF
002#80AB7FD7AD9997FF
003#7EC37FE7AD9997FF
004#7EE57327AD9997FF
005#816681B0C40A37FF
006#7F8C7FD0FD0A37FF
007#80A480F0CC0A37FF
008#7FBA7FE0830A37FF
001#82287F27AD9997FF
002#80AB7FE7AD9997FF
003#7EC37FE7AD9997FF
004#7EB27497AD9997FF
005#817780F0C40A37FF
006#7F8C7FE0FD0A37FF
007#80B68170CC0A37FF
008#7FBA7FE0830A37FF
001#82117E97AD9997FF
002#80AC8007AD9997FF
003#7EC37FE7AD9997FF
004#7E8774B7AD9997FF
005#817A8000C40A37FF
006#7F8C8000FD0A37FF
007#80BA8010CC0A37FF
008#7FB97FE0830A37FF
001#82017F17AD9997FF
002#80AD8007AD9997FF
003#7EC38007AD9997FF
004#7E5D76A7AD9997FF
005#817A8000C40A37FF
006#7F8C8000FD0A37FF
007#80C380F0CC0A37FF
008#7FBA7FE0830A37FF
001#81ED7EE7AD9997FF
002#80AD8007AD9997FF
003#7EC37FE7AD9997FF
004#7E357677AD9997FF
005#817A8010C40A37FF
006#7F8B7FB0FD0A37FF
007#80C88070CC0A37FF
008#7FBA7FE0830A37FF
001#81DE7F07AD9997FF
002#80AE7FE7AD9997FF
003#7EC37FE7AD9997FF
004#7E167787AD9997FF
005#817F8080C40A37FF
006#7F8B8000FD0A37FF
007#80CC8010CC0A37FF
008#7FBA7FE0830A37FF
001#81C97EB7AD9997FF
002#80B08007AD9997FF
003#7EC37FE7AD9997FF
004#7E017D27AD9997FF
005#817F8010C40A37FF
006#7F897FC0FD0A37FF
007#80C87FC0CC0A37FF
008#7FBA7FE0830A37FF
001#81A17E27AD9997FF
002#80B18017AD9997FF
003#7EC37FD7AD9997FF
004#7E0982E7AD9997FF
005#817F7FD0C40A37FF
006#7F7E7E90FD0A37FF
007#80CB8050CC0A37FF
008#7FBA7FE0830A37FF
001#81877E57AD9997FF
002#80B68027AD9997FF
003#7EC37FE7AD9997FF
004#7E1381D7AD9997FF
005#817F7FE0C40A37FF
006#7F727EF0FD0A37FF
007#80CB7FD0CC0A37FF
008#7FBA7FE0830A37FF
001#81727EC7AD9997FF
002#80B68007AD9997FF
003#7EC38007AD9997FF
004#7E117F87AD9997FF
005#817D7FB0C40A37FF
006#7F6C7FC0FD0A37FF
007#80CB7FD0CC0A37FF
008#7FB97FD0830A37FF
001#81587EB7AD9997FF
002#80BA8027AD9997FF
003#7EC37FE7AD9997FF
004#7E117FD7AD9997FF
005#817D7FC0C40A37FF
006#7F6C7FE0FD0A37FF
007#80C88000CC0A37FF
008#7FB97FE0830A37FF
001#81407EC7AD9997FF
002#80BC8017AD9997FF
003#7EC37FE7AD9997FF
004#7E117FE7AD9997FF
005#817C7FE0C40A37FF
006#7F6C7FE0FD0A37FF
007#80C87FC0CC0A37FF
008#7FBA8000830A37FF
001#812D7EF7AD9997FF
002#80BF8007AD9997FF
003#7EC37FE7AD9997FF
004#7E118007AD9997FF
005#817C7FC0C40A37FF
006#7F6E7FE0FD0A37FF
007#80C88010CC0A37FF
008#7FBA8000830A37FF
001#811E7F27AD9997FF
002#80BF7FE7AD9997FF
003#7EC37FE7AD9997FF
004#7E117FD7AD9997FF
005#81727E90C40A37FF
006#7F6C7FD0FD0A37FF
007#80C87FB0CC0A37FF
008#7FBA8000830A37FF
001#810D7EE7AD9997FF
002#80BF7FE7AD9997FF
003#7EC37FE7AD9997FF
004#7E117F87AD9997FF
005#81607E50C40A37FF
006#7F6C7FE0FD0A37FF
007#80C78000CC0A37FF
008#7FBA7FE0830A37FF
001#80FF7F57AD9997FF
002#80BF7FD7AD9997FF
003#7EC37FE7AD9997FF
004#7E0F8007AD9997FF
005#814A7E10C40A37FF
006#7F6C7FD0FD0A37FF
007#80C87FE0CC0A37FF
008#7FBA7FD0830A37FF
001#80F77F67AD9997FF
002#80BE7FE7AD9997FF
003#7EC37FE7AD9997FF
004#7E0F7FE7AD9997FF
005#813C7F20C40A37FF
006#7F6C7FE0FD0A37FF
007#80C87FD0CC0A37FF
008#7FBA7FE0830A37FF
001#80EB7F47AD9997FF
002#80BC7FD7AD9997FF
003#7EC37FE7AD9997FF
004#7E0F8017AD9997FF
005#81397FC0C40A37FF
006#7F6C7FE0FD0A37FF
007#80C47FC0CC0A37FF
008#7FB98000830A37FF
001#80E47FD7AD9997FF
002#80BC7FE7AD9997FF
003#7EC37FE7AD9997FF
004#7E0F7FE7AD9997FF
005#81397FE0C40A37FF
006#7F6C7FD0FD0A37FF
007#80C58000CC0A37FF
008#7FB97FE0830A37FF
001#80E37FB7AD9997FF
002#80BB7FE7AD9997FF
003#7EC37FE7AD9997FF
004#7E0F7FE7AD9997FF
005#813A8010C40A37FF
006#7F6C7FD0FD0A37FF
007#80C47FA0CC0A37FF
008#7FBA8000830A37FF
001#80E07FE7AD9997FF
002#80BA7FE7AD9997FF
003#7EC37FD7AD9997FF
004#7E0F7FE7AD9997FF
005#813A7FE0C40A37FF
006#7F6C7FD0FD0A37FF
007#80C48020CC0A37FF
008#7FBA7FE0830A37FF
001#80E07FE7AD9997FF
002#80BA7FE7AD9997FF
003#7EC37FE7AD9997FF
004#7E0F7FE7AD9997FF
005#813A8000C40A37FF
006#7F6C8000FD0A37FF
007#80C77FE0CC0A37FF
008#7FBA7FE0830A37FF
001#80DF7FD7AD9997FF
002#80BB7FE7AD9997FF
003#7EC37FE7AD9997FF
004#7E0F7FE7AD9997FF
005#813A7FE0C40A37FF
006#7F6C7FE0FD0A37FF
007#80C88010CC0A37FF
008#7FBA7FE0830A37FF
001#80E07FE7AD9997FF
002#80BC8017AD9997FF
003#7EC37FE7AD9997FF
004#7E0F7FD7AD9997FF
005#813A8000C40A37FF
006#7F6C7FD0FD0A37FF
007#80C98000CC0A37FF
008#7FB97FE0830A37FF
001#80E07FE7AD9997FF
002#80BE8007AD9997FF
003#7EC37FE7AD9997FF
004#7E0F7FE7AD9997FF
005#813A7FE0C40A37FF
006#7F6C8000FD0A37FF
007#80C97FE0CC0A37FF
008#7FBA7FD0830A37FF
001#80E07FE7AD9997FF
002#80BE7FE7AD9997FF
003#7EC37FE7AD9997FF
004#7E0F8007AD9997FF
005#813A8000C40A37FF
006#7F6C7FE0FD0A37FF
007#80C97FE0CC0A37FF
008#7FBA7FE0830A37FF
001#80E08007AD9997FF
002#80BE7FE7AD9997FF
003#7EC37FE7AD9997FF
004#7E0F8007AD9997FF
005#813A7FE0C40A37FF
006#7F6C7FE0FD0A37FF
007#80C97FD0CC0A37FF
008#7FBA7FD0830A37FF
001#80E07FE7AD9997FF
002#80BE8007AD9997FF
003#7EC38007AD9997FF
004#7E0F8007AD9997FF
005#813B7FE0C40A37FF
006#7F6C7FE0FD0A37FF
007#80C98000CC0A37FF
008#7FB97FE0830A37FF
001#80E07FE7AD9997FF
002#80BE8007AD9997FF
003#7EC38007AD9997FF
004#7E0F7FE7AD9997FF
005#813B8000C40A37FF
006#7F6E8020FD0A37FF
007#80CB8000CC0A37FF
008#7FB97FE0830A37FF
001#80E07FE7AD9997FF
002#80BC7FD7AD9997FF
003#7EC37FE7AD9997FF
004#7E0F7FE7AD9997FF
005#813C8000C40A37FF
006#7F707FD0FD0A37FF
007#80CB7FE0CC0A37FF
008#7FBA7FE0830A37FF
001#80E07FE7AD9997FF
002#80BB7FD7AD9997FF
003#7EC38007AD9997FF
004#7E0F8007AD9997FF
005#813C8000C40A37FF
006#7F708000FD0A37FF
007#80CB7FE0CC0A37FF
008#7FBA7FE0830A37FF
001#80E07FE7AD9997FF
002#80BB7FD7AD9997FF
003#7EC37FE7AD9997FF
004#7E0F7FE7AD9997FF
005#813E8010C40A37FF
006#7F707FD0FD0A37FF
007#80CB7FE0CC0A37FF
008#7FBA8000830A37FF
001#80E07FE7AD9997FF
002#80BA7FE7AD9997FF
003#7EC37FE7AD9997FF
004#7E0F7FD7AD9997FF
005#814480B0C40A37FF
006#7F708000FD0A37FF
007#80CB7FE0CC0A37FF
008#7FBA7FE0830A37FF
001#80E07FE7AD9997FF
002#80BA7FE7AD9997FF
003#7EC37FE7AD9997FF
004#7E0F7FE7AD9997FF
005#81457FB0C40A37FF
006#7F707FE0FD0A37FF
007#80C97FE0CC0A37FF
008#7FBA7FE0830A37FF
001#80E07FE7AD9997FF
002#80BA7FD7AD9997FF
003#7EC37FE7AD9997FF
004#7E0F7FE7AD9997FF
005#81457FE0C40A37FF
006#7F707FD0FD0A37FF
007#80C97FE0CC0A37FF
008#7FBA7FE0830A37FF
001#80DF7FE7AD9997FF
002#80BA7FE7AD9997FF
003#7EC38007AD9997FF
004#7E0F7FE7AD9997FF
005#81447FE0C40A37FF
006#7F6E7FD0FD0A37FF
007#80C97FE0CC0A37FF
008#7FBA7FE0830A37FF
001#80DF7FE7AD9997FF
002#80BB8007AD9997FF
003#7EC37FD7AD9997FF
004#7E0F7FE7AD9997FF
005#81447FD0C40A37FF
006#7F6E7FD0FD0A37FF
007#80C87FC0CC0A37FF
008#7FBA7FE0830A37FF
001#80DF7FE7AD9997FF
002#80BB8007AD9997FF
003#7EC37FD7AD9997FF
004#7E0F7FE7AD9997FF
005#81448000C40A37FF
006#7F6E8000FD0A37FF
007#80C98000CC0A37FF
008#7FB97FE0830A37FF
001#80E08007AD9997FF
002#80BB7FE7AD9997FF
003#7EC37FE7AD9997FF
004#7E0F7FE7AD9997FF
005#81448000C40A37FF
006#7F6E7FE0FD0A37FF
007#80C97FE0CC0A37FF
008#7FBA8000830A37FF
001#80E07FE7AD9997FF
002#80BB8007AD9997FF
003#7EC37FD7AD9997FF
004#7E0F7FE7AD9997FF
005#81448000C40A37FF
006#7F6E7FE0FD0A37FF
007#80C98000CC0A37FF
008#7FBA7FE0830A37FF
001#80E07FE7AD9997FF
002#80BB8007AD9997FF
003#7EC37FE7AD9997FF
004#7E0F7FE7AD9997FF
005#81447FD0C40A37FF
006#7F6E7FE0FD0A37FF
007#80C97FE0CC0A37FF
008#7FBA7FD0830A37FF
001#80E07FE7AD9997FF
002#80BB8007AD9997FF
003#7EC37FE7AD9997FF
004#7E0F7FE7AD9997FF
005#81447FE0C40A37FF
006#7F6E7FD0FD0A37FF
007#80C97FE0CC0A37FF
008#7FBA7FD0830A37FF
001#80E07FE7AD9997FF
002#80BC8017AD9997FF
003#7EC37FD7AD9997FF
004#7E0F7FE7AD9997FF
005#81447FD0C40A37FF
006#7F6E7FD0FD0A37FF
007#80C97FE0CC0A37FF
008#7FBA7FD0830A37FF
001#80E07FE7AD9997FF
002#80BC7FE7AD9997FF
003#7EC37FE7AD9997FF
004#7E0F7FE7AD9997FF
005#81447FD0C40A37FF
006#7F6E7FE0FD0A37FF
007#80C97FE0CC0A37FF
008#7FBA7FE0830A37FF
001#80E07FE7AD9997FF
002#80BC7FD7AD9997FF
003#7EC37FD7AD9997FF
004#7E0F7FE7AD9997FF
005#81448000C40A37FF
006#7F6E8000FD0A37FF
007#80C97FE0CC0A37FF
008#7FBA7FE0830A37FF
001#80E07FE7AD9997FF
002#80BC7FE7AD9997FF
003#7EC37FE7AD9997FF
004#7E0F7FE7AD9997FF
005#81447FE0C40A37FF
006#7F6E7FE0FD0A37FF
007#80C97FD0CC0A37FF
008#7FBA7FE0830A37FF
001#80E07FD7AD9997FF
002#80BC7FE7AD9997FF
003#7EC37FE7AD9997FF
004#7E0F7FE7AD9997FF
005#81447FE0C40A37FF
006#7F6E7FE0FD0A37FF
007#80C97FE0CC0A37FF
008#7FBA8000830A37FF
001#80DF8007AD9997FF
002#80BB7FE7AD9997FF
003#7EC38007AD9997FF
004#7E0F7FE7AD9997FF
005#81447FE0C40A37FF
006#7F6E8000FD0A37FF
007#80C97FD0CC0A37FF
008#7FB97FE0830A37FF
001#80DF7FD7AD9997FF
002#80BB7FD7AD9997FF
003#7EC37FE7AD9997FF
004#7E0F7FD7AD9997FF
005#81447FD0C40A37FF
006#7F6E7FD0FD0A37FF
007#80C97FD0CC0A37FF
008#7FBA7FE0830A37FF
001#80DF7FE7AD9997FF
002#80BB7FE7AD9997FF
003#7EC37FE7AD9997FF
004#7E0F7FE7AD9997FF
005#81447FD0C40A37FF
006#7F6E7FE0FD0A37FF
007#80C97FE0CC0A37FF
008#7FBA7FE0830A37FF
001#80DF7FE7AD9997FF
002#80BB7FE7AD9997FF
003#7EC37FE7AD9997FF
004#7E0F7FE7AD9997FF
005#81447FE0C40A37FF
006#7F6E7FE0FD0A37FF
007#80C97FD0CC0A37FF
008#7FBA8000830A37FF
001#80E07FE7AD9997FF
002#80BC7FE7AD9997FF
003#7EC37FE7AD9997FF
004#7E0F7FE7AD9997FF
005#81447FD0C40A37FF
006#7F6E7FE0FD0A37FF
007#80C97FE0CC0A37FF
008#7FBA7FD0830A37FF
001#80E07FE7AD9997FF
002#80BC8007AD9997FF
003#7EC37FE7AD9997FF
004#7E0F7FE7AD9997FF
005#81448000C40A37FF
006#7F6E7FC0FD0A37FF
007#80C97FD0CC0A37FF
008#7FBA8000830A37FF
001#80E07FE7AD9997FF
002#80BB7FE7AD9997FF
003#7EC37FE7AD9997FF
004#7E0F8007AD9997FF
005#81447FE0C40A37FF
006#7F6E7FE0FD0A37FF
007#80C97FE0CC0A37FF
008#7FBA7FE0830A37FF
001#80E07FE7AD9997FF
002#80BC7FE7AD9997FF
003#7EC37FE7AD9997FF
004#7E0F7FE7AD9997FF
005#81447FE0C40A37FF
006#7F6E7FE0FD0A37FF
007#80C98000CC0A37FF
008#7FB97FD0830A37FF
001#80E08007AD9997FF
002#80BC7FE7AD9997FF
003#7EC37FD7AD9997FF
004#7E0F8007AD9997FF
005#81447FE0C40A37FF
006#7F6E7FD0FD0A37FF
007#80C98000CC0A37FF
008#7FBA8000830A37FF
001#80E07FD7AD9997FF
002#80BC7FE7AD9997FF
003#7EC37FE7AD9997FF
004#7E0F7FE7AD9997FF
005#81447FD0C40A37FF
006#7F6E7FD0FD0A37FF
007#80C98000CC0A37FF
008#7FB97FE0830A37FF
001#80E07FE7AD9997FF
002#80BC7FE7AD9997FF
003#7EC37FE7AD9997FF
004#7E0F7FE7AD9997FF
005#81447FE0C40A37FF
006#7F6E7FE0FD0A37FF
007#80C98000CC0A37FF
008#7FBA8000830A37FF
001#80E07FE7AD9997FF
002#80BC7FE7AD9997FF
003#7EC37FE7AD9997FF
004#7E0F7FE7AD9997FF
005#81447FE0C40A37FF
006#7F6E8000FD0A37FF
007#80C97FE0CC0A37FF
008#7FBA8000830A37FF
001#80E08007AD9997FF
002#80BC7FD7AD9997FF
003#7EC37FE7AD9997FF
004#7E0F7FE7AD9997FF
005#81447FE0C40A37FF
006#7F6E7FE0FD0A37FF
007#80C97FE0CC0A37FF
008#7FB97FD0830A37FF
001#80E07FE7AD9997FF
002#80BC7FD7AD9997FF
003#7EC37FE7AD9997FF
004#7E0F7FE7AD9997FF
005#81447FE0C40A37FF
006#7F6E7FE0FD0A37FF
007#80C97FE0CC0A37FF
008#7FBA7FE0830A37FF
001#80E07FE7AD9997FF
002#80BB7FE7AD9997FF
003#7EC37FE7AD9997FF
004#7E0F7FE7AD9997FF
005#81447FE0C40A37FF
006#7F6E8000FD0A37FF
007#80C97FE0CC0A37FF
008#7FBA8000830A37FF
001#80E07FE7AD9997FF
002#80BB7FE7AD9997FF
003#7EC37FE7AD9997FF
004#7E0F7FE7AD9997FF
005#81447FE0C40A37FF
006#7F6E8000FD0A37FF
007#80C97FD0CC0A37FF
008#7FBA7FE0830A37FF
001#80E07FE7AD9997FF
002#80BB7FD7AD9997FF
003#7EC37FE7AD9997FF
004#7E0F7FE7AD9997FF
005#81448000C40A37FF
006#7F6E7FE0FD0A37FF
007#80C97FD0CC0A37FF
008#7FBA7FE0830A37FF
001#80E08007AD9997FF
002#80BB7FE7AD9997FF
003#7EC38007AD9997FF
004#7E0F7FE7AD9997FF
005#81447FD0C40A37FF
006#7F6E7FD0FD0A37FF
007#80C97FD0CC0A37FF
008#7FB97FD0830A37FF
001#80E07FE7AD9997FF
002#80BB7FE7AD9997FF
003#7EC38007AD9997FF
004#7E0F7FE7AD9997FF
005#81448000C40A37FF
006#7F6E7FE0FD0A37FF
007#80C97FD0CC0A37FF
008#7FBA7FD0830A37FF
001#80DF7FE7AD9997FF
002#80BB7FE7AD9997FF
003#7EC38007AD9997FF
004#7E0F7FE7AD9997FF
005#81447FE0C40A37FF
006#7F6E7FD0FD0A37FF
007#80C97FD0CC0A37FF
008#7FB97FD0830A37FF
001#80DF7FE7AD9997FF
002#80BC7FE7AD9997FF
003#7EC37FE7AD9997FF
004#7E0F7FE7AD9997FF
005#81447FE0C40A37FF
006#7F6E7FE0FD0A37FF
007#80C97FE0CC0A37FF
008#7FBA8000830A37FF
001#80DF7FE7AD9997FF
002#80BC7FE7AD9997FF
003#7EC37FE7AD9997FF
004#7E0F7FD7AD9997FF
005#81447FD0C40A37FF
006#7F6E7FD0FD0A37FF
007#80C97FD0CC0A37FF
008#7FBA8000830A37FF
001#80E07FE7AD9997FF
002#80BC7FE7AD9997FF
003#7EC37FE7AD9997FF
004#7E0F7FE7AD9997FF
005#81447FE0C40A37FF
006#7F6E8000FD0A37FF
007#80C97FE0CC0A37FF
008#7FBA7FE0830A37FF
001#80E07FE7AD9997FF
002#80BC7FE7AD9997FF
003#7EC37FE7AD9997FF
004#7E0F7FE7AD9997FF
005#81447FE0C40A37FF
006#7F6E7FE0FD0A37FF
007#80C97FE0CC0A37FF
008#7FBA7FE0830A37FF
001#80E08007AD9997FF
002#80BB8007AD9997FF
003#7EC37FE7AD9997FF
004#7E0F7FE7AD9997FF
005#81447FE0C40A37FF
006#7F6E7FD0FD0A37FF
007#80C98000CC0A37FF
008#7FB97FD0830A37FF
001#80DF7FD7AD9997FF
002#80BC7FE7AD9997FF
003#7EC37FE7AD9997FF
004#7E0F7FE7AD9997FF
005#81447FE0C40A37FF
006#7F6E7FE0FD0A37FF
007#80C97FE0CC0A37FF
008#7FBA7FE0830A37FF
001#80E07FE7AD9997FF
002#80BC7FE7AD9997FF
003#7EC37FE7AD9997FF
004#7E0F7FE7AD9997FF
005#81447FE0C40A37FF
006#7F6E7FE0FD0A37FF
007#80C97FD0CC0A37FF
008#7FBA7FE0830A37FF
001#FFFFFFFFFFFFFFFD
002#FFFFFFFFFFFFFFFD
003#FFFFFFFFFFFFFFFD
004#FFFFFFFFFFFFFFFD
005#FFFFFFFFFFFFFFFD
006#FFFFFFFFFFFFFFFD
007#FFFFFFFFFFFFFFFD
008#FFFFFFFFFFFFFFFD
