001#FFFFFFFFFFFFFFFC
002#FFFFFFFFFFFFFFFC
003#FFFFFFFFFFFFFFFC
004#FFFFFFFFFFFFFFFC
005#FFFFFFFFFFFFFFFC
006#FFFFFFFFFFFFFFFC
007#FFFFFFFFFFFFFFFC
008#FFFFFFFFFFFFFFFC
001#7FFE7FF7AD9997FF
002#80307FF7AD9997FF
003#7FC47FF7AD9997FF
004#80537FF7AD9997FF
005#7FFF7FF0C40A37FF
006#7F047FF0FD0A37FF
007#7F3C7FF0CC0A37FF
008#7FF47FF0511997FF
001#7FFE7FF7AD9997FF
002#802E7FF7AD9997FF
003#7FC67FF7AD9997FF
004#804F7FF7AD9997FF
005#7FFF7FF0C40A37FF
006#7F0F7FF0FD0A37FF
007#7F457FF0CC0A37FF
008#7FF47FF0511997FF
001#7FFE7FF7AD9997FF
002#802C7FF7AD9997FF
003#7FC97FF7AD9997FF
004#804B7FF7AD9997FF
005#7FFF7FF0C40A37FF
006#7F1B7FF0FD0A37FF
007#7F4E7FF0CC0A37FF
008#7FF57FF0511997FF
001#7FFE7FF7AD9997FF
002#802A7FF7AD9997FF
003#7FCC7FF7AD9997FF
004#80487FF7AD9997FF
005#7FFF7FF0C40A37FF
006#7F267FF0FD0A37FF
007#7F577FF0CC0A37FF
008#7FF57FF0511997FF
001#7FFE7FF7AD9997FF
002#80277FF7AD9997FF
003#7FCF7FF7AD9997FF
004#80447FF7AD9997FF
005#7FFF7FF0C40A37FF
006#7F327FF0FD0A37FF
007#7F607FF0CC0A37FF
008#7FF67FF0511997FF
001#7FFE7FF7AD9997FF
002#80257FF7AD9997FF
003#7FD17FF7AD9997FF
004#80407FF7AD9997FF
005#7FFF7FF0C40A37FF
006#7F3D7FF0FD0A37FF
007#7F697FF0CC0A37FF
008#7FF67FF0511997FF
001#7FFE7FF7AD9997FF
002#80237FF7AD9997FF
003#7FD47FF7AD9997FF
004#803C7FF7AD9997FF
005#7FFF7FF0C40A37FF
006#7F497FF0FD0A37FF
007#7F727FF0CC0A37FF
008#7FF77FF0511997FF
001#7FFE7FF7AD9997FF
002#80217FF7AD9997FF
003#7FD77FF7AD9997FF
004#80387FF7AD9997FF
005#7FFF7FF0C40A37FF
006#7F547FF0FD0A37FF
007#7F7B7FF0CC0A37FF
008#7FF77FF0511997FF
001#7FFE7FF7AD9997FF
002#801E7FF7AD9997FF
003#7FD97FF7AD9997FF
004#80347FF7AD9997FF
005#7FFF7FF0C40A37FF
006#7F5F7FF0FD0A37FF
007#7F837FF0CC0A37FF
008#7FF87FF0511997FF
001#7FFE7FF7AD9997FF
002#801C7FF7AD9997FF
003#7FDC7FF7AD9997FF
004#80317FF7AD9997FF
005#7FFF7FF0C40A37FF
006#7F6B7FF0FD0A37FF
007#7F8C7FF0CC0A37FF
008#7FF87FF0511997FF
001#7FFE7FF7AD9997FF
002#801A7FF7AD9997FF
003#7FDF7FF7AD9997FF
004#802D7FF7AD9997FF
005#7FFF7FF0C40A37FF
006#7F767FF0FD0A37FF
007#7F957FF0CC0A37FF
008#7FF97FF0511997FF
001#7FFE7FF7AD9997FF
002#80187FF7AD9997FF
003#7FE27FF7AD9997FF
004#80297FF7AD9997FF
005#7FFF7FF0C40A37FF
006#7F827FF0FD0A37FF
007#7F9E7FF0CC0A37FF
008#7FF97FF0511997FF
001#7FFE7FF7AD9997FF
002#80157FF7AD9997FF
003#7FE47FF7AD9997FF
004#80257FF7AD9997FF
005#7FFF7FF0C40A37FF
006#7F8D7FF0FD0A37FF
007#7FA77FF0CC0A37FF
008#7FFA7FF0511997FF
001#7FFE7FF7AD9997FF
002#80137FF7AD9997FF
003#7FE77FF7AD9997FF
004#80217FF7AD9997FF
005#7FFF7FF0C40A37FF
006#7F997FF0FD0A37FF
007#7FB07FF0CC0A37FF
008#7FFA7FF0511997FF
001#7FFE7FF7AD9997FF
002#80117FF7AD9997FF
003#7FEA7FF7AD9997FF
004#801D7FF7AD9997FF
005#7FFF7FF0C40A37FF
006#7FA47FF0FD0A37FF
007#7FB97FF0CC0A37FF
008#7FFB7FF0511997FF
001#7FFF7FF7AD9997FF
002#800F7FF7AD9997FF
003#7FEC7FF7AD9997FF
004#801A7FF7AD9997FF
005#7FFF7FF0C40A37FF
006#7FB07FF0FD0A37FF
007#7FC27FF0CC0A37FF
008#7FFB7FF0511997FF
001#7FFF7FF7AD9997FF
002#800C7FF7AD9997FF
003#7FEF7FF7AD9997FF
004#80167FF7AD9997FF
005#7FFF7FF0C40A37FF
006#7FBB7FF0FD0A37FF
007#7FCB7FF0CC0A37FF
008#7FFC7FF0511997FF
001#7FFF7FF7AD9997FF
002#800A7FF7AD9997FF
003#7FF27FF7AD9997FF
004#80127FF7AD9997FF
005#7FFF7FF0C40A37FF
006#7FC77FF0FD0A37FF
007#7FD37FF0CC0A37FF
008#7FFC7FF0511997FF
001#7FFF7FF7AD9997FF
002#80087FF7AD9997FF
003#7FF47FF7AD9997FF
004#800E7FF7AD9997FF
005#7FFF7FF0C40A37FF
006#7FD27FF0FD0A37FF
007#7FDC7FF0CC0A37FF
008#7FFD7FF0511997FF
001#7FFF7FF7AD9997FF
002#80067FF7AD9997FF
003#7FF77FF7AD9997FF
004#800A7FF7AD9997FF
005#7FFF7FF0C40A37FF
006#7FDE7FF0FD0A37FF
007#7FE57FF0CC0A37FF
008#7FFD7FF0511997FF
001#7FFF7FF7AD9997FF
002#80037FF7AD9997FF
003#7FFA7FF7AD9997FF
004#80067FF7AD9997FF
005#7FFF7FF0C40A37FF
006#7FE97FF0FD0A37FF
007#7FEE7FF0CC0A37FF
008#7FFE7FF0511997FF
001#7FFF7FF7AD9997FF
002#80017FF7AD9997FF
003#7FFD7FF7AD9997FF
004#80027FF7AD9997FF
005#7FFF7FF0C40A37FF
006#7FF57FF0FD0A37FF
007#7FF77FF0CC0A37FF
008#7FFF7FF0511997FF
001#7FFE7FE7AD9997FF
002#80037FE7AD9997FF
003#7FFC8097AD9997FF
004#800B7FE7AD9997FF
005#7FFF7FE0C40A37FF
006#7FED8000FD0A37FF
007#7FEF7FD0CC0A37FF
008#7FF38000830A37FF
001#7FF77FD7AD9997FF
002#80057FE7AD9997FF
003#80068027AD9997FF
004#7FFF8007AD9997FF
005#80118040C40A37FF
006#7FF97FB0FD0A37FF
007#7FEB7FB0CC0A37FF
008#7FE27FD0830A37FF
001#7FF77FE7AD9997FF
002#80057FE7AD9997FF
003#80067FE7AD9997FF
004#7FFF7FE7AD9997FF
005#80118000C40A37FF
006#7FF97FE0FD0A37FF
007#7FEB8000CC0A37FF
008#7FE27FE0830A37FF
001#7FF77FE7AD9997FF
002#80068007AD9997FF
003#80067FE7AD9997FF
004#7FFF7FE7AD9997FF
005#80117FE0C40A37FF
006#7FFB7FE0FD0A37FF
007#7FEB7FE0CC0A37FF
008#7FE27FE0830A37FF
001#7FF77FE7AD9997FF
002#80077FE7AD9997FF
003#80067FD7AD9997FF
004#7FFF7FE7AD9997FF
005#80117FE0C40A37FF
006#7FF97FE0FD0A37FF
007#7FEB7FE0CC0A37FF
008#7FE27FE0830A37FF
001#7FF77FD7AD9997FF
002#80077FE7AD9997FF
003#80067FE7AD9997FF
004#7FFF7FE7AD9997FF
005#80117FD0C40A37FF
006#7FFB7FE0FD0A37FF
007#7FEB7FE0CC0A37FF
008#7FE27FE0830A37FF
001#7FF77FE7AD9997FF
002#80077FE7AD9997FF
003#80067FE7AD9997FF
004#7FFF7FE7AD9997FF
005#80117FE0C40A37FF
006#7FF97FD0FD0A37FF
007#7FEB7FE0CC0A37FF
008#7FE27FE0830A37FF
001#7FF77FE7AD9997FF
002#80077FE7AD9997FF
003#80067FE7AD9997FF
004#7FFF7FD7AD9997FF
005#80118000C40A37FF
006#7FF98000FD0A37FF
007#7FEB8000CC0A37FF
008#7FE27FE0830A37FF
001#7FF77FE7AD9997FF
002#80077FE7AD9997FF
003#80067FD7AD9997FF
004#7FFF7FE7AD9997FF
005#80117FE0C40A37FF
006#7FF98000FD0A37FF
007#7FEB8000CC0A37FF
008#7FE27FE0830A37FF
001#7FF77FE7AD9997FF
002#80077FE7AD9997FF
003#80067FE7AD9997FF
004#7FFF7FE7AD9997FF
005#80118000C40A37FF
006#7FF98000FD0A37FF
007#7FEB8000CC0A37FF
008#7FE27FE0830A37FF
001#7FF77FE7AD9997FF
002#80077FE7AD9997FF
003#80067FE7AD9997FF
004#7FFF7FE7AD9997FF
005#80117FD0C40A37FF
006#7FF98000FD0A37FF
007#7FEB7FE0CC0A37FF
008#7FE28000830A37FF
001#7FF77FE7AD9997FF
002#80077FE7AD9997FF
003#80067FE7AD9997FF
004#7FFF7FE7AD9997FF
005#80118000C40A37FF
006#7FF97FE0FD0A37FF
007#7FEB7FD0CC0A37FF
008#7FE28000830A37FF
001#7FF77FE7AD9997FF
002#80077FE7AD9997FF
003#80067FE7AD9997FF
004#7FFF7FD7AD9997FF
005#80117FE0C40A37FF
006#7FF97FE0FD0A37FF
007#7FEB7FE0CC0A37FF
008#7FE27FD0830A37FF
001#7FF77FE7AD9997FF
002#80077FE7AD9997FF
003#80067FE7AD9997FF
004#7FFF7FE7AD9997FF
005#80117FE0C40A37FF
006#7FF97FE0FD0A37FF
007#7FEB7FE0CC0A37FF
008#7FE27FE0830A37FF
001#7FF77FE7AD9997FF
002#80077FE7AD9997FF
003#80067FE7AD9997FF
004#7FFF7FE7AD9997FF
005#80117FD0C40A37FF
006#7FF97FE0FD0A37FF
007#7FEB7FE0CC0A37FF
008#7FE27FE0830A37FF
001#7FF77FE7AD9997FF
002#80077FE7AD9997FF
003#80067FE7AD9997FF
004#7FFF7FD7AD9997FF
005#80117FD0C40A37FF
006#7FF97FE0FD0A37FF
007#7FEB7FE0CC0A37FF
008#7FE27FD0830A37FF
001#7FF77FE7AD9997FF
002#80077FE7AD9997FF
003#80067FE7AD9997FF
004#7FFF7FE7AD9997FF
005#80117FE0C40A37FF
006#7FF97FE0FD0A37FF
007#7FEB7FE0CC0A37FF
008#7FE27FE0830A37FF
001#7FF77FD7AD9997FF
002#80077FE7AD9997FF
003#80067FE7AD9997FF
004#7FFF7FE7AD9997FF
005#80117FE0C40A37FF
006#7FF97FE0FD0A37FF
007#7FEB7FE0CC0A37FF
008#7FE27FE0830A37FF
001#7FF77FE7AD9997FF
002#80077FD7AD9997FF
003#80067FE7AD9997FF
004#7FFF7FE7AD9997FF
005#80117FE0C40A37FF
006#7FF97FE0FD0A37FF
007#7FEB7FE0CC0A37FF
008#7FE27FD0830A37FF
001#7FF77FE7AD9997FF
002#80077FE7AD9997FF
003#80067FE7AD9997FF
004#7FFF7FE7AD9997FF
005#80117FE0C40A37FF
006#7FF97FE0FD0A37FF
007#7FEB8000CC0A37FF
008#7FE27FE0830A37FF
001#7FF77FE7AD9997FF
002#80077FD7AD9997FF
003#80067FE7AD9997FF
004#7FFF7FE7AD9997FF
005#80117FE0C40A37FF
006#7FF97FE0FD0A37FF
007#7FEB7FE0CC0A37FF
008#7FE27FE0830A37FF
001#7FF77FE7AD9997FF
002#80077FE7AD9997FF
003#80067FE7AD9997FF
004#7FFF8007AD9997FF
005#80118000C40A37FF
006#7FF98000FD0A37FF
007#7FEB7FE0CC0A37FF
008#7FE27FE0830A37FF
001#7FF77FE7AD9997FF
002#80078007AD9997FF
003#80067FE7AD9997FF
004#7FFF7FE7AD9997FF
005#80118000C40A37FF
006#7FF98000FD0A37FF
007#7FEB7FE0CC0A37FF
008#7FE28000830A37FF
001#7FF77FE7AD9997FF
002#80077FE7AD9997FF
003#80067FE7AD9997FF
004#7FFF7FE7AD9997FF
005#80118000C40A37FF
006#7FF97FE0FD0A37FF
007#7FEB7FE0CC0A37FF
008#7FE27FE0830A37FF
001#7FF77FE7AD9997FF
002#80077FE7AD9997FF
003#80068007AD9997FF
004#7FFF7FE7AD9997FF
005#80117FE0C40A37FF
006#7FF97FE0FD0A37FF
007#7FEB7FE0CC0A37FF
008#7FE28000830A37FF
001#7FF77FE7AD9997FF
002#80077FE7AD9997FF
003#80067FE7AD9997FF
004#7FFF7FE7AD9997FF
005#80117FE0C40A37FF
006#7FF97FD0FD0A37FF
007#7FEB7FE0CC0A37FF
008#7FE28000830A37FF
001#7FF77FE7AD9997FF
002#80077FE7AD9997FF
003#80067FE7AD9997FF
004#7FFF7FE7AD9997FF
005#80117FE0C40A37FF
006#7FF97FE0FD0A37FF
007#7FEB8000CC0A37FF
008#7FE27FE0830A37FF
001#7FF77FE7AD9997FF
002#80077FE7AD9997FF
003#80067FE7AD9997FF
004#7FFF7FE7AD9997FF
005#80117FE0C40A37FF
006#7FF97FE0FD0A37FF
007#7FEB7FE0CC0A37FF
008#7FE27FE0830A37FF
001#7FF77FE7AD9997FF
002#80077FE7AD9997FF
003#80067FE7AD9997FF
004#7FFF7FE7AD9997FF
005#80118000C40A37FF
006#7FF97FD0FD0A37FF
007#7FEB7FE0CC0A37FF
008#7FE27FE0830A37FF
001#7FF77FE7AD9997FF
002#80077FE7AD9997FF
003#80067FE7AD9997FF
004#7FFF7FE7AD9997FF
005#80117FD0C40A37FF
006#7FF97FE0FD0A37FF
007#7FEB8000CC0A37FF
008#7FE28000830A37FF
001#7FF77FE7AD9997FF
002#80077FE7AD9997FF
003#80067FE7AD9997FF
004#7FFF7FE7AD9997FF
005#80118000C40A37FF
006#7FF97FE0FD0A37FF
007#7FEB7FD0CC0A37FF
008#7FE27FE0830A37FF
001#7FF77FE7AD9997FF
002#80078007AD9997FF
003#80067FE7AD9997FF
004#7FFF7FE7AD9997FF
005#80117FD0C40A37FF
006#7FF97FE0FD0A37FF
007#7FEB7FD0CC0A37FF
008#7FE28000830A37FF
001#7FF77FE7AD9997FF
002#80077FE7AD9997FF
003#80067FE7AD9997FF
004#7FFF7FE7AD9997FF
005#80117FE0C40A37FF
006#7FF97FE0FD0A37FF
007#7FEB7FE0CC0A37FF
008#7FE27FE0830A37FF
001#7FF77FE7AD9997FF
002#80077FE7AD9997FF
003#80067FE7AD9997FF
004#7FFF7FE7AD9997FF
005#80117FE0C40A37FF
006#7FF97FE0FD0A37FF
007#7FEB7FE0CC0A37FF
008#7FE28000830A37FF
001#7FF77FE7AD9997FF
002#80077FE7AD9997FF
003#80067FE7AD9997FF
004#7FFF7FE7AD9997FF
005#80117FE0C40A37FF
006#7FF97FE0FD0A37FF
007#7FEB7FE0CC0A37FF
008#7FE27FC0830A37FF
001#7FF77FD7AD9997FF
002#80077FE7AD9997FF
003#80067FE7AD9997FF
004#7FFF7FE7AD9997FF
005#80117FD0C40A37FF
006#7FF97FE0FD0A37FF
007#7FEB7FE0CC0A37FF
008#7FE27FE0830A37FF
001#7FF78007AD9997FF
002#80077FE7AD9997FF
003#80067FE7AD9997FF
004#7FFF8007AD9997FF
005#80117FD0C40A37FF
006#7FF97FD0FD0A37FF
007#7FEB7FE0CC0A37FF
008#7FE27FE0830A37FF
001#7FF77FE7AD9997FF
002#80077FE7AD9997FF
003#80067FE7AD9997FF
004#7FFF7FE7AD9997FF
005#80117FE0C40A37FF
006#7FF97FE0FD0A37FF
007#7FEB7FD0CC0A37FF
008#7FE27FE0830A37FF
001#7FF77FE7AD9997FF
002#80077FE7AD9997FF
003#80067FE7AD9997FF
004#7FFF7FE7AD9997FF
005#80117FE0C40A37FF
006#7FF98000FD0A37FF
007#7FEB8000CC0A37FF
008#7FE27FE0830A37FF
001#7FF78007AD9997FF
002#80077FE7AD9997FF
003#80067FE7AD9997FF
004#7FFF7FE7AD9997FF
005#80117FE0C40A37FF
006#7FF97FE0FD0A37FF
007#7FEB8000CC0A37FF
008#7FE27FE0830A37FF
001#7FF77FE7AD9997FF
002#80077FE7AD9997FF
003#80067FE7AD9997FF
004#7FFF7FE7AD9997FF
005#80117FD0C40A37FF
006#7FF98000FD0A37FF
007#7FEB7FE0CC0A37FF
008#7FE27FD0830A37FF
001#7FF77FE7AD9997FF
002#80078007AD9997FF
003#80067FE7AD9997FF
004#7FFF8007AD9997FF
005#80118000C40A37FF
006#7FF97FE0FD0A37FF
007#7FEB8000CC0A37FF
008#7FE27FE0830A37FF
001#7FF77FE7AD9997FF
002#80077FE7AD9997FF
003#80067FE7AD9997FF
004#7FFF8007AD9997FF
005#80118000C40A37FF
006#7FF97FD0FD0A37FF
007#7FEB7FE0CC0A37FF
008#7FE27FD0830A37FF
001#7FF77FE7AD9997FF
002#80077FE7AD9997FF
003#80067FE7AD9997FF
004#7FFF7FE7AD9997FF
005#80117FE0C40A37FF
006#7FF97FE0FD0A37FF
007#7FEB7FE0CC0A37FF
008#7FE28000830A37FF
001#7FF77FE7AD9997FF
002#80077FE7AD9997FF
003#80067FE7AD9997FF
004#7FFF7FE7AD9997FF
005#80117FE0C40A37FF
006#7FF97FE0FD0A37FF
007#7FEB7FE0CC0A37FF
008#7FE27FE0830A37FF
001#7FF77FE7AD9997FF
002#80077FE7AD9997FF
003#80067FE7AD9997FF
004#7FFF7FE7AD9997FF
005#80118000C40A37FF
006#7FF97FE0FD0A37FF
007#7FEB7FE0CC0A37FF
008#7FE27FC0830A37FF
001#7FF77FE7AD9997FF
002#80077FE7AD9997FF
003#80068007AD9997FF
004#7FFF7FD7AD9997FF
005#80118000C40A37FF
006#7FF97FE0FD0A37FF
007#7FEB7FD0CC0A37FF
008#7FE27FE0830A37FF
001#7FF77FE7AD9997FF
002#80077FE7AD9997FF
003#80067FE7AD9997FF
004#7FFF7FE7AD9997FF
005#80117FE0C40A37FF
006#7FF97FE0FD0A37FF
007#7FEB8000CC0A37FF
008#7FE27FE0830A37FF
001#7FF77FE7AD9997FF
002#80077FE7AD9997FF
003#80067FE7AD9997FF
004#7FFF8007AD9997FF
005#80117FE0C40A37FF
006#7FF97FD0FD0A37FF
007#7FEB7FE0CC0A37FF
008#7FE27FE0830A37FF
001#7FF78007AD9997FF
002#80077FE7AD9997FF
003#80067FD7AD9997FF
004#7FFF7FE7AD9997FF
005#80117FC0C40A37FF
006#7FF98000FD0A37FF
007#7FEB8000CC0A37FF
008#7FE27FE0830A37FF
001#7FF77FE7AD9997FF
002#80077FE7AD9997FF
003#80067FE7AD9997FF
004#7FFF7FE7AD9997FF
005#80117FE0C40A37FF
006#7FF98000FD0A37FF
007#7FEB8000CC0A37FF
008#7FE27FC0830A37FF
001#7FF77FD7AD9997FF
002#80077FE7AD9997FF
003#80067FE7AD9997FF
004#7FFF7FE7AD9997FF
005#80117FE0C40A37FF
006#7FF98000FD0A37FF
007#7FEB7FE0CC0A37FF
008#7FE27FE0830A37FF
001#7FF77FD7AD9997FF
002#80077FE7AD9997FF
003#80067FE7AD9997FF
004#7FFF7FE7AD9997FF
005#80117FD0C40A37FF
006#7FF98000FD0A37FF
007#7FEB8000CC0A37FF
008#7FE28000830A37FF
001#7FF77FE7AD9997FF
002#80077FE7AD9997FF
003#80067FD7AD9997FF
004#7FFF7FD7AD9997FF
005#80117FD0C40A37FF
006#7FF97FE0FD0A37FF
007#7FEB7FD0CC0A37FF
008#7FE28000830A37FF
001#7FF77FE7AD9997FF
002#80078007AD9997FF
003#80067FE7AD9997FF
004#7FFF7FE7AD9997FF
005#80117FE0C40A37FF
006#7FF97FE0FD0A37FF
007#7FEB8000CC0A37FF
008#7FE27FE0830A37FF
001#7FF77FE7AD9997FF
002#80077FE7AD9997FF
003#80067FE7AD9997FF
004#7FFF7FE7AD9997FF
005#80117FE0C40A37FF
006#7FF97FE0FD0A37FF
007#7FEB7FE0CC0A37FF
008#7FE27FE0830A37FF
001#7FF77FE7AD9997FF
002#80077FE7AD9997FF
003#80067FE7AD9997FF
004#7FFF7FD7AD9997FF
005#80117FE0C40A37FF
006#7FF98000FD0A37FF
007#7FEB8000CC0A37FF
008#7FE27FE0830A37FF
001#7FF77FE7AD9997FF
002#80077FE7AD9997FF
003#80067FE7AD9997FF
004#7FFF8007AD9997FF
005#80117FE0C40A37FF
006#7FF97FE0FD0A37FF
007#7FEB7FE0CC0A37FF
008#7FE27FE0830A37FF
001#7FF77FE7AD9997FF
002#80077FE7AD9997FF
003#80067FE7AD9997FF
004#7FFF7FE7AD9997FF
005#80118000C40A37FF
006#7FF98000FD0A37FF
007#7FEB7FE0CC0A37FF
008#7FE27FE0830A37FF
001#7FF77FE7AD9997FF
002#80077FE7AD9997FF
003#80067FD7AD9997FF
004#7FFF7FD7AD9997FF
005#80117FE0C40A37FF
006#7FF98000FD0A37FF
007#7FEB7FD0CC0A37FF
008#7FE27FD0830A37FF
001#7FF77FD7AD9997FF
002#80077FE7AD9997FF
003#80067FE7AD9997FF
004#7FFF8007AD9997FF
005#80117FD0C40A37FF
006#7FF97FD0FD0A37FF
007#7FEB7FE0CC0A37FF
008#7FE27FD0830A37FF
001#7FF77FE7AD9997FF
002#80078007AD9997FF
003#80067FE7AD9997FF
004#7FFF7FE7AD9997FF
005#80117FE0C40A37FF
006#7FF97FE0FD0A37FF
007#7FEB7FE0CC0A37FF
008#7FE27FD0830A37FF
001#7FF77FE7AD9997FF
002#80077FE7AD9997FF
003#80067FE7AD9997FF
004#7FFF7FD7AD9997FF
005#80117FE0C40A37FF
006#7FF97FE0FD0A37FF
007#7FEB8000CC0A37FF
008#7FE28000830A37FF
001#7FF78007AD9997FF
002#80077FE7AD9997FF
003#80067FE7AD9997FF
004#7FFF8007AD9997FF
005#80117FD0C40A37FF
006#7FF98000FD0A37FF
007#7FEB7FE0CC0A37FF
008#7FE27FD0830A37FF
001#7FF77FE7AD9997FF
002#80077FE7AD9997FF
003#80067FE7AD9997FF
004#7FFF7FE7AD9997FF
005#80117FC0C40A37FF
006#7FF98000FD0A37FF
007#7FEB7FE0CC0A37FF
008#7FE27FD0830A37FF
001#7FF77FE7AD9997FF
002#80077FE7AD9997FF
003#80067FE7AD9997FF
004#7FFF7FD7AD9997FF
005#80117FE0C40A37FF
006#7FF97FE0FD0A37FF
007#7FEB7FD0CC0A37FF
008#7FE27FD0830A37FF
001#7FF78007AD9997FF
002#80077FE7AD9997FF
003#80068007AD9997FF
004#7FFF7FE7AD9997FF
005#80117FE0C40A37FF
006#7FF97FD0FD0A37FF
007#7FEB7FD0CC0A37FF
008#7FE27FE0830A37FF
001#7FF77FD7AD9997FF
002#80077FE7AD9997FF
003#80068007AD9997FF
004#7FFF7FE7AD9997FF
005#80117FE0C40A37FF
006#7FF97FE0FD0A37FF
007#7FEB7FE0CC0A37FF
008#7FE27FE0830A37FF
001#7FF77FE7AD9997FF
002#80077FE7AD9997FF
003#80067FE7AD9997FF
004#7FFF7FE7AD9997FF
005#80117FE0C40A37FF
006#7FF97FD0FD0A37FF
007#7FEB7FD0CC0A37FF
008#7FE27FD0830A37FF
001#7FF77FE7AD9997FF
002#80077FE7AD9997FF
003#80067FE7AD9997FF
004#7FFF7FE7AD9997FF
005#80117FE0C40A37FF
006#7FF97FE0FD0A37FF
007#7FEB7FE0CC0A37FF
008#7FE27FD0830A37FF
001#7FF77FE7AD9997FF
002#80077FE7AD9997FF
003#80067FE7AD9997FF
004#7FFF8007AD9997FF
005#80118000C40A37FF
006#7FF97FE0FD0A37FF
007#7FEB7FE0CC0A37FF
008#7FE28000830A37FF
001#7FF77FE7AD9997FF
002#80077FE7AD9997FF
003#80067FE7AD9997FF
004#7FFF7FE7AD9997FF
005#80118000C40A37FF
006#7FF97FE0FD0A37FF
007#7FEB7FE0CC0A37FF
008#7FE27FE0830A37FF
001#7FF77FE7AD9997FF
002#80077FE7AD9997FF
003#80067FE7AD9997FF
004#7FFF7FE7AD9997FF
005#80118000C40A37FF
006#7FF98000FD0A37FF
007#7FEB7FE0CC0A37FF
008#7FE27FE0830A37FF
001#7FF77FD7AD9997FF
002#80077FE7AD9997FF
003#80067FE7AD9997FF
004#7FFF7FE7AD9997FF
005#80117FE0C40A37FF
006#7FF97FE0FD0A37FF
007#7FEB7FE0CC0A37FF
008#7FE27FD0830A37FF
001#7FF77FE7AD9997FF
002#80077FE7AD9997FF
003#80067FE7AD9997FF
004#7FFF7FE7AD9997FF
005#80117FE0C40A37FF
006#7FF97FE0FD0A37FF
007#7FEB8000CC0A37FF
008#7FE28000830A37FF
001#7FF77FE7AD9997FF
002#80077FE7AD9997FF
003#80068007AD9997FF
004#7FFF8007AD9997FF
005#80117FD0C40A37FF
006#7FF97FE0FD0A37FF
007#7FEB7FE0CC0A37FF
008#7FE28000830A37FF
001#7FF77FE7AD9997FF
002#80077FE7AD9997FF
003#80067FE7AD9997FF
004#7FFF7FE7AD9997FF
005#80117FE0C40A37FF
006#7FF98000FD0A37FF
007#7FEB7FE0CC0A37FF
008#7FE28000830A37FF
001#7FF77FE7AD9997FF
002#80077FE7AD9997FF
003#80067FE7AD9997FF
004#7FFF7FE7AD9997FF
005#80117FD0C40A37FF
006#7FF98000FD0A37FF
007#7FEB8000CC0A37FF
008#7FE27FE0830A37FF
001#7FF77FE7AD9997FF
002#80077FE7AD9997FF
003#80067FE7AD9997FF
004#7FFF7FE7AD9997FF
005#80117FE0C40A37FF
006#7FF97FE0FD0A37FF
007#7FEB7FE0CC0A37FF
008#7FE27FD0830A37FF
001#7FF77FE7AD9997FF
002#80077FE7AD9997FF
003#80067FE7AD9997FF
004#7FFF8007AD9997FF
005#80117FD0C40A37FF
006#7FF97FE0FD0A37FF
007#7FEB8000CC0A37FF
008#7FE27FE0830A37FF
001#7FF77FE7AD9997FF
002#80077FE7AD9997FF
003#80067FE7AD9997FF
004#7FFF8007AD9997FF
005#80117FD0C40A37FF
006#7FF98000FD0A37FF
007#7FEB8000CC0A37FF
008#7FE27FD0830A37FF
001#7FF77FE7AD9997FF
002#80077FE7AD9997FF
003#80067FE7AD9997FF
004#7FFF7FD7AD9997FF
005#80117FD0C40A37FF
006#7FF97FD0FD0A37FF
007#7FEB7FE0CC0A37FF
008#7FE27FE0830A37FF
001#7FF77FE7AD9997FF
002#80077FE7AD9997FF
003#80067FE7AD9997FF
004#7FFF7FE7AD9997FF
005#80117FE0C40A37FF
006#7FF97FE0FD0A37FF
007#7FEB7FD0CC0A37FF
008#7FE27FE0830A37FF
001#7FF77FE7AD9997FF
002#80067FE7AD9997FF
003#80068007AD9997FF
004#7FFF7FE7AD9997FF
005#80117FE0C40A37FF
006#7FF98000FD0A37FF
007#7FEB7FE0CC0A37FF
008#7FE27FD0830A37FF
001#7FF77FE7AD9997FF
002#80077FE7AD9997FF
003#80067FE7AD9997FF
004#7FFF7FE7AD9997FF
005#80117FE0C40A37FF
006#7FF97FD0FD0A37FF
007#7FEB8000CC0A37FF
008#7FE27FE0830A37FF
001#7FF77FE7AD9997FF
002#80078007AD9997FF
003#80068007AD9997FF
004#7FFF7FE7AD9997FF
005#80117FE0C40A37FF
006#7FF97FE0FD0A37FF
007#7FEB7FE0CC0A37FF
008#7FE27FE0830A37FF
001#7FF77FE7AD9997FF
002#80078007AD9997FF
003#80067FE7AD9997FF
004#7FFF7FE7AD9997FF
005#80117FE0C40A37FF
006#7FF97FE0FD0A37FF
007#7FEB7FE0CC0A37FF
008#7FE28000830A37FF
001#7FF77FE7AD9997FF
002#80077FE7AD9997FF
003#80067FE7AD9997FF
004#7FFF7FE7AD9997FF
005#80117FD0C40A37FF
006#7FF97FE0FD0A37FF
007#7FEB7FE0CC0A37FF
008#7FE27FD0830A37FF
001#7FF77FE7AD9997FF
002#80077FE7AD9997FF
003#80067FE7AD9997FF
004#7FFF8007AD9997FF
005#80117FE0C40A37FF
006#7FF97FE0FD0A37FF
007#7FEB7FE0CC0A37FF
008#7FE27FE0830A37FF
001#7FF77FD7AD9997FF
002#80077FE7AD9997FF
003#80068007AD9997FF
004#80008007AD9997FF
005#80117FE0C40A37FF
006#7FF98000FD0A37FF
007#7FEB7FE0CC0A37FF
008#7FE27FE0830A37FF
001#7FF77FE7AD9997FF
002#80077FE7AD9997FF
003#80067FE7AD9997FF
004#80008007AD9997FF
005#80118000C40A37FF
006#7FF97FE0FD0A37FF
007#7FEB7FE0CC0A37FF
008#7FE27FE0830A37FF
001#7FF77FE7AD9997FF
002#80077FE7AD9997FF
003#80067FE7AD9997FF
004#80007FE7AD9997FF
005#80117FD0C40A37FF
006#7FF97FE0FD0A37FF
007#7FEB7FD0CC0A37FF
008#7FE27FE0830A37FF
001#7FF77FE7AD9997FF
002#80077FE7AD9997FF
003#80067FE7AD9997FF
004#80007FE7AD9997FF
005#80117FD0C40A37FF
006#7FF97FE0FD0A37FF
007#7FEB8000CC0A37FF
008#7FE27FD0830A37FF
001#7FF77FE7AD9997FF
002#80077FE7AD9997FF
003#80068007AD9997FF
004#80007FE7AD9997FF
005#80117FE0C40A37FF
006#7FF97FE0FD0A37FF
007#7FEB7FE0CC0A37FF
008#7FE27FE0830A37FF
001#7FF77FE7AD9997FF
002#80077FE7AD9997FF
003#80068007AD9997FF
004#80007FE7AD9997FF
005#80118000C40A37FF
006#7FF97FE0FD0A37FF
007#7FEB7FE0CC0A37FF
008#7FE27FE0830A37FF
001#7FF77FE7AD9997FF
002#80077FE7AD9997FF
003#80067FE7AD9997FF
004#80007FE7AD9997FF
005#80117FE0C40A37FF
006#7FF97FD0FD0A37FF
007#7FEB7FE0CC0A37FF
008#7FE27FE0830A37FF
001#7FF77FD7AD9997FF
002#80077FE7AD9997FF
003#80067FE7AD9997FF
004#80007FE7AD9997FF
005#80117FE0C40A37FF
006#7FF98000FD0A37FF
007#7FEB8000CC0A37FF
008#7FE28000830A37FF
001#7FF77FE7AD9997FF
002#80077FE7AD9997FF
003#80067FE7AD9997FF
004#80007FE7AD9997FF
005#80117FE0C40A37FF
006#7FF97FE0FD0A37FF
007#7FEB7FE0CC0A37FF
008#7FE27FD0830A37FF
001#7FF77FE7AD9997FF
002#80078007AD9997FF
003#80067FE7AD9997FF
004#80007FE7AD9997FF
005#80118000C40A37FF
006#7FF97FE0FD0A37FF
007#7FEB7FD0CC0A37FF
008#7FE27FE0830A37FF
001#7FF77FE7AD9997FF
002#80077FE7AD9997FF
003#80067FE7AD9997FF
004#80007FE7AD9997FF
005#80117FE0C40A37FF
006#7FF98000FD0A37FF
007#7FEB7FE0CC0A37FF
008#7FE27FD0830A37FF
001#7FF77FD7AD9997FF
002#80077FD7AD9997FF
003#80067FE7AD9997FF
004#80007FE7AD9997FF
005#80117FE0C40A37FF
006#7FF97FE0FD0A37FF
007#7FEB7FE0CC0A37FF
008#7FE27FE0830A37FF
001#7FF77FE7AD9997FF
002#80077FE7AD9997FF
003#80067FE7AD9997FF
004#80007FE7AD9997FF
005#80117FE0C40A37FF
006#7FF97FE0FD0A37FF
007#7FEB7FE0CC0A37FF
008#7FE27FE0830A37FF
001#7FF77FE7AD9997FF
002#80077FE7AD9997FF
003#80067FE7AD9997FF
004#80007FE7AD9997FF
005#80117FE0C40A37FF
006#7FF97FD0FD0A37FF
007#7FEB7FE0CC0A37FF
008#7FE27FE0830A37FF
001#7FF77FE7AD9997FF
002#80077FE7AD9997FF
003#80067FE7AD9997FF
004#80008007AD9997FF
005#80117FD0C40A37FF
006#7FF97FE0FD0A37FF
007#7FEB7FE0CC0A37FF
008#7FE27FE0830A37FF
001#7FF77FE7AD9997FF
002#80077FE7AD9997FF
003#80068007AD9997FF
004#80007FE7AD9997FF
005#80117FE0C40A37FF
006#7FF97FE0FD0A37FF
007#7FEB7FE0CC0A37FF
008#7FE27FE0830A37FF
001#7FF77FE7AD9997FF
002#80077FE7AD9997FF
003#80067FE7AD9997FF
004#80007FD7AD9997FF
005#80117FE0C40A37FF
006#7FF98000FD0A37FF
007#7FEA7FD0CC0A37FF
008#7FE27FD0830A37FF
001#7FF77FE7AD9997FF
002#80077FE7AD9997FF
003#80067FE7AD9997FF
004#80007FE7AD9997FF
005#80117FD0C40A37FF
006#7FF98000FD0A37FF
007#7FEB7FE0CC0A37FF
008#7FE27FE0830A37FF
001#7FF77FE7AD9997FF
002#80077FE7AD9997FF
003#80067FE7AD9997FF
004#80007FE7AD9997FF
005#80118000C40A37FF
006#7FF98000FD0A37FF
007#7FEB7FE0CC0A37FF
008#7FE28000830A37FF
001#7FF77FE7AD9997FF
002#80077FE7AD9997FF
003#80067FD7AD9997FF
004#80008017AD9997FF
005#80117FE0C40A37FF
006#7FF97FE0FD0A37FF
007#7FEB7FD0CC0A37FF
008#7FE27FD0830A37FF
001#7FF77FE7AD9997FF
002#80077FE7AD9997FF
003#80067FE7AD9997FF
004#80007FE7AD9997FF
005#80117FD0C40A37FF
006#7FF98000FD0A37FF
007#7FEB7FE0CC0A37FF
008#7FE27FD0830A37FF
001#7FF77FE7AD9997FF
002#80077FE7AD9997FF
003#80067FE7AD9997FF
004#80007FE7AD9997FF
005#80117FE0C40A37FF
006#7FF97FE0FD0A37FF
007#7FEB7FE0CC0A37FF
008#7FE27FE0830A37FF
001#7FF77FE7AD9997FF
002#80077FE7AD9997FF
003#80067FE7AD9997FF
004#80007FE7AD9997FF
005#80118000C40A37FF
006#7FF97FD0FD0A37FF
007#7FEB7FE0CC0A37FF
008#7FE27FE0830A37FF
001#7FF77FE7AD9997FF
002#80077FE7AD9997FF
003#80067FD7AD9997FF
004#80007FE7AD9997FF
005#80118000C40A37FF
006#7FF97FE0FD0A37FF
007#7FEB7FE0CC0A37FF
008#7FE28000830A37FF
001#7FF77FE7AD9997FF
002#80077FE7AD9997FF
003#80067FE7AD9997FF
004#80007FD7AD9997FF
005#80117FE0C40A37FF
006#7FF98000FD0A37FF
007#7FEB7FE0CC0A37FF
008#7FE27FE0830A37FF
001#7FF77FE7AD9997FF
002#80077FD7AD9997FF
003#80067FD7AD9997FF
004#80007FE7AD9997FF
005#80117FE0C40A37FF
006#7FF97FE0FD0A37FF
007#7FEB7FE0CC0A37FF
008#7FE28000830A37FF
001#7FF77FD7AD9997FF
002#80077FE7AD9997FF
003#80067FE7AD9997FF
004#80007FE7AD9997FF
005#80117FE0C40A37FF
006#7FF97FE0FD0A37FF
007#7FEB8000CC0A37FF
008#7FE27FD0830A37FF
001#7FF77FE7AD9997FF
002#80077FE7AD9997FF
003#80067FD7AD9997FF
004#80007FE7AD9997FF
005#80117FE0C40A37FF
006#7FF97FE0FD0A37FF
007#7FEB7FE0CC0A37FF
008#7FE27FE0830A37FF
001#7FF77FE7AD9997FF
002#80078007AD9997FF
003#80068007AD9997FF
004#80008007AD9997FF
005#80117FE0C40A37FF
006#7FF98000FD0A37FF
007#7FEB8000CC0A37FF
008#7FE27FE0830A37FF
001#7FF77FE7AD9997FF
002#80077FE7AD9997FF
003#80067FE7AD9997FF
004#80007FE7AD9997FF
005#80117FD0C40A37FF
006#7FF97FE0FD0A37FF
007#7FEB7FE0CC0A37FF
008#7FE27FE0830A37FF
001#7FF77FD7AD9997FF
002#80077FD7AD9997FF
003#80067FE7AD9997FF
004#80007FE7AD9997FF
005#80118000C40A37FF
006#7FF97FE0FD0A37FF
007#7FEB8000CC0A37FF
008#7FE28000830A37FF
001#7FF77FE7AD9997FF
002#80077FE7AD9997FF
003#80067FE7AD9997FF
004#80007FE7AD9997FF
005#80117FE0C40A37FF
006#7FF97FE0FD0A37FF
007#7FEB7FE0CC0A37FF
008#7FE27FE0830A37FF
001#7FF77FE7AD9997FF
002#80077FE7AD9997FF
003#80067FE7AD9997FF
004#80007FE7AD9997FF
005#80118000C40A37FF
006#7FF97FE0FD0A37FF
007#7FEB7FD0CC0A37FF
008#7FE28000830A37FF
001#7FF77FE7AD9997FF
002#80077FE7AD9997FF
003#80068007AD9997FF
004#80007FE7AD9997FF
005#80117FE0C40A37FF
006#7FF98000FD0A37FF
007#7FEB7FD0CC0A37FF
008#7FE28000830A37FF
001#7FF77FD7AD9997FF
002#80067FE7AD9997FF
003#80067FE7AD9997FF
004#80007FE7AD9997FF
005#80118000C40A37FF
006#7FF97FD0FD0A37FF
007#7FEB7FE0CC0A37FF
008#7FE28000830A37FF
001#7FF77FE7AD9997FF
002#80068007AD9997FF
003#80067FE7AD9997FF
004#80007FE7AD9997FF
005#80117FE0C40A37FF
006#7FF97FD0FD0A37FF
007#7FEB7FE0CC0A37FF
008#7FE27FE0830A37FF
001#7FF77FE7AD9997FF
002#80077FE7AD9997FF
003#80067FE7AD9997FF
004#80007FE7AD9997FF
005#80118000C40A37FF
006#7FF97FE0FD0A37FF
007#7FEB7FD0CC0A37FF
008#7FE27FE0830A37FF
001#7FF77FE7AD9997FF
002#80077FE7AD9997FF
003#80067FE7AD9997FF
004#80007FE7AD9997FF
005#80117FE0C40A37FF
006#7FF97FE0FD0A37FF
007#7FEB8000CC0A37FF
008#7FE27FE0830A37FF
001#7FF77FE7AD9997FF
002#80077FE7AD9997FF
003#80067FE7AD9997FF
004#80007FE7AD9997FF
005#80117FE0C40A37FF
006#7FF97FD0FD0A37FF
007#7FEB7FE0CC0A37FF
008#7FE28000830A37FF
001#7FF77FE7AD9997FF
002#80078007AD9997FF
003#80067FE7AD9997FF
004#80007FE7AD9997FF
005#80118000C40A37FF
006#7FF97FE0FD0A37FF
007#7FEB7FE0CC0A37FF
008#7FE27FE0830A37FF
001#7FF78007AD9997FF
002#80077FE7AD9997FF
003#80067FE7AD9997FF
004#80007FD7AD9997FF
005#80118000C40A37FF
006#7FF87FC0FD0A37FF
007#7FEB7FE0CC0A37FF
008#7FE27FD0830A37FF
001#7FF77FE7AD9997FF
002#80077FE7AD9997FF
003#80067FE7AD9997FF
004#80007FE7AD9997FF
005#80117FE0C40A37FF
006#7FF97FE0FD0A37FF
007#7FEB7FE0CC0A37FF
008#7FE27FE0830A37FF
001#7FF88007AD9997FF
002#80077FE7AD9997FF
003#80067FE7AD9997FF
004#80008007AD9997FF
005#80117FD0C40A37FF
006#7FF97FE0FD0A37FF
007#7FEB7FE0CC0A37FF
008#7FE27FE0830A37FF
001#7FF88007AD9997FF
002#80077FE7AD9997FF
003#80067FE7AD9997FF
004#80008007AD9997FF
005#80118000C40A37FF
006#7FF97FE0FD0A37FF
007#7FEB8000CC0A37FF
008#7FE27FE0830A37FF
001#7FF87FE7AD9997FF
002#80077FE7AD9997FF
003#80067FE7AD9997FF
004#80007FE7AD9997FF
005#80117FE0C40A37FF
006#7FF97FD0FD0A37FF
007#7FEB7FE0CC0A37FF
008#7FE28000830A37FF
001#7FF97FE7AD9997FF
002#80077FE7AD9997FF
003#80067FE7AD9997FF
004#80007FE7AD9997FF
005#80117FE0C40A37FF
006#7FF97FE0FD0A37FF
007#7FEB7FE0CC0A37FF
008#7FE27FD0830A37FF
001#7FF87FE7AD9997FF
002#80077FE7AD9997FF
003#80067FD7AD9997FF
004#80007FE7AD9997FF
005#80117FE0C40A37FF
006#7FF97FE0FD0A37FF
007#7FEB7FE0CC0A37FF
008#7FE27FE0830A37FF
001#7FF87FD7AD9997FF
002#80078007AD9997FF
003#80067FE7AD9997FF
004#80007FE7AD9997FF
005#80117FE0C40A37FF
006#7FF97FE0FD0A37FF
007#7FEB7FE0CC0A37FF
008#7FE27FD0830A37FF
001#7FF77FE7AD9997FF
002#80077FE7AD9997FF
003#80068007AD9997FF
004#80007FD7AD9997FF
005#80117FE0C40A37FF
006#7FF87FD0FD0A37FF
007#7FEB7FD0CC0A37FF
008#7FE27FE0830A37FF
001#7FF77FE7AD9997FF
002#80078007AD9997FF
003#80067FE7AD9997FF
004#80007FE7AD9997FF
005#80117FE0C40A37FF
006#7FF97FD0FD0A37FF
007#7FEB7FE0CC0A37FF
008#7FE28000830A37FF
001#7FF77FE7AD9997FF
002#80077FE7AD9997FF
003#80068007AD9997FF
004#80007FE7AD9997FF
005#80117FD0C40A37FF
006#7FF97FE0FD0A37FF
007#7FEB7FE0CC0A37FF
008#7FE28000830A37FF
001#7FF77FE7AD9997FF
002#80087FE7AD9997FF
003#80067FE7AD9997FF
004#80007FE7AD9997FF
005#80117FD0C40A37FF
006#7FF87FE0FD0A37FF
007#7FEB7FD0CC0A37FF
008#7FE27FD0830A37FF
001#7FF78007AD9997FF
002#80087FE7AD9997FF
003#80067FE7AD9997FF
004#80007FE7AD9997FF
005#80117FE0C40A37FF
006#7FF88000FD0A37FF
007#7FEB7FD0CC0A37FF
008#7FE27FD0830A37FF
001#7FF77FE7AD9997FF
002#80087FE7AD9997FF
003#80067FE7AD9997FF
004#80007FE7AD9997FF
005#80117FE0C40A37FF
006#7FF88000FD0A37FF
007#7FEB7FE0CC0A37FF
008#7FE28000830A37FF
001#7FF77FE7AD9997FF
002#80087FD7AD9997FF
003#80067FE7AD9997FF
004#80007FE7AD9997FF
005#80118000C40A37FF
006#7FF87FE0FD0A37FF
007#7FEB7FE0CC0A37FF
008#7FE27FC0830A37FF
001#7FF77FE7AD9997FF
002#80087FE7AD9997FF
003#80067FD7AD9997FF
004#80007FE7AD9997FF
005#80117FE0C40A37FF
006#7FF87FE0FD0A37FF
007#7FEB8000CC0A37FF
008#7FE27FD0830A37FF
001#7FF77FE7AD9997FF
002#80087FE7AD9997FF
003#80067FE7AD9997FF
004#80007FE7AD9997FF
005#80117FE0C40A37FF
006#7FF87FE0FD0A37FF
007#7FEB7FE0CC0A37FF
008#7FE27FE0830A37FF
001#7FF77FD7AD9997FF
002#80087FE7AD9997FF
003#80067FE7AD9997FF
004#80007FD7AD9997FF
005#80118000C40A37FF
006#7FF87FE0FD0A37FF
007#7FEB7FE0CC0A37FF
008#7FE27FE0830A37FF
001#7FF77FE7AD9997FF
002#80087FE7AD9997FF
003#80067FE7AD9997FF
004#80007FE7AD9997FF
005#80118000C40A37FF
006#7FF87FE0FD0A37FF
007#7FEB7FE0CC0A37FF
008#7FE27FE0830A37FF
001#7FF77FE7AD9997FF
002#80088007AD9997FF
003#80067FE7AD9997FF
004#80007FE7AD9997FF
005#80117FD0C40A37FF
006#7FF87FE0FD0A37FF
007#7FEB8000CC0A37FF
008#7FE27FE0830A37FF
001#7FF77FE7AD9997FF
002#80087FE7AD9997FF
003#80067FE7AD9997FF
004#80007FE7AD9997FF
005#80117FE0C40A37FF
006#7FF87FE0FD0A37FF
007#7FEB7FE0CC0A37FF
008#7FE27FE0830A37FF
001#7FF77FE7AD9997FF
002#80087FE7AD9997FF
003#80067FE7AD9997FF
004#80007FE7AD9997FF
005#80117FE0C40A37FF
006#7FF87FE0FD0A37FF
007#7FEB7FD0CC0A37FF
008#7FE27FE0830A37FF
001#7FF77FE7AD9997FF
002#80088007AD9997FF
003#80067FE7AD9997FF
004#80007FE7AD9997FF
005#80117FE0C40A37FF
006#7FF87FE0FD0A37FF
007#7FEB7FE0CC0A37FF
008#7FE27FE0830A37FF
001#7FF77FE7AD9997FF
002#80087FE7AD9997FF
003#80067FE7AD9997FF
004#80007FE7AD9997FF
005#80117FD0C40A37FF
006#7FF87FE0FD0A37FF
007#7FEB7FE0CC0A37FF
008#7FE28000830A37FF
001#7FF77FE7AD9997FF
002#80087FE7AD9997FF
003#80067FE7AD9997FF
004#80007FE7AD9997FF
005#80118000C40A37FF
006#7FF87FE0FD0A37FF
007#7FEB8000CC0A37FF
008#7FE28000830A37FF
001#7FF77FE7AD9997FF
002#80087FE7AD9997FF
003#80067FE7AD9997FF
004#80007FE7AD9997FF
005#80117FD0C40A37FF
006#7FF87FE0FD0A37FF
007#7FEB7FD0CC0A37FF
008#7FE28000830A37FF
001#7FF77FE7AD9997FF
002#80097FE7AD9997FF
003#80067FE7AD9997FF
004#80007FE7AD9997FF
005#80117FE0C40A37FF
006#7FF88000FD0A37FF
007#7FEB7FE0CC0A37FF
008#7FE27FD0830A37FF
001#7FF77FE7AD9997FF
002#80097FE7AD9997FF
003#80067FE7AD9997FF
004#80007FE7AD9997FF
005#80117FD0C40A37FF
006#7FF87FE0FD0A37FF
007#7FEB8000CC0A37FF
008#7FE28000830A37FF
001#7FF77FE7AD9997FF
002#800B8027AD9997FF
003#80067FE7AD9997FF
004#80007FE7AD9997FF
005#80117FE0C40A37FF
006#7FF88000FD0A37FF
007#7FEB7FD0CC0A37FF
008#7FE27FE0830A37FF
001#7FF77FE7AD9997FF
002#800D7FE7AD9997FF
003#80067FE7AD9997FF
004#80007FE7AD9997FF
005#80118000C40A37FF
006#7FF87FE0FD0A37FF
007#7FEB8000CC0A37FF
008#7FE28000830A37FF
001#7FF77FE7AD9997FF
002#800F8007AD9997FF
003#80067FD7AD9997FF
004#80007FE7AD9997FF
005#80117FE0C40A37FF
006#7FF87FD0FD0A37FF
007#7FEB7FD0CC0A37FF
008#7FE27FE0830A37FF
001#7FF77FE7AD9997FF
002#800F8007AD9997FF
003#80067FE7AD9997FF
004#80007FE7AD9997FF
005#80117FD0C40A37FF
006#7FF77FD0FD0A37FF
007#7FEB7FE0CC0A37FF
008#7FE27FE0830A37FF
001#7FF77FE7AD9997FF
002#80148037AD9997FF
003#80067FE7AD9997FF
004#80007FD7AD9997FF
005#80117FE0C40A37FF
006#7FF88000FD0A37FF
007#7FEB7FE0CC0A37FF
008#7FE27FD0830A37FF
001#7FF77FE7AD9997FF
002#80168007AD9997FF
003#80067FE7AD9997FF
004#80008007AD9997FF
005#80117FC0C40A37FF
006#7FF87FD0FD0A37FF
007#7FEB7FE0CC0A37FF
008#7FE28000830A37FF
001#7FF77FE7AD9997FF
002#80178007AD9997FF
003#80067FE7AD9997FF
004#80007FD7AD9997FF
005#80117FE0C40A37FF
006#7FF77FC0FD0A37FF
007#7FEB8000CC0A37FF
008#7FE27FC0830A37FF
001#7FF77FE7AD9997FF
002#80188037AD9997FF
003#80067FE7AD9997FF
004#80007FE7AD9997FF
005#80117FE0C40A37FF
006#7FF67FE0FD0A37FF
007#7FEB7FE0CC0A37FF
008#7FE28000830A37FF
001#7FF77FD7AD9997FF
002#801C8017AD9997FF
003#80067FD7AD9997FF
004#80007FE7AD9997FF
005#80117FE0C40A37FF
006#7FF78010FD0A37FF
007#7FEB7FE0CC0A37FF
008#7FE27FE0830A37FF
001#7FF77FE7AD9997FF
002#801F8017AD9997FF
003#80067FE7AD9997FF
004#80007FE7AD9997FF
005#80118000C40A37FF
006#7FF57FC0FD0A37FF
007#7FEB7FE0CC0A37FF
008#7FE28000830A37FF
001#7FF77FE7AD9997FF
002#80238057AD9997FF
003#80067FE7AD9997FF
004#80007FE7AD9997FF
005#80118000C40A37FF
006#7FED7EC0FD0A37FF
007#7FEB7FD0CC0A37FF
008#7FE27FE0830A37FF
001#7FF77FE7AD9997FF
002#80238007AD9997FF
003#80067FE7AD9997FF
004#80007FE7AD9997FF
005#80117FE0C40A37FF
006#7FE37FB0FD0A37FF
007#7FEB7FE0CC0A37FF
008#7FE27FE0830A37FF
001#7FF77FE7AD9997FF
002#80248007AD9997FF
003#80067FE7AD9997FF
004#80007FE7AD9997FF
005#80117FD0C40A37FF
006#7FDC7EE0FD0A37FF
007#7FEB8000CC0A37FF
008#7FE27FE0830A37FF
001#7FF77FE7AD9997FF
002#802A8037AD9997FF
003#80067FE7AD9997FF
004#80007FE7AD9997FF
005#80117FD0C40A37FF
006#7FC37E60FD0A37FF
007#7FEB7FD0CC0A37FF
008#7FE27FE0830A37FF
001#7FF77FE7AD9997FF
002#802B8007AD9997FF
003#80067FE7AD9997FF
004#80007FE7AD9997FF
005#80117FE0C40A37FF
006#7FB97F50FD0A37FF
007#7FEB7FE0CC0A37FF
008#7FE27FE0830A37FF
001#7FF77FE7AD9997FF
002#802D8017AD9997FF
003#80068007AD9997FF
004#80007FE7AD9997FF
005#80117FD0C40A37FF
006#7FB27F80FD0A37FF
007#7FEB7FE0CC0A37FF
008#7FE27FE0830A37FF
001#7FF77FE7AD9997FF
002#80338027AD9997FF
003#80067FD7AD9997FF
004#80007FE7AD9997FF
005#80117FC0C40A37FF
006#7FB38030FD0A37FF
007#7FEB7FD0CC0A37FF
008#7FE27FE0830A37FF
001#7FF77FE7AD9997FF
002#803A8077AD9997FF
003#80067FE7AD9997FF
004#80007FE7AD9997FF
005#80117FE0C40A37FF
006#7FB37FE0FD0A37FF
007#7FEB7FE0CC0A37FF
008#7FE27FE0830A37FF
001#7FF78007AD9997FF
002#803B8007AD9997FF
003#80067FE7AD9997FF
004#80007FE7AD9997FF
005#80117FE0C40A37FF
006#7FB38010FD0A37FF
007#7FEB7FD0CC0A37FF
008#7FE27FD0830A37FF
001#7FF77FE7AD9997FF
002#80428057AD9997FF
003#80067FE7AD9997FF
004#80008007AD9997FF
005#80117FD0C40A37FF
006#7FB38000FD0A37FF
007#7FEB8000CC0A37FF
008#7FE28010830A37FF
001#7FF77FE7AD9997FF
002#80438037AD9997FF
003#80068007AD9997FF
004#80007FE7AD9997FF
005#80118010C40A37FF
006#7FB37FE0FD0A37FF
007#7FEB7FE0CC0A37FF
008#7FE27FE0830A37FF
001#7FF77FE7AD9997FF
002#80498017AD9997FF
003#80067FE7AD9997FF
004#80007FE7AD9997FF
005#80117FD0C40A37FF
006#7FB37FE0FD0A37FF
007#7FEB8000CC0A37FF
008#7FE27FE0830A37FF
001#7FF77FE7AD9997FF
002#804D8057AD9997FF
003#80067FE7AD9997FF
004#80007FE7AD9997FF
005#80117FD0C40A37FF
006#7FB37FC0FD0A37FF
007#7FEB8000CC0A37FF
008#7FE28000830A37FF
001#7FF77FE7AD9997FF
002#80518017AD9997FF
003#80067FE7AD9997FF
004#80007FE7AD9997FF
005#80118000C40A37FF
006#7FB38000FD0A37FF
007#7FEB7FD0CC0A37FF
008#7FE27FE0830A37FF
001#7FF77FE7AD9997FF
002#80598057AD9997FF
003#80067FE7AD9997FF
004#80007FE7AD9997FF
005#80117FD0C40A37FF
006#7FB37FE0FD0A37FF
007#7FEB8000CC0A37FF
008#7FE27FE0830A37FF
001#7FF77FE7AD9997FF
002#80628057AD9997FF
003#80067FE7AD9997FF
004#80007FE7AD9997FF
005#80117FE0C40A37FF
006#7FB37FE0FD0A37FF
007#7FEB8000CC0A37FF
008#7FE28010830A37FF
001#7FF77FE7AD9997FF
002#80698037AD9997FF
003#80067FD7AD9997FF
004#80007FE7AD9997FF
005#80117FE0C40A37FF
006#7FB37FE0FD0A37FF
007#7FEB7FE0CC0A37FF
008#7FE27FD0830A37FF
001#7FF77FE7AD9997FF
002#807380A7AD9997FF
003#80067FE7AD9997FF
004#80007FD7AD9997FF
005#80117FE0C40A37FF
006#7FB37FE0FD0A37FF
007#7FEB7FD0CC0A37FF
008#7FE27FE0830A37FF
001#7FF77FE7AD9997FF
002#807C8097AD9997FF
003#80067FE7AD9997FF
004#80007FE7AD9997FF
005#80118000C40A37FF
006#7FB37FE0FD0A37FF
007#7FEA7FE0CC0A37FF
008#7FE27FD0830A37FF
001#7FF77FE7AD9997FF
002#808980B7AD9997FF
003#80067FE7AD9997FF
004#80007FE7AD9997FF
005#80117FD0C40A37FF
006#7FB38000FD0A37FF
007#7FEA7FC0CC0A37FF
008#7FE27FE0830A37FF
001#7FF77FE7AD9997FF
002#809780B7AD9997FF
003#80067FE7AD9997FF
004#80007FE7AD9997FF
005#80117FE0C40A37FF
006#7FB38000FD0A37FF
007#7FEA7FC0CC0A37FF
008#7FE27FE0830A37FF
001#7FF77FE7AD9997FF
002#80A48077AD9997FF
003#80067FE7AD9997FF
004#80007FE7AD9997FF
005#80117FE0C40A37FF
006#7FB47FD0FD0A37FF
007#7FEA7FD0CC0A37FF
008#7FE28010830A37FF
001#7FF77FE7AD9997FF
002#80B68117AD9997FF
003#80068007AD9997FF
004#80007FE7AD9997FF
005#80117FD0C40A37FF
006#7FB37FE0FD0A37FF
007#7FEA7FD0CC0A37FF
008#7FE27FE0830A37FF
001#7FF77FE7AD9997FF
002#80C58117AD9997FF
003#80067FE7AD9997FF
004#80007FE7AD9997FF
005#80117FE0C40A37FF
006#7FB48010FD0A37FF
007#7FEA7FD0CC0A37FF
008#7FE27FD0830A37FF
001#7FF77FE7AD9997FF
002#80DC8127AD9997FF
003#80068007AD9997FF
004#80008007AD9997FF
005#800F7FE0C40A37FF
006#7FB47FD0FD0A37FF
007#7FE87FD0CC0A37FF
008#7FE27FE0830A37FF
001#7FF77FE7AD9997FF
002#80ED8107AD9997FF
003#80067FD7AD9997FF
004#80007FE7AD9997FF
005#800F7FD0C40A37FF
006#7FB48010FD0A37FF
007#7FE87FE0CC0A37FF
008#7FE27FD0830A37FF
001#7FF77FE7AD9997FF
002#81088157AD9997FF
003#80067FE7AD9997FF
004#80007FE7AD9997FF
005#800F7FC0C40A37FF
006#7FB47FD0FD0A37FF
007#7FE87FE0CC0A37FF
008#7FE27FD0830A37FF
001#7FF77FE7AD9997FF
002#81248157AD9997FF
003#80067FE7AD9997FF
004#80007FE7AD9997FF
005#800D7FC0C40A37FF
006#7FB47FE0FD0A37FF
007#7FE77FE0CC0A37FF
008#7FE27FE0830A37FF
001#7FF77FE7AD9997FF
002#813F81A7AD9997FF
003#80067FE7AD9997FF
004#80007FE7AD9997FF
005#80077EE0C40A37FF
006#7FB47FD0FD0A37FF
007#7FE77FD0CC0A37FF
008#7FE28000830A37FF
001#7FF77FE7AD9997FF
002#815B81B7AD9997FF
003#80067FE7AD9997FF
004#80007FE7AD9997FF
005#7FFC7EB0C40A37FF
006#7FB48000FD0A37FF
007#7FE67FB0CC0A37FF
008#7FE27FE0830A37FF
001#7FF77FE7AD9997FF
002#818181C7AD9997FF
003#80067FE7AD9997FF
004#80007FE7AD9997FF
005#7FED7EA0C40A37FF
006#7FB47FE0FD0A37FF
007#7FDF7FB0CC0A37FF
008#7FE27FE0830A37FF
001#7FF77FE7AD9997FF
002#81A88217AD9997FF
003#80067FE7AD9997FF
004#80007FE7AD9997FF
005#7FDE7EA0C40A37FF
006#7FB47FE0FD0A37FF
007#7FE08010CC0A37FF
008#7FE27FE0830A37FF
001#7FF77FE7AD9997FF
002#81D18237AD9997FF
003#80067FC7AD9997FF
004#80007FE7AD9997FF
005#7FD17F00C40A37FF
006#7FB47FE0FD0A37FF
007#7FDF8000CC0A37FF
008#7FE28000830A37FF
001#7FF77FE7AD9997FF
002#82068267AD9997FF
003#80067FE7AD9997FF
004#80007FE7AD9997FF
005#7FBE7E70C40A37FF
006#7FB48000FD0A37FF
007#7FDF7FE0CC0A37FF
008#7FE27FE0830A37FF
001#7FF77FE7AD9997FF
002#82328297AD9997FF
003#80068007AD9997FF
004#80007FE7AD9997FF
005#7FB57F20C40A37FF
006#7FB47FD0FD0A37FF
007#7FE08010CC0A37FF
008#7FE27FE0830A37FF
001#7FF77FE7AD9997FF
002#826882D7AD9997FF
003#80068007AD9997FF
004#80007FD7AD9997FF
005#7FAC7F40C40A37FF
006#7FB38000FD0A37FF
007#7FE08000CC0A37FF
008#7FE27FE0830A37FF
001#7FF77FE7AD9997FF
002#82A18317AD9997FF
003#80067FE7AD9997FF
004#80007FE7AD9997FF
005#7FA97FD0C40A37FF
006#7FB37FE0FD0A37FF
007#7FE07FE0CC0A37FF
008#7FE27FE0830A37FF
001#7FF77FE7AD9997FF
002#82E58347AD9997FF
003#80067FD7AD9997FF
004#80007FE7AD9997FF
005#7FA57F70C40A37FF
006#7FB37FE0FD0A37FF
007#7FE07FE0CC0A37FF
008#7FE27FE0830A37FF
001#7FF77FE7AD9997FF
002#83288387AD9997FF
003#80067FE7AD9997FF
004#80007FE7AD9997FF
005#7FA58000C40A37FF
006#7FB37FE0FD0A37FF
007#7FE08000CC0A37FF
008#7FE27FE0830A37FF
001#7FF77FE7AD9997FF
002#836083B7AD9997FF
003#80067FE7AD9997FF
004#80007FE7AD9997FF
005#7FA57FD0C40A37FF
006#7FB37FE0FD0A37FF
007#7FE07FE0CC0A37FF
008#7FE28000830A37FF
001#7FF77FE7AD9997FF
002#83B18407AD9997FF
003#80067FE7AD9997FF
004#80007FE7AD9997FF
005#7FA57FE0C40A37FF
006#7FB47FE0FD0A37FF
007#7FE07FD0CC0A37FF
008#7FE27FD0830A37FF
001#7FF77FE7AD9997FF
002#84048437AD9997FF
003#80067FE7AD9997FF
004#80007FD7AD9997FF
005#7FA57FE0C40A37FF
006#7FB48000FD0A37FF
007#7FE07FE0CC0A37FF
008#7FE27FE0830A37FF
001#7FF77FE7AD9997FF
002#844D8467AD9997FF
003#80067FE7AD9997FF
004#80007FE7AD9997FF
005#7FA57FE0C40A37FF
006#7FB47FE0FD0A37FF
007#7FE07FE0CC0A37FF
008#7FE27FE0830A37FF
001#7FF67FE7AD9997FF
002#84A38477AD9997FF
003#80067FE7AD9997FF
004#80007FE7AD9997FF
005#7FA57FE0C40A37FF
006#7FB37FD0FD0A37FF
007#7FE08000CC0A37FF
008#7FE27FE0830A37FF
001#7FF67FE7AD9997FF
002#84F884C7AD9997FF
003#80067FE7AD9997FF
004#80007FE7AD9997FF
005#7FA57FE0C40A37FF
006#7FB37FE0FD0A37FF
007#7FE07FE0CC0A37FF
008#7FE27FE0830A37FF
001#7FF67FE7AD9997FF
002#855D84F7AD9997FF
003#80067FE7AD9997FF
004#80007FE7AD9997FF
005#7FA58000C40A37FF
006#7FB47FE0FD0A37FF
007#7FE07FD0CC0A37FF
008#7FE28000830A37FF
001#7FF67FE7AD9997FF
002#85B08507AD9997FF
003#80067FE7AD9997FF
004#80007FE7AD9997FF
005#7FA57FE0C40A37FF
006#7FB47FE0FD0A37FF
007#7FE07FE0CC0A37FF
008#7FE27FD0830A37FF
001#7FF67FE7AD9997FF
002#860D8527AD9997FF
003#80067FE7AD9997FF
004#80007FE7AD9997FF
005#7FA57FE0C40A37FF
006#7FB38000FD0A37FF
007#7FE08000CC0A37FF
008#7FE27FE0830A37FF
001#7FF67FE7AD9997FF
002#86708557AD9997FF
003#80067FE7AD9997FF
004#80007FE7AD9997FF
005#7FA57FE0C40A37FF
006#7FB37FC0FD0A37FF
007#7FE07FE0CC0A37FF
008#7FE28000830A37FF
001#7FF67FE7AD9997FF
002#86D78567AD9997FF
003#80067FE7AD9997FF
004#80007FE7AD9997FF
005#7FA57FE0C40A37FF
006#7FB37FD0FD0A37FF
007#7FE08000CC0A37FF
008#7FE27FE0830A37FF
001#7FF67FE7AD9997FF
002#87508587AD9997FF
003#80067FE7AD9997FF
004#80008007AD9997FF
005#7FA58000C40A37FF
006#7FB37FE0FD0A37FF
007#7FE07FE0CC0A37FF
008#7FE27FE0830A37FF
001#7FF67FE7AD9997FF
002#87A48597AD9997FF
003#80067FE7AD9997FF
004#80007FE7AD9997FF
005#7FA57FE0C40A37FF
006#7FB37FE0FD0A37FF
007#7FE07FE0CC0A37FF
008#7FE27FE0830A37FF
001#7FF77FE7AD9997FF
002#880F85A7AD9997FF
003#80067FE7AD9997FF
004#80007FE7AD9997FF
005#7FA57FE0C40A37FF
006#7FB37FE0FD0A37FF
007#7FE07FD0CC0A37FF
008#7FE27FD0830A37FF
001#7FF78007AD9997FF
002#887A85C7AD9997FF
003#80067FE7AD9997FF
004#80007FE7AD9997FF
005#7FA58000C40A37FF
006#7FB27FC0FD0A37FF
007#7FE07FD0CC0A37FF
008#7FE27FE0830A37FF
001#7FF78007AD9997FF
002#88E685C7AD9997FF
003#80067FE7AD9997FF
004#80007FE7AD9997FF
005#7FA58000C40A37FF
006#7FB28000FD0A37FF
007#7FE07FE0CC0A37FF
008#7FE27FE0830A37FF
001#7FF77FE7AD9997FF
002#895185C7AD9997FF
003#80067FE7AD9997FF
004#80007FE7AD9997FF
005#7FA57FE0C40A37FF
006#7FB27FE0FD0A37FF
007#7FE27FD0CC0A37FF
008#7FE28000830A37FF
001#7FF77FD7AD9997FF
002#89BD85A7AD9997FF
003#80067FD7AD9997FF
004#80007FE7AD9997FF
005#7FA57FC0C40A37FF
006#7FB17FD0FD0A37FF
007#7FE07FD0CC0A37FF
008#7FE27FE0830A37FF
001#7FF77FE7AD9997FF
002#8A2885C7AD9997FF
003#80068007AD9997FF
004#80007FE7AD9997FF
005#7FA57FD0C40A37FF
006#7FAC7F20FD0A37FF
007#7FE27FE0CC0A37FF
008#7FE28000830A37FF
001#7FF77FE7AD9997FF
002#8A9285A7AD9997FF
003#80067FE7AD9997FF
004#80008007AD9997FF
005#7FA57FE0C40A37FF
006#7FA77FB0FD0A37FF
007#7FE27FD0CC0A37FF
008#7FE27FE0830A37FF
001#7FF77FE7AD9997FF
002#8B0985A7AD9997FF
003#80067FE7AD9997FF
004#80007FE7AD9997FF
005#7FA57FE0C40A37FF
006#7F9E7F20FD0A37FF
007#7FE27FD0CC0A37FF
008#7FE28000830A37FF
001#7FF87FE7AD9997FF
002#8B7385C7AD9997FF
003#80067FE7AD9997FF
004#80008007AD9997FF
005#7FA57FD0C40A37FF
006#7F9C7F50FD0A37FF
007#7FE28000CC0A37FF
008#7FE27FE0830A37FF
001#7FF98007AD9997FF
002#8BD485C7AD9997FF
003#80067FE7AD9997FF
004#80008007AD9997FF
005#7FA57FE0C40A37FF
006#7F8C7E90FD0A37FF
007#7FE38000CC0A37FF
008#7FE27FD0830A37FF
001#80008057AD9997FF
002#8C3C8587AD9997FF
003#80067FE7AD9997FF
004#80017FE7AD9997FF
005#7FA57FD0C40A37FF
006#7F797E80FD0A37FF
007#7FE38010CC0A37FF
008#7FE27FE0830A37FF
001#80058037AD9997FF
002#8C978577AD9997FF
003#80067FE7AD9997FF
004#80017FE7AD9997FF
005#7FA58000C40A37FF
006#7F6C7F20FD0A37FF
007#7FE38000CC0A37FF
008#7FE27FE0830A37FF
001#80067FE7AD9997FF
002#8CFE8577AD9997FF
003#80067FE7AD9997FF
004#80017FE7AD9997FF
005#7FA57FE0C40A37FF
006#7F6E8020FD0A37FF
007#7FE37FE0CC0A37FF
008#7FE27FE0830A37FF
001#80067FE7AD9997FF
002#8D6E8557AD9997FF
003#80067FE7AD9997FF
004#80017FE7AD9997FF
005#7FA58000C40A37FF
006#7F6E7FE0FD0A37FF
007#7FE38000CC0A37FF
008#7FE27FE0830A37FF
001#80067FE7AD9997FF
002#8DD28547AD9997FF
003#80067FE7AD9997FF
004#80017FE7AD9997FF
005#7FA58000C40A37FF
006#7F6E7FE0FD0A37FF
007#7FE37FE0CC0A37FF
008#7FE27FE0830A37FF
001#80067FE7AD9997FF
002#8E3D8547AD9997FF
003#80068007AD9997FF
004#80017FE7AD9997FF
005#7FA58000C40A37FF
006#7F6E8000FD0A37FF
007#7FE37FE0CC0A37FF
008#7FE27FD0830A37FF
001#80067FE7AD9997FF
002#8E8C8517AD9997FF
003#80067FD7AD9997FF
004#80017FE7AD9997FF
005#7FA57FE0C40A37FF
006#7F6E7FE0FD0A37FF
007#7FE37FE0CC0A37FF
008#7FE28000830A37FF
001#80068007AD9997FF
002#8EF28507AD9997FF
003#80067FE7AD9997FF
004#80018007AD9997FF
005#7FA57FD0C40A37FF
006#7F6E7FE0FD0A37FF
007#7FE37FE0CC0A37FF
008#7FE27FE0830A37FF
001#80067FE7AD9997FF
002#8F5A84E7AD9997FF
003#80067FE7AD9997FF
004#80007FE7AD9997FF
005#7FA57FE0C40A37FF
006#7F6E7FE0FD0A37FF
007#7FE37FD0CC0A37FF
008#7FE27FD0830A37FF
001#80067FE7AD9997FF
002#8FAA84C7AD9997FF
003#80077FE7AD9997FF
004#80018007AD9997FF
005#7FA57FD0C40A37FF
006#7F6E7FD0FD0A37FF
007#7FE37FE0CC0A37FF
008#7FE27FD0830A37FF
001#80067FD7AD9997FF
002#90018497AD9997FF
003#80077FE7AD9997FF
004#80017FE7AD9997FF
005#7FA57FC0C40A37FF
006#7F6E7FE0FD0A37FF
007#7FE48000CC0A37FF
008#7FE27FD0830A37FF
001#80067FE7AD9997FF
002#90578467AD9997FF
003#80077FE7AD9997FF
004#80017FE7AD9997FF
005#7FA57FD0C40A37FF
006#7F6E7FE0FD0A37FF
007#7FE48000CC0A37FF
008#7FE27FE0830A37FF
001#80068007AD9997FF
002#90AA8467AD9997FF
003#80078007AD9997FF
004#80017FE7AD9997FF
005#7FA78000C40A37FF
006#7F6E7FD0FD0A37FF
007#7FE67FE0CC0A37FF
008#7FE27FE0830A37FF
001#80067FE7AD9997FF
002#90FD8447AD9997FF
003#80088067AD9997FF
004#80018007AD9997FF
005#7FA77FD0C40A37FF
006#7F6E7FE0FD0A37FF
007#7FE78020CC0A37FF
008#7FE27FD0830A37FF
001#80067FE7AD9997FF
002#91538407AD9997FF
003#800D8177AD9997FF
004#80017FE7AD9997FF
005#7FA57FE0C40A37FF
006#7F6E8000FD0A37FF
007#7FEA8030CC0A37FF
008#7FE27FD0830A37FF
001#80067FD7AD9997FF
002#919F8427AD9997FF
003#801782F7AD9997FF
004#80018007AD9997FF
005#7FA57FE0C40A37FF
006#7F6E7FE0FD0A37FF
007#7FEA7FD0CC0A37FF
008#7FE27FE0830A37FF
001#80067FE7AD9997FF
002#91E183F7AD9997FF
003#80238377AD9997FF
004#80018007AD9997FF
005#7FA77FE0C40A37FF
006#7F6E7FD0FD0A37FF
007#7FEA7FE0CC0A37FF
008#7FE27FD0830A37FF
001#80067FE7AD9997FF
002#922883B7AD9997FF
003#80348467AD9997FF
004#80018007AD9997FF
005#7FA57FE0C40A37FF
006#7F6E7FE0FD0A37FF
007#7FEA7FD0CC0A37FF
008#7FE27FE0830A37FF
001#80067FE7AD9997FF
002#927183A7AD9997FF
003#804B8547AD9997FF
004#80017FE7AD9997FF
005#7FA57FE0C40A37FF
006#7F6E8000FD0A37FF
007#7FEA7FE0CC0A37FF
008#7FE27FE0830A37FF
001#80067FE7AD9997FF
002#92B18377AD9997FF
003#80628607AD9997FF
004#80017FE7AD9997FF
005#7FA57FD0C40A37FF
006#7F6E8000FD0A37FF
007#7FEA7FD0CC0A37FF
008#7FE27FE0830A37FF
001#80067FE7AD9997FF
002#92F18377AD9997FF
003#807C86C7AD9997FF
004#80018017AD9997FF
005#7FA57FE0C40A37FF
006#7F6E7FE0FD0A37FF
007#7FEA7FE0CC0A37FF
008#7FE27FE0830A37FF
001#80067FE7AD9997FF
002#93308347AD9997FF
003#809B8737AD9997FF
004#80058107AD9997FF
005#7FA58000C40A37FF
006#7F6E7FD0FD0A37FF
007#7FEA8010CC0A37FF
008#7FE27FE0830A37FF
001#80067FE7AD9997FF
002#936A8317AD9997FF
003#80B98747AD9997FF
004#800D82A7AD9997FF
005#7FA57FE0C40A37FF
006#7F708010FD0A37FF
007#7FEA7FD0CC0A37FF
008#7FE27FE0830A37FF
001#80067FE7AD9997FF
002#93A48307AD9997FF
003#80D78767AD9997FF
004#801B8317AD9997FF
005#7FA37FD0C40A37FF
006#7F6E7FC0FD0A37FF
007#7FEA8000CC0A37FF
008#7FE27FE0830A37FF
001#80067FE7AD9997FF
002#93D882D7AD9997FF
003#80F68737AD9997FF
004#802A8397AD9997FF
005#7FA27FD0C40A37FF
006#7F6E7FE0FD0A37FF
007#7FEA8000CC0A37FF
008#7FE27FE0830A37FF
001#80067FE7AD9997FF
002#940F8287AD9997FF
003#81158727AD9997FF
004#803B8407AD9997FF
005#7F977EB0C40A37FF
006#7F708000FD0A37FF
007#7FE87FD0CC0A37FF
008#7FE28000830A37FF
001#80067FE7AD9997FF
002#943B8267AD9997FF
003#81318757AD9997FF
004#804B8447AD9997FF
005#7F807DC0C40A37FF
006#7F6E7FE0FD0A37FF
007#7FE87FD0CC0A37FF
008#7FE27FD0830A37FF
001#80067FE7AD9997FF
002#946B8247AD9997FF
003#815387B7AD9997FF
004#80608487AD9997FF
005#7F637DD0C40A37FF
006#7F707FE0FD0A37FF
007#7FE77FD0CC0A37FF
008#7FE27FE0830A37FF
001#80067FE7AD9997FF
002#94948257AD9997FF
003#81708867AD9997FF
004#807284E7AD9997FF
005#7F517E00C40A37FF
006#7F6E7FE0FD0A37FF
007#7FE77FE0CC0A37FF
008#7FE27FE0830A37FF
001#80067FE7AD9997FF
002#94C68227AD9997FF
003#819D8967AD9997FF
004#808C8567AD9997FF
005#7F3A7E80C40A37FF
006#7F6E7FE0FD0A37FF
007#7FE77FE0CC0A37FF
008#7FE27FD0830A37FF
001#80067FE7AD9997FF
002#94E581F7AD9997FF
003#81BD8A07AD9997FF
004#809E8547AD9997FF
005#7F317F20C40A37FF
006#7F6E7FD0FD0A37FF
007#7FE67FC0CC0A37FF
008#7FE28010830A37FF
001#80067FE7AD9997FF
002#950C81F7AD9997FF
003#81EB8AC7AD9997FF
004#80B284F7AD9997FF
005#7F2D7FA0C40A37FF
006#7F6E8000FD0A37FF
007#7FE07F70CC0A37FF
008#7FE27FE0830A37FF
001#80068007AD9997FF
002#952F81D7AD9997FF
003#82198B97AD9997FF
004#80C584A7AD9997FF
005#7F2D7FD0C40A37FF
006#7F6E8000FD0A37FF
007#7FE28000CC0A37FF
008#7FE28000830A37FF
001#80067FD7AD9997FF
002#955781C7AD9997FF
003#82538C37AD9997FF
004#80DA8437AD9997FF
005#7F2C7FC0C40A37FF
006#7F6E8000FD0A37FF
007#7FE28000CC0A37FF
008#7FE27FE0830A37FF
001#80068007AD9997FF
002#957281C7AD9997FF
003#827C8CC7AD9997FF
004#80E883D7AD9997FF
005#7F1F7E30C40A37FF
006#7F707FE0FD0A37FF
007#7FE28000CC0A37FF
008#7FE28000830A37FF
001#80068007AD9997FF
002#959681B7AD9997FF
003#82BC8DE7AD9997FF
004#80FA83E7AD9997FF
005#7EF57C60C40A37FF
006#7F6E7FD0FD0A37FF
007#7FE27FE0CC0A37FF
008#7FE27FD0830A37FF
001#80067FE7AD9997FF
002#95AE8187AD9997FF
003#82EA8EB7AD9997FF
004#810783E7AD9997FF
005#7ED07BE0C40A37FF
006#7F6E7FE0FD0A37FF
007#7FE28000CC0A37FF
008#7FE27FE0830A37FF
001#80067FE7AD9997FF
002#95CF81A7AD9997FF
003#83329007AD9997FF
004#811983D7AD9997FF
005#7E937B80C40A37FF
006#7F6E7FD0FD0A37FF
007#7FE28000CC0A37FF
008#7FE28000830A37FF
001#80067FE7AD9997FF
002#95EF8187AD9997FF
003#837F9117AD9997FF
004#812B83B7AD9997FF
005#7E597B90C40A37FF
006#7F6E7FE0FD0A37FF
007#7FE07FE0CC0A37FF
008#7FE28000830A37FF
001#80067FE7AD9997FF
002#960B8197AD9997FF
003#83BD9207AD9997FF
004#813783E7AD9997FF
005#7E2D7BF0C40A37FF
006#7F6E8000FD0A37FF
007#7FE07FD0CC0A37FF
008#7FE27FD0830A37FF
001#80067FE7AD9997FF
002#962A81B7AD9997FF
003#840B92E7AD9997FF
004#81498427AD9997FF
005#7DFD7BF0C40A37FF
006#7F6E7FC0FD0A37FF
007#7FE27FD0CC0A37FF
008#7FE28000830A37FF
001#80067FE7AD9997FF
002#96478197AD9997FF
003#845C9397AD9997FF
004#815B8427AD9997FF
005#7DC97B90C40A37FF
006#7F6E8000FD0A37FF
007#7FE07FE0CC0A37FF
008#7FE27FD0830A37FF
001#80067FE7AD9997FF
002#96648187AD9997FF
003#84AD93D7AD9997FF
004#816B8447AD9997FF
005#7D8E7AE0C40A37FF
006#7F6E8010FD0A37FF
007#7FE07FD0CC0A37FF
008#7FE27FE0830A37FF
001#80057FE7AD9997FF
002#967F8197AD9997FF
003#84F69447AD9997FF
004#817D84E7AD9997FF
005#7D547A60C40A37FF
006#7F6E7FC0FD0A37FF
007#7FE27FE0CC0A37FF
008#7FE28000830A37FF
001#80057FE7AD9997FF
002#969D8167AD9997FF
003#85529457AD9997FF
004#81968587AD9997FF
005#7D047A10C40A37FF
006#7F6E7FE0FD0A37FF
007#7FE07FD0CC0A37FF
008#7FE27FD0830A37FF
001#80057FE7AD9997FF
002#96BC8177AD9997FF
003#85AF93F7AD9997FF
004#81B28677AD9997FF
005#7CAE7970C40A37FF
006#7F6C7FC0FD0A37FF
007#7FE07FE0CC0A37FF
008#7FE27FD0830A37FF
001#80057FE7AD9997FF
002#96DA8187AD9997FF
003#86069387AD9997FF
004#81D18747AD9997FF
005#7C5B7960C40A37FF
006#7F657EE0FD0A37FF
007#7FE07FE0CC0A37FF
008#7FE27FE0830A37FF
001#80057FE7AD9997FF
002#96EE8157AD9997FF
003#864592D7AD9997FF
004#81EB8777AD9997FF
005#7C197950C40A37FF
006#7F527E00FD0A37FF
007#7FDF7FC0CC0A37FF
008#7FE27FE0830A37FF
001#80057FE7AD9997FF
002#97078157AD9997FF
003#868F9217AD9997FF
004#820A8817AD9997FF
005#7BC378C0C40A37FF
006#7F2C7C70FD0A37FF
007#7FDF7FE0CC0A37FF
008#7FE28000830A37FF
001#80057FE7AD9997FF
002#971C8117AD9997FF
003#86D89147AD9997FF
004#822F88A7AD9997FF
005#7B627810C40A37FF
006#7EF67B50FD0A37FF
007#7FDC7FA0CC0A37FF
008#7FE27FE0830A37FF
001#80057FE7AD9997FF
002#97358107AD9997FF
003#87299087AD9997FF
004#825B8997AD9997FF
005#7AE97740C40A37FF
006#7EB57B10FD0A37FF
007#7FCB7E30CC0A37FF
008#7FE27FE0830A37FF
001#80057FE7AD9997FF
002#974680F7AD9997FF
003#87629037AD9997FF
004#827D8A47AD9997FF
005#7A8C76D0C40A37FF
006#7E877B10FD0A37FF
007#7FB47D60CC0A37FF
008#7FE27FE0830A37FF
001#80057FE7AD9997FF
002#975B8127AD9997FF
003#87A38FE7AD9997FF
004#82AA8B77AD9997FF
005#7A167630C40A37FF
006#7E4C7B50FD0A37FF
007#7F927D00CC0A37FF
008#7FE27FE0830A37FF
001#80057FE7AD9997FF
002#976A80E7AD9997FF
003#87DA8F67AD9997FF
004#82D68BF7AD9997FF
005#79AC7640C40A37FF
006#7E1D7B60FD0A37FF
007#7F6E7C80CC0A37FF
008#7FE27FD0830A37FF
001#80068007AD9997FF
002#977B80F7AD9997FF
003#88178F07AD9997FF
004#83098D07AD9997FF
005#79357610C40A37FF
006#7DDE7A80FD0A37FF
007#7F487CF0CC0A37FF
008#7FE27FD0830A37FF
001#80068007AD9997FF
002#978D80C7AD9997FF
003#88598DE7AD9997FF
004#83458CE7AD9997FF
005#78B57670C40A37FF
006#7D997AC0FD0A37FF
007#7F1F7CB0CC0A37FF
008#7FE27FE0830A37FF
001#80067FE7AD9997FF
002#979D80B7AD9997FF
003#88958D37AD9997FF
004#83818DC7AD9997FF
005#783976C0C40A37FF
006#7D5B7B10FD0A37FF
007#7EF67CF0CC0A37FF
008#7FE27FE0830A37FF
001#80067FE7AD9997FF
002#97AC80B7AD9997FF
003#88C28C47AD9997FF
004#83B78E97AD9997FF
005#77D476F0C40A37FF
006#7D297B70FD0A37FF
007#7ED37CA0CC0A37FF
008#7FE28000830A37FF
001#80067FE7AD9997FF
002#97BB80B7AD9997FF
003#88F68B47AD9997FF
004#83F98E67AD9997FF
005#775F7770C40A37FF
006#7CFB7D00FD0A37FF
007#7EA87CA0CC0A37FF
008#7FE27FD0830A37FF
001#80067FE7AD9997FF
002#97C78097AD9997FF
003#891B8AE7AD9997FF
004#84288EE7AD9997FF
005#77137830C40A37FF
006#7CE47D60FD0A37FF
007#7E877C80CC0A37FF
008#7FE27FD0830A37FF
001#80067FE7AD9997FF
002#97D980D7AD9997FF
003#894F8A97AD9997FF
004#84759017AD9997FF
005#76A978A0C40A37FF
006#7CC27DA0FD0A37FF
007#7E5D7CD0CC0A37FF
008#7FE28000830A37FF
001#80067FD7AD9997FF
002#97E880A7AD9997FF
003#897A8A07AD9997FF
004#84B89007AD9997FF
005#76547970C40A37FF
006#7CBC8010FD0A37FF
007#7E327CC0CC0A37FF
008#7FE27FE0830A37FF
001#80067FE7AD9997FF
002#97F780A7AD9997FF
003#89A389A7AD9997FF
004#84FF9137AD9997FF
005#760C7A40C40A37FF
006#7CBC8000FD0A37FF
007#7E0F7D00CC0A37FF
008#7FE27FE0830A37FF
001#80067FE7AD9997FF
002#980280A7AD9997FF
003#89C48947AD9997FF
004#85419247AD9997FF
005#75D47AC0C40A37FF
006#7CBC7FE0FD0A37FF
007#7DF57DF0CC0A37FF
008#7FE27FE0830A37FF
001#80077FE7AD9997FF
002#98108087AD9997FF
003#89EC88D7AD9997FF
004#859592B7AD9997FF
005#75987B80C40A37FF
006#7CBD7FE0FD0A37FF
007#7DE37EF0CC0A37FF
008#7FE27FD0830A37FF
001#80078007AD9997FF
002#981A8077AD9997FF
003#8A0A88C7AD9997FF
004#85D59327AD9997FF
005#75717C10C40A37FF
006#7CBE7FD0FD0A37FF
007#7DDB7EE0CC0A37FF
008#7FE27FE0830A37FF
001#80077FD7AD9997FF
002#98248097AD9997FF
003#8A2E88B7AD9997FF
004#86279517AD9997FF
005#753D7B70C40A37FF
006#7CBE7FD0FD0A37FF
007#7DC97E40CC0A37FF
008#7FE27FE0830A37FF
001#80077FE7AD9997FF
002#982F8087AD9997FF
003#8A5487A7AD9997FF
004#86949617AD9997FF
005#74F57B40C40A37FF
006#7CBE7FE0FD0A37FF
007#7DB57EC0CC0A37FF
008#7FE27FD0830A37FF
001#80077FE7AD9997FF
002#98378067AD9997FF
003#8A6F8717AD9997FF
004#86E796F7AD9997FF
005#74C97BB0C40A37FF
006#7CC08000FD0A37FF
007#7DAB7EE0CC0A37FF
008#7FE27FE0830A37FF
001#80077FE7AD9997FF
002#983F8067AD9997FF
003#8A8E8687AD9997FF
004#87529807AD9997FF
005#748E7B90C40A37FF
006#7CC18010FD0A37FF
007#7D9E7F00CC0A37FF
008#7FE27FE0830A37FF
001#80087FE7AD9997FF
002#98428027AD9997FF
003#8AA38637AD9997FF
004#87A498D7AD9997FF
005#74627B80C40A37FF
006#7CC780C0FD0A37FF
007#7D917E60CC0A37FF
008#7FE27FE0830A37FF
001#80087FE7AD9997FF
002#98478037AD9997FF
003#8ABE8607AD9997FF
004#881C9A67AD9997FF
005#74257BC0C40A37FF
006#7CC87FD0FD0A37FF
007#7D827EE0CC0A37FF
008#7FE27FD0830A37FF
001#80097FE7AD9997FF
002#98487FE7AD9997FF
003#8AD48567AD9997FF
004#88859AE7AD9997FF
005#73F67C40C40A37FF
006#7CCA7FE0FD0A37FF
007#7D777F30CC0A37FF
008#7FE27FD0830A37FF
001#800D8037AD9997FF
002#98477FE7AD9997FF
003#8AEB8507AD9997FF
004#88F79BB7AD9997FF
005#73D27CE0C40A37FF
006#7CCA7FE0FD0A37FF
007#7D727FE0CC0A37FF
008#7FE27FE0830A37FF
001#800F8017AD9997FF
002#98477FE7AD9997FF
003#8AFC8407AD9997FF
004#896C9CC7AD9997FF
005#73B47DD0C40A37FF
006#7CCD8070FD0A37FF
007#7D728000CC0A37FF
008#7FE27FE0830A37FF
001#80138077AD9997FF
002#98477FD7AD9997FF
003#8B0C83C7AD9997FF
004#89E69CC7AD9997FF
005#739C7E10C40A37FF
006#7CDA8100FD0A37FF
007#7D727FE0CC0A37FF
008#7FE27FD0830A37FF
001#801F8097AD9997FF
002#98477FE7AD9997FF
003#8B198217AD9997FF
004#8A599D37AD9997FF
005#73907F40C40A37FF
006#7CE58110FD0A37FF
007#7D727FE0CC0A37FF
008#7FE27FE0830A37FF
001#803080C7AD9997FF
002#98478007AD9997FF
003#8B1B8017AD9997FF
004#8AE09DD7AD9997FF
005#73867F60C40A37FF
006#7CFF8210FD0A37FF
007#7D727FD0CC0A37FF
008#7FE27FD0830A37FF
001#803B80A7AD9997FF
002#98477FE7AD9997FF
003#8B1B8007AD9997FF
004#8B4E9DD7AD9997FF
005#73837F70C40A37FF
006#7D1C82D0FD0A37FF
007#7D727FE0CC0A37FF
008#7FE27FE0830A37FF
001#804B80F7AD9997FF
002#98477FE7AD9997FF
003#8B1B7FD7AD9997FF
004#8BC89E17AD9997FF
005#73807FE0C40A37FF
006#7D388210FD0A37FF
007#7D728000CC0A37FF
008#7FE28000830A37FF
001#805C80B7AD9997FF
002#98477FE7AD9997FF
003#8B1B7FE7AD9997FF
004#8C439DB7AD9997FF
005#73817FD0C40A37FF
006#7D528240FD0A37FF
007#7D728000CC0A37FF
008#7FE27FE0830A37FF
001#806980B7AD9997FF
002#98478007AD9997FF
003#8B1B8017AD9997FF
004#8CBE9DB7AD9997FF
005#73818000C40A37FF
006#7D6681A0FD0A37FF
007#7D727FD0CC0A37FF
008#7FE28000830A37FF
001#807980F7AD9997FF
002#98477FE7AD9997FF
003#8B1C7FE7AD9997FF
004#8D339C87AD9997FF
005#73807FD0C40A37FF
006#7D728080FD0A37FF
007#7D728000CC0A37FF
008#7FE27FE0830A37FF
001#808780A7AD9997FF
002#98477FE7AD9997FF
003#8B1B7FC7AD9997FF
004#8DA89C07AD9997FF
005#737F7FB0C40A37FF
006#7D727FD0FD0A37FF
007#7D728000CC0A37FF
008#7FE27FD0830A37FF
001#80938087AD9997FF
002#98477FE7AD9997FF
003#8B1B8007AD9997FF
004#8E179BB7AD9997FF
005#737B7F60C40A37FF
006#7D728010FD0A37FF
007#7D727FD0CC0A37FF
008#7FE27FE0830A37FF
001#80A280D7AD9997FF
002#98477FE7AD9997FF
003#8B1B7FE7AD9997FF
004#8E869A27AD9997FF
005#73717F30C40A37FF
006#7D7780C0FD0A37FF
007#7D728000CC0A37FF
008#7FE28000830A37FF
001#80B38097AD9997FF
002#98477FE7AD9997FF
003#8B1B7FE7AD9997FF
004#8EFB9A17AD9997FF
005#735F7E90C40A37FF
006#7D878190FD0A37FF
007#7D728000CC0A37FF
008#7FE27FE0830A37FF
001#80BF8087AD9997FF
002#98467FE7AD9997FF
003#8B1C8027AD9997FF
004#8F6298E7AD9997FF
005#73477DC0C40A37FF
006#7DA882C0FD0A37FF
007#7D728000CC0A37FF
008#7FE27FE0830A37FF
001#80CB80A7AD9997FF
002#98477FE7AD9997FF
003#8B1E80D7AD9997FF
004#8FC497B7AD9997FF
005#732E7DD0C40A37FF
006#7DC68240FD0A37FF
007#7D708000CC0A37FF
008#7FE27FE0830A37FF
001#80D68077AD9997FF
002#98477FE7AD9997FF
003#8B1E7FC7AD9997FF
004#90189687AD9997FF
005#73167DD0C40A37FF
006#7DE38260FD0A37FF
007#7D708000CC0A37FF
008#7FE28000830A37FF
001#80DE8037AD9997FF
002#98478007AD9997FF
003#8B1E8017AD9997FF
004#907495D7AD9997FF
005#72FC7DF0C40A37FF
006#7DF58140FD0A37FF
007#7D707FE0CC0A37FF
008#7FE27FE0830A37FF
001#80E48017AD9997FF
002#98467FE7AD9997FF
003#8B1F8087AD9997FF
004#90CF93B7AD9997FF
005#72E27DE0C40A37FF
006#7E048120FD0A37FF
007#7D708010CC0A37FF
008#7FE27FE0830A37FF
001#80E78027AD9997FF
002#98447FB7AD9997FF
003#8B2280C7AD9997FF
004#911E9317AD9997FF
005#72C37D10C40A37FF
006#7E118120FD0A37FF
007#7D6E7F90CC0A37FF
008#7FE27FE0830A37FF
001#80E77FE7AD9997FF
002#98417FC7AD9997FF
003#8B227FE7AD9997FF
004#916392A7AD9997FF
005#729E7C40C40A37FF
006#7E288200FD0A37FF
007#7D647EE0CC0A37FF
008#7FE27FE0830A37FF
001#80E77FD7AD9997FF
002#983F7FC7AD9997FF
003#8B227FE7AD9997FF
004#91A79187AD9997FF
005#72727BD0C40A37FF
006#7E3A8160FD0A37FF
007#7D557E70CC0A37FF
008#7FE27FE0830A37FF
001#80E57FC7AD9997FF
002#98397F87AD9997FF
003#8B227FC7AD9997FF
004#91EA9027AD9997FF
005#723D7B90C40A37FF
006#7E4A8160FD0A37FF
007#7D457EE0CC0A37FF
008#7FE27FD0830A37FF
001#80E57FE7AD9997FF
002#98357FB7AD9997FF
003#8B227FE7AD9997FF
004#92368EC7AD9997FF
005#71FB7B50C40A37FF
006#7E6181C0FD0A37FF
007#7D417FE0CC0A37FF
008#7FE27FE0830A37FF
001#80E57FE7AD9997FF
002#98317FC7AD9997FF
003#8B227FE7AD9997FF
004#926F8DF7AD9997FF
005#71C27B80C40A37FF
006#7E728140FD0A37FF
007#7D417FD0CC0A37FF
008#7FE27FE0830A37FF
001#80E57FE7AD9997FF
002#98307FD7AD9997FF
003#8B228007AD9997FF
004#92A38BC7AD9997FF
005#71987CD0C40A37FF
006#7E7F80F0FD0A37FF
007#7D407FD0CC0A37FF
008#7FE28000830A37FF
001#80E57FE7AD9997FF
002#982D7FB7AD9997FF
003#8B227FE7AD9997FF
004#92CD89C7AD9997FF
005#71837EA0C40A37FF
006#7E8E8170FD0A37FF
007#7D3D7FB0CC0A37FF
008#7FE28000830A37FF
001#80E77FE7AD9997FF
002#982A7FC7AD9997FF
003#8B227FE7AD9997FF
004#92EF87C7AD9997FF
005#717C7F70C40A37FF
006#7EAA8280FD0A37FF
007#7D377F20CC0A37FF
008#7FE28000830A37FF
001#80E77FE7AD9997FF
002#98297FD7AD9997FF
003#8B227FD7AD9997FF
004#930685E7AD9997FF
005#71747F80C40A37FF
006#7EC88300FD0A37FF
007#7D2A7EA0CC0A37FF
008#7FE27FD0830A37FF
001#80E78007AD9997FF
002#98297FE7AD9997FF
003#8B227FE7AD9997FF
004#931181B7AD9997FF
005#71768020C40A37FF
006#7EF58420FD0A37FF
007#7D1D7E90CC0A37FF
008#7FE27FE0830A37FF
001#80E77FE7AD9997FF
002#98298007AD9997FF
003#8B228027AD9997FF
004#93117FA7AD9997FF
005#71767FE0C40A37FF
006#7F2C8490FD0A37FF
007#7D087E30CC0A37FF
008#7FE27FD0830A37FF
001#80E87FE7AD9997FF
002#98287FD7AD9997FF
003#8B2680E7AD9997FF
004#930A7D57AD9997FF
005#71798050C40A37FF
006#7F728620FD0A37FF
007#7CF17E20CC0A37FF
008#7FE27FE0830A37FF
001#80E88007AD9997FF
002#98267F97AD9997FF
003#8B2E81E7AD9997FF
004#92F87AE7AD9997FF
005#71868160C40A37FF
006#7FC28640FD0A37FF
007#7CE27EF0CC0A37FF
008#7FE27FE0830A37FF
001#80E97FE7AD9997FF
002#98217FA7AD9997FF
003#8B3B8377AD9997FF
004#92DC7937AD9997FF
005#71A28260C40A37FF
006#80068480FD0A37FF
007#7CDF7FC0CC0A37FF
008#7FE27FE0830A37FF
001#80E97FE7AD9997FF
002#98197F87AD9997FF
003#8B4C8407AD9997FF
004#92B67647AD9997FF
005#71C682F0C40A37FF
006#80318300FD0A37FF
007#7CDF8000CC0A37FF
008#7FE27FE0830A37FF
001#80E97FE7AD9997FF
002#98107F77AD9997FF
003#8B5B8407AD9997FF
004#928E74A7AD9997FF
005#71E882F0C40A37FF
006#804581A0FD0A37FF
007#7CDF7FE0CC0A37FF
008#7FE27FD0830A37FF
001#80EB8007AD9997FF
002#98057F67AD9997FF
003#8B6B8377AD9997FF
004#925371F7AD9997FF
005#720E82C0C40A37FF
006#805780E0FD0A37FF
007#7CE07FE0CC0A37FF
008#7FE27FD0830A37FF
001#80F380B7AD9997FF
002#97FC7F47AD9997FF
003#8B7682B7AD9997FF
004#92126F57AD9997FF
005#722F8270C40A37FF
006#805C8010FD0A37FF
007#7CE07FE0CC0A37FF
008#7FE28000830A37FF
001#810380C7AD9997FF
002#97F27F47AD9997FF
003#8B7C80A7AD9997FF
004#91D06D77AD9997FF
005#72488200C40A37FF
006#805B7FD0FD0A37FF
007#7CE18030CC0A37FF
008#7FE28000830A37FF
001#811080B7AD9997FF
002#97E57F67AD9997FF
003#8B7C8007AD9997FF
004#91766B77AD9997FF
005#72578100C40A37FF
006#805B7FE0FD0A37FF
007#7CE98090CC0A37FF
008#7FE27FE0830A37FF
001#811A8067AD9997FF
002#97DD7F87AD9997FF
003#8B7C7FE7AD9997FF
004#91196877AD9997FF
005#72678150C40A37FF
006#805B7FD0FD0A37FF
007#7CE97FE0CC0A37FF
008#7FE27FE0830A37FF
001#81248097AD9997FF
002#97D77F97AD9997FF
003#8B7C7FE7AD9997FF
004#90BC6697AD9997FF
005#72788140C40A37FF
006#805B7FE0FD0A37FF
007#7CE97FE0CC0A37FF
008#7FE07FD0830A37FF
001#812D8047AD9997FF
002#97CE7F67AD9997FF
003#8B7C7FD7AD9997FF
004#90436477AD9997FF
005#72958280C40A37FF
006#80597FC0FD0A37FF
007#7CE97FE0CC0A37FF
008#7FE27FD0830A37FF
001#81318047AD9997FF
002#97C57F57AD9997FF
003#8B7C7FE7AD9997FF
004#8FD862C7AD9997FF
005#72B682B0C40A37FF
006#805B8000FD0A37FF
007#7CE77FD0CC0A37FF
008#7FE27FE0830A37FF
001#81317FE7AD9997FF
002#97BC7F77AD9997FF
003#8B7C7FE7AD9997FF
004#8F6B61D7AD9997FF
005#72D582F0C40A37FF
006#80597FC0FD0A37FF
007#7CE77FC0CC0A37FF
008#7FE27FD0830A37FF
001#81317FE7AD9997FF
002#97B37F77AD9997FF
003#8B7C7FE7AD9997FF
004#8EE06027AD9997FF
005#72F58240C40A37FF
006#805C8060FD0A37FF
007#7CE77FD0CC0A37FF
008#7FE27FD0830A37FF
001#81317FE7AD9997FF
002#97AA7F67AD9997FF
003#8B7B7F57AD9997FF
004#8E4B5E37AD9997FF
005#731B82A0C40A37FF
006#805B7FE0FD0A37FF
007#7CE77FE0CC0A37FF
008#7FE28000830A37FF
001#81317FD7AD9997FF
002#97A17F57AD9997FF
003#8B787F97AD9997FF
004#8DD65CD7AD9997FF
005#73318210C40A37FF
006#805B7FB0FD0A37FF
007#7CE78010CC0A37FF
008#7FE27FE0830A37FF
001#81307FD7AD9997FF
002#97927F37AD9997FF
003#8B767F77AD9997FF
004#8D395C97AD9997FF
005#73428100C40A37FF
006#80598010FD0A37FF
007#7CE77FD0CC0A37FF
008#7FE27FE0830A37FF
001#812E7FE7AD9997FF
002#97857F37AD9997FF
003#8B767FE7AD9997FF
004#8CA55C57AD9997FF
005#734C80C0C40A37FF
006#80598000FD0A37FF
007#7CE97FE0CC0A37FF
008#7FE27FD0830A37FF
001#812E7FE7AD9997FF
002#97787F07AD9997FF
003#8B767FE7AD9997FF
004#8C135BD7AD9997FF
005#73568080C40A37FF
006#80598000FD0A37FF
007#7CE98000CC0A37FF
008#7FE27FE0830A37FF
001#812D7FE7AD9997FF
002#97677EF7AD9997FF
003#8B767FD7AD9997FF
004#8B8B5BE7AD9997FF
005#73557FC0C40A37FF
006#80577FC0FD0A37FF
007#7CEA8000CC0A37FF
008#7FE27FE0830A37FF
001#812D7FE7AD9997FF
002#97567EF7AD9997FF
003#8B767FE7AD9997FF
004#8AED5C47AD9997FF
005#73568010C40A37FF
006#80457E10FD0A37FF
007#7CEA8000CC0A37FF
008#7FE28000830A37FF
001#812C7FB7AD9997FF
002#97437ED7AD9997FF
003#8B767FE7AD9997FF
004#8A595BF7AD9997FF
005#73567FE0C40A37FF
006#802E7DE0FD0A37FF
007#7CEA8000CC0A37FF
008#7FE27FE0830A37FF
001#81287FE7AD9997FF
002#972C7EB7AD9997FF
003#8B767FE7AD9997FF
004#89B75CC7AD9997FF
005#73547FB0C40A37FF
006#80097C70FD0A37FF
007#7CEA8000CC0A37FF
008#7FE28000830A37FF
001#81257FC7AD9997FF
002#97157E87AD9997FF
003#8B747EF7AD9997FF
004#892A5CA7AD9997FF
005#73557FE0C40A37FF
006#7FDF7CD0FD0A37FF
007#7CEE8060CC0A37FF
008#7FE27FE0830A37FF
001#811F7FB7AD9997FF
002#96FE7EA7AD9997FF
003#8B717F77AD9997FF
004#889C5D27AD9997FF
005#73557FD0C40A37FF
006#7FBB7CD0FD0A37FF
007#7CF37FE0CC0A37FF
008#7FE27FE0830A37FF
001#811E7FB7AD9997FF
002#96E57E37AD9997FF
003#8B6E7E77AD9997FF
004#88265D67AD9997FF
005#73548000C40A37FF
006#7FA57DD0FD0A37FF
007#7CF48010CC0A37FF
008#7FE27FE0830A37FF
001#81157F87AD9997FF
002#96C57E47AD9997FF
003#8B687EB7AD9997FF
004#87955E67AD9997FF
005#73547FD0C40A37FF
006#7F837CE0FD0A37FF
007#7CF37FD0CC0A37FF
008#7FE27FE0830A37FF
001#810B7F47AD9997FF
002#96A57E27AD9997FF
003#8B667FD7AD9997FF
004#870C5EF7AD9997FF
005#73547FE0C40A37FF
006#7F627D60FD0A37FF
007#7CF37FE0CC0A37FF
008#7FE27FE0830A37FF
001#80FF7F67AD9997FF
002#96807DF7AD9997FF
003#8B667FE7AD9997FF
004#86865FC7AD9997FF
005#73548000C40A37FF
006#7F427D20FD0A37FF
007#7CF37FE0CC0A37FF
008#7FE27FE0830A37FF
001#80FA7F97AD9997FF
002#96557D87AD9997FF
003#8B667FE7AD9997FF
004#86036037AD9997FF
005#73507FA0C40A37FF
006#7F287E40FD0A37FF
007#7CF48000CC0A37FF
008#7FE28000830A37FF
001#80ED7F27AD9997FF
002#962A7D67AD9997FF
003#8B668007AD9997FF
004#858A6227AD9997FF
005#73507FB0C40A37FF
006#7F1B7EC0FD0A37FF
007#7CF58010CC0A37FF
008#7FE27FE0830A37FF
001#80DF7F27AD9997FF
002#95F67D57AD9997FF
003#8B667FE7AD9997FF
004#85096347AD9997FF
005#73507FD0C40A37FF
006#7F097E60FD0A37FF
007#7CF48000CC0A37FF
008#7FE27FD0830A37FF
001#80D77F47AD9997FF
002#95C97D27AD9997FF
003#8B667FE7AD9997FF
004#84A36497AD9997FF
005#73507FB0C40A37FF
006#7EF77E30FD0A37FF
007#7CF58030CC0A37FF
008#7FE27FE0830A37FF
001#80D17F67AD9997FF
002#95957D17AD9997FF
003#8B667FD7AD9997FF
004#843765D7AD9997FF
005#734F7FA0C40A37FF
006#7EE97EA0FD0A37FF
007#7CF57FE0CC0A37FF
008#7FE27FE0830A37FF
001#80D17FE7AD9997FF
002#95597CE7AD9997FF
003#8B667FE7AD9997FF
004#83C867A7AD9997FF
005#73477F40C40A37FF
006#7EE27FC0FD0A37FF
007#7CF68030CC0A37FF
008#7FE27FD0830A37FF
001#80D17FE7AD9997FF
002#952C7CF7AD9997FF
003#8B667FD7AD9997FF
004#837D68C7AD9997FF
005#73478000C40A37FF
006#7EE27FD0FD0A37FF
007#7CFF80C0CC0A37FF
008#7FE27FE0830A37FF
001#80D07FE7AD9997FF
002#94F57CE7AD9997FF
003#8B667FE7AD9997FF
004#83236AD7AD9997FF
005#73488000C40A37FF
006#7EE27FE0FD0A37FF
007#7D108180CC0A37FF
008#7FE27FE0830A37FF
001#80D07FE7AD9997FF
002#94B67CE7AD9997FF
003#8B668007AD9997FF
004#82C76C07AD9997FF
005#73487FD0C40A37FF
006#7EDF7F60FD0A37FF
007#7D318290CC0A37FF
008#7FE27FE0830A37FF
001#80D17FE7AD9997FF
002#94857D07AD9997FF
003#8B667FE7AD9997FF
004#82846D97AD9997FF
005#73487FE0C40A37FF
006#7EC87D50FD0A37FF
007#7D4D82B0CC0A37FF
008#7FE27FD0830A37FF
001#80D17FE7AD9997FF
002#94497D07AD9997FF
003#8B668007AD9997FF
004#82356E87AD9997FF
005#73477FB0C40A37FF
006#7E997C30FD0A37FF
007#7D7282D0CC0A37FF
008#7FE27FE0830A37FF
001#80D07FE7AD9997FF
002#94107D47AD9997FF
003#8B667FD7AD9997FF
004#81ED70A7AD9997FF
005#733D7E60C40A37FF
006#7E567AE0FD0A37FF
007#7D998290CC0A37FF
008#7FE28000830A37FF
001#80CD7FA7AD9997FF
002#93E37D37AD9997FF
003#8B667FE7AD9997FF
004#81BA7267AD9997FF
005#73217CF0C40A37FF
006#7E287BC0FD0A37FF
007#7DB28240CC0A37FF
008#7FE28000830A37FF
001#80C27F17AD9997FF
002#93B47DA7AD9997FF
003#8B667FE7AD9997FF
004#818A74E7AD9997FF
005#72F37BC0C40A37FF
006#7DF07B20FD0A37FF
007#7DC480E0CC0A37FF
008#7FE27FD0830A37FF
001#80AD7EC7AD9997FF
002#93907DC7AD9997FF
003#8B667FE7AD9997FF
004#816676D7AD9997FF
005#72C17BA0C40A37FF
006#7DBA7B70FD0A37FF
007#7DC27FC0CC0A37FF
008#7FE27FD0830A37FF
001#809C7F17AD9997FF
002#93687E47AD9997FF
003#8B667FE7AD9997FF
004#814479A7AD9997FF
005#72867C00C40A37FF
006#7D757B60FD0A37FF
007#7DC27FE0CC0A37FF
008#7FE27FE0830A37FF
001#80907F17AD9997FF
002#934F7E77AD9997FF
003#8B668007AD9997FF
004#81367CC7AD9997FF
005#72607C70C40A37FF
006#7D417B90FD0A37FF
007#7DC27FD0CC0A37FF
008#7FE28000830A37FF
001#80857F67AD9997FF
002#933E7F17AD9997FF
003#8B668007AD9997FF
004#81317F87AD9997FF
005#72417DB0C40A37FF
006#7D137C30FD0A37FF
007#7DC17FC0CC0A37FF
008#7FE27FD0830A37FF
001#80808007AD9997FF
002#93337FA7AD9997FF
003#8B677FE7AD9997FF
004#81318007AD9997FF
005#72317EC0C40A37FF
006#7CF97E20FD0A37FF
007#7DC17FE0CC0A37FF
008#7FE27FE0830A37FF
001#80807FE7AD9997FF
002#93358027AD9997FF
003#8B667FD7AD9997FF
004#81318007AD9997FF
005#72287ED0C40A37FF
006#7CE57EA0FD0A37FF
007#7DC27FE0CC0A37FF
008#7FE27FE0830A37FF
001#80807FE7AD9997FF
002#934280D7AD9997FF
003#8B667FE7AD9997FF
004#81358097AD9997FF
005#72287FC0C40A37FF
006#7CDF7F20FD0A37FF
007#7DC27FD0CC0A37FF
008#7FE27FE0830A37FF
001#80807FE7AD9997FF
002#935B8157AD9997FF
003#8B668007AD9997FF
004#81368037AD9997FF
005#72287FE0C40A37FF
006#7CCF7F10FD0A37FF
007#7DC27FE0CC0A37FF
008#7FE28000830A37FF
001#80807FD7AD9997FF
002#937B81D7AD9997FF
003#8B667FE7AD9997FF
004#81368017AD9997FF
005#72277FD0C40A37FF
006#7CCF7FD0FD0A37FF
007#7DC27FD0CC0A37FF
008#7FE27FE0830A37FF
001#807B7F67AD9997FF
002#93A18277AD9997FF
003#8B667FE7AD9997FF
004#81367FD7AD9997FF
005#72278000C40A37FF
006#7CCC7FA0FD0A37FF
007#7DC27FE0CC0A37FF
008#7FE27FE0830A37FF
001#80777FB7AD9997FF
002#93D582C7AD9997FF
003#8B668007AD9997FF
004#81367FE7AD9997FF
005#72278010C40A37FF
006#7CC27F10FD0A37FF
007#7DC28010CC0A37FF
008#7FE28000830A37FF
001#80677F17AD9997FF
002#940D82F7AD9997FF
003#8B668007AD9997FF
004#81367FE7AD9997FF
005#72288020C40A37FF
006#7CB77F40FD0A37FF
007#7DC27FD0CC0A37FF
008#7FE27FE0830A37FF
001#80537F07AD9997FF
002#94538397AD9997FF
003#8B677FE7AD9997FF
004#81367FE7AD9997FF
005#72288000C40A37FF
006#7CA17E00FD0A37FF
007#7DBF7FD0CC0A37FF
008#7FE27FD0830A37FF
001#804B7F87AD9997FF
002#94918377AD9997FF
003#8B677FE7AD9997FF
004#81367FE7AD9997FF
005#72288000C40A37FF
006#7C8D7E70FD0A37FF
007#7DC17FE0CC0A37FF
008#7FE28000830A37FF
001#803E7F17AD9997FF
002#94CC83C7AD9997FF
003#8B677FE7AD9997FF
004#81378097AD9997FF
005#72287FE0C40A37FF
006#7C767DE0FD0A37FF
007#7DBF7FD0CC0A37FF
008#7FE27FE0830A37FF
001#802C7F17AD9997FF
002#951C83D7AD9997FF
003#8B678007AD9997FF
004#813E8197AD9997FF
005#72298000C40A37FF
006#7C697F10FD0A37FF
007#7DBA7F00CC0A37FF
008#7FE28000830A37FF
001#80227F87AD9997FF
002#956C83C7AD9997FF
003#8B677FE7AD9997FF
004#814A8327AD9997FF
005#722A7FE0C40A37FF
006#7C607F80FD0A37FF
007#7DB88000CC0A37FF
008#7FE27FD0830A37FF
001#80227FD7AD9997FF
002#95AC83C7AD9997FF
003#8B677FE7AD9997FF
004#815D8587AD9997FF
005#72297FE0C40A37FF
006#7C547EA0FD0A37FF
007#7DBA8010CC0A37FF
008#7FE27FE0830A37FF
001#80228007AD9997FF
002#95F68387AD9997FF
003#8B677FE7AD9997FF
004#817F8847AD9997FF
005#722A8010C40A37FF
006#7C467F40FD0A37FF
007#7DB87FD0CC0A37FF
008#7FE27FD0830A37FF
001#80228007AD9997FF
002#96388357AD9997FF
003#8B677FE7AD9997FF
004#81AB8B67AD9997FF
005#72298000C40A37FF
006#7C437FE0FD0A37FF
007#7DB87FD0CC0A37FF
008#7FE27FE0830A37FF
001#80237FE7AD9997FF
002#96738317AD9997FF
003#8B677FE7AD9997FF
004#81E38E97AD9997FF
005#722A8010C40A37FF
006#7C468010FD0A37FF
007#7DBA8000CC0A37FF
008#7FE27FD0830A37FF
001#80237FE7AD9997FF
002#96AB82C7AD9997FF
003#8B677FE7AD9997FF
004#82289167AD9997FF
005#722A7FB0C40A37FF
006#7C477FE0FD0A37FF
007#7DB87FD0CC0A37FF
008#7FE27FE0830A37FF
001#80237FE7AD9997FF
002#96D68287AD9997FF
003#8B677FE7AD9997FF
004#826F93F7AD9997FF
005#722A7FD0C40A37FF
006#7C477FD0FD0A37FF
007#7DB77FD0CC0A37FF
008#7FE27FE0830A37FF
001#80238007AD9997FF
002#97038247AD9997FF
003#8B677FE7AD9997FF
004#82CA96F7AD9997FF
005#72297FE0C40A37FF
006#7C477FE0FD0A37FF
007#7DB78000CC0A37FF
008#7FE27FD0830A37FF
001#80237FE7AD9997FF
002#972681F7AD9997FF
003#8B677FE7AD9997FF
004#832398E7AD9997FF
005#722A7FE0C40A37FF
006#7C478020FD0A37FF
007#7DB77FE0CC0A37FF
008#7FE28000830A37FF
001#80248017AD9997FF
002#974B81A7AD9997FF
003#8B677FE7AD9997FF
004#839C9B77AD9997FF
005#72297FE0C40A37FF
006#7C478000FD0A37FF
007#7DB77FC0CC0A37FF
008#7FE28010830A37FF
001#802B8067AD9997FF
002#97698177AD9997FF
003#8B677FE7AD9997FF
004#84139D47AD9997FF
005#72297FD0C40A37FF
006#7C488000FD0A37FF
007#7DB57FA0CC0A37FF
008#7FE27FE0830A37FF
001#802E8027AD9997FF
002#97838157AD9997FF
003#8B677FD7AD9997FF
004#84929FB7AD9997FF
005#72297FD0C40A37FF
006#7C487FD0FD0A37FF
007#7DAD7EE0CC0A37FF
008#7FE28000830A37FF
001#80358037AD9997FF
002#979780F7AD9997FF
003#8B677FD7AD9997FF
004#8519A0A7AD9997FF
005#72288020C40A37FF
006#7C4A8010FD0A37FF
007#7DA17F20CC0A37FF
008#7FE28010830A37FF
001#803B8037AD9997FF
002#97A980E7AD9997FF
003#8B677FD7AD9997FF
004#85A4A2B7AD9997FF
005#72287FC0C40A37FF
006#7C4D8020FD0A37FF
007#7D937E70CC0A37FF
008#7FE27FD0830A37FF
001#80428087AD9997FF
002#97B780B7AD9997FF
003#8B678007AD9997FF
004#8634A3F7AD9997FF
005#72287FD0C40A37FF
006#7C548030FD0A37FF
007#7D827E80CC0A37FF
008#7FE27FD0830A37FF
001#80558137AD9997FF
002#97C08067AD9997FF
003#8B677FE7AD9997FF
004#86C9A477AD9997FF
005#72297FE0C40A37FF
006#7C5D8140FD0A37FF
007#7D757F20CC0A37FF
008#7FE27FD0830A37FF
001#806380B7AD9997FF
002#97C78027AD9997FF
003#8B677FE7AD9997FF
004#8765A5F7AD9997FF
005#72288010C40A37FF
006#7C748230FD0A37FF
007#7D757FB0CC0A37FF
008#7FE27FE0830A37FF
001#806E8097AD9997FF
002#97C98027AD9997FF
003#8B677FE7AD9997FF
004#8805A7E7AD9997FF
005#72287FE0C40A37FF
006#7C9E8330FD0A37FF
007#7D747FD0CC0A37FF
008#7FE27FE0830A37FF
001#807E80F7AD9997FF
002#97CC8017AD9997FF
003#8B677FD7AD9997FF
004#88ACA897AD9997FF
005#72298020C40A37FF
006#7CB78200FD0A37FF
007#7D747FE0CC0A37FF
008#7FE27FE0830A37FF
001#80878077AD9997FF
002#97CC7FE7AD9997FF
003#8B678007AD9997FF
004#8943A8E7AD9997FF
005#72298000C40A37FF
006#7CDB8350FD0A37FF
007#7D747FD0CC0A37FF
008#7FE28000830A37FF
001#80928097AD9997FF
002#97CC7FD7AD9997FF
003#8B678007AD9997FF
004#89EAA807AD9997FF
005#72298020C40A37FF
006#7D038370FD0A37FF
007#7D747FD0CC0A37FF
008#7FE27FE0830A37FF
001#809E8097AD9997FF
002#97CC7FE7AD9997FF
003#8B677FE7AD9997FF
004#8A9DA7C7AD9997FF
005#72297FE0C40A37FF
006#7D2A8280FD0A37FF
007#7D727FE0CC0A37FF
008#7FE27FE0830A37FF
001#80AB8097AD9997FF
002#97CC7FE7AD9997FF
003#8B677FE7AD9997FF
004#8B40A6E7AD9997FF
005#722A7FE0C40A37FF
006#7D468200FD0A37FF
007#7D727FE0CC0A37FF
008#7FE27FD0830A37FF
001#80B18027AD9997FF
002#97CC8007AD9997FF
003#8B677FE7AD9997FF
004#8BD7A627AD9997FF
005#72297FD0C40A37FF
006#7D608200FD0A37FF
007#7D727FC0CC0A37FF
008#7FE27FE0830A37FF
001#80B78057AD9997FF
002#97CC7FE7AD9997FF
003#8B677FE7AD9997FF
004#8C6EA457AD9997FF
005#722A7FE0C40A37FF
006#7D7881E0FD0A37FF
007#7D6B7ED0CC0A37FF
008#7FE28000830A37FF
001#80BA8027AD9997FF
002#97CC7FE7AD9997FF
003#8B677FE7AD9997FF
004#8CFEA2B7AD9997FF
005#72297FE0C40A37FF
006#7D9882D0FD0A37FF
007#7D557E00CC0A37FF
008#7FE28000830A37FF
001#80BB7FE7AD9997FF
002#97CC7FE7AD9997FF
003#8B677FD7AD9997FF
004#8D9BA247AD9997FF
005#72298000C40A37FF
006#7DB781E0FD0A37FF
007#7D377D70CC0A37FF
008#7FE27FD0830A37FF
001#80BB7FD7AD9997FF
002#97CC7FD7AD9997FF
003#8B677FE7AD9997FF
004#8E17A107AD9997FF
005#72297FD0C40A37FF
006#7DCF8200FD0A37FF
007#7D1E7DE0CC0A37FF
008#7FE27FE0830A37FF
001#80BA7FD7AD9997FF
002#97CC7FE7AD9997FF
003#8B677FD7AD9997FF
004#8E989F87AD9997FF
005#72298000C40A37FF
006#7DEB8230FD0A37FF
007#7D097E20CC0A37FF
008#7FE28000830A37FF
001#80BA7FD7AD9997FF
002#97CC7FD7AD9997FF
003#8B677FE7AD9997FF
004#8F179EB7AD9997FF
005#72298010C40A37FF
006#7DFC8170FD0A37FF
007#7CF67EB0CC0A37FF
008#7FE27FD0830A37FF
001#80BA7FE7AD9997FF
002#97CC7FE7AD9997FF
003#8B677FE7AD9997FF
004#8F9C9D37AD9997FF
005#72287FE0C40A37FF
006#7E1481B0FD0A37FF
007#7CEB7F50CC0A37FF
008#7FE27FE0830A37FF
001#80BB7FE7AD9997FF
002#97CB7FE7AD9997FF
003#8B677FE7AD9997FF
004#90129C07AD9997FF
005#72288000C40A37FF
006#7E2D81F0FD0A37FF
007#7CE67FC0CC0A37FF
008#7FE27FE0830A37FF
001#80BB7FE7AD9997FF
002#97CC7FE7AD9997FF
003#8B677FD7AD9997FF
004#90769AE7AD9997FF
005#72287FE0C40A37FF
006#7E3A80F0FD0A37FF
007#7CE67FE0CC0A37FF
008#7FE27FE0830A37FF
001#80BB7FE7AD9997FF
002#97CB7FD7AD9997FF
003#8B677FE7AD9997FF
004#90DD98D7AD9997FF
005#72287FD0C40A37FF
006#7E4780D0FD0A37FF
007#7CE77FE0CC0A37FF
008#7FE27FE0830A37FF
001#80BB7FE7AD9997FF
002#97CB7FE7AD9997FF
003#8B677FE7AD9997FF
004#91409837AD9997FF
005#72278000C40A37FF
006#7E4F80A0FD0A37FF
007#7CE67FE0CC0A37FF
008#7FE27FD0830A37FF
001#80BB7FE7AD9997FF
002#97C97FC7AD9997FF
003#8B677FE7AD9997FF
004#919E9657AD9997FF
005#72277FE0C40A37FF
006#7E6581E0FD0A37FF
007#7CE77FE0CC0A37FF
008#7FE27FE0830A37FF
001#80BB7FE7AD9997FF
002#97C77FB7AD9997FF
003#8B677FE7AD9997FF
004#91F89587AD9997FF
005#72277FC0C40A37FF
006#7E7C81E0FD0A37FF
007#7CE77FE0CC0A37FF
008#7FE27FD0830A37FF
001#80BB8007AD9997FF
002#97C37FB7AD9997FF
003#8B677FE7AD9997FF
004#92589397AD9997FF
005#72277FD0C40A37FF
006#7E9481B0FD0A37FF
007#7CE77FE0CC0A37FF
008#7FE27FD0830A37FF
001#80BB7FE7AD9997FF
002#97BE7FA7AD9997FF
003#8B677FE7AD9997FF
004#92A29267AD9997FF
005#72217F50C40A37FF
006#7EAA81C0FD0A37FF
007#7CE77FE0CC0A37FF
008#7FE27FD0830A37FF
001#80BB7FE7AD9997FF
002#97BC7FC7AD9997FF
003#8B677FE7AD9997FF
004#92E19177AD9997FF
005#721B7FB0C40A37FF
006#7EB98130FD0A37FF
007#7CE77FE0CC0A37FF
008#7FE27FD0830A37FF
001#80BB7FE7AD9997FF
002#97B97FC7AD9997FF
003#8B677FE7AD9997FF
004#93278F37AD9997FF
005#721C7FE0C40A37FF
006#7EC38030FD0A37FF
007#7CE67FE0CC0A37FF
008#7FE27FE0830A37FF
001#80BA7FD7AD9997FF
002#97B77FC7AD9997FF
003#8B677FE7AD9997FF
004#93588DF7AD9997FF
005#721B7FB0C40A37FF
006#7EC27FC0FD0A37FF
007#7CE77FE0CC0A37FF
008#7FE27FE0830A37FF
001#80BA7FE7AD9997FF
002#97B57FD7AD9997FF
003#8B677FE7AD9997FF
004#93928C57AD9997FF
005#72137F60C40A37FF
006#7EC38010FD0A37FF
007#7CE77FE0CC0A37FF
008#7FE27FE0830A37FF
001#80BB7FE7AD9997FF
002#97B47FD7AD9997FF
003#8B677FE7AD9997FF
004#93BE8A17AD9997FF
005#720A7F10C40A37FF
006#7EC38000FD0A37FF
007#7CE67FE0CC0A37FF
008#7FE27FE0830A37FF
001#80BB7FD7AD9997FF
002#97B57FE7AD9997FF
003#8B677FE7AD9997FF
004#93E187C7AD9997FF
005#71F97E40C40A37FF
006#7EC38020FD0A37FF
007#7CE67FE0CC0A37FF
008#7FE27FE0830A37FF
001#80BB7FE7AD9997FF
002#97B47FD7AD9997FF
003#8B678007AD9997FF
004#93F88517AD9997FF
005#71DE7DB0C40A37FF
006#7EC88090FD0A37FF
007#7CE67FE0CC0A37FF
008#7FE27FE0830A37FF
001#80BB8007AD9997FF
002#97B47FE7AD9997FF
003#8B677FE7AD9997FF
004#940281D7AD9997FF
005#71C97E90C40A37FF
006#7ED38130FD0A37FF
007#7CE57FD0CC0A37FF
008#7FE27FC0830A37FF
001#80BC8007AD9997FF
002#97B47FE7AD9997FF
003#8B678007AD9997FF
004#94047FE7AD9997FF
005#71C48020C40A37FF
006#7EE58180FD0A37FF
007#7CE17F60CC0A37FF
008#7FE28000830A37FF
001#80BC7FE7AD9997FF
002#97B47FC7AD9997FF
003#8B698087AD9997FF
004#93FF7DD7AD9997FF
005#71CB8080C40A37FF
006#7F168420FD0A37FF
007#7CCF7E80CC0A37FF
008#7FE27FE0830A37FF
001#80BC7FE7AD9997FF
002#97AF7FA7AD9997FF
003#8B697FE7AD9997FF
004#93EE7B87AD9997FF
005#71DF81E0C40A37FF
006#7F578520FD0A37FF
007#7CBC7E70CC0A37FF
008#7FE27FD0830A37FF
001#80BC8007AD9997FF
002#97AC7F97AD9997FF
003#8B697FE7AD9997FF
004#93DB7A17AD9997FF
005#71FD82C0C40A37FF
006#7F8E84E0FD0A37FF
007#7CA87E10CC0A37FF
008#7FE27FE0830A37FF
001#80BE7FE7AD9997FF
002#97A37F67AD9997FF
003#8B697FE7AD9997FF
004#93B976C7AD9997FF
005#722D8470C40A37FF
006#7FCA84C0FD0A37FF
007#7C957EA0CC0A37FF
008#7FE27FE0830A37FF
001#80BE7FE7AD9997FF
002#97947F17AD9997FF
003#8B698007AD9997FF
004#938D7487AD9997FF
005#72688520C40A37FF
006#7FF18310FD0A37FF
007#7C887EE0CC0A37FF
008#7FE27FD0830A37FF
001#80BE7FE7AD9997FF
002#97847F17AD9997FF
003#8B698007AD9997FF
004#935271E7AD9997FF
005#72AB84F0C40A37FF
006#800D81B0FD0A37FF
007#7C817F80CC0A37FF
008#7FE27FD0830A37FF
001#80BE7FE7AD9997FF
002#97737EC7AD9997FF
003#8B697FE7AD9997FF
004#93126E17AD9997FF
005#72E18490C40A37FF
006#801B80B0FD0A37FF
007#7C7A7F50CC0A37FF
008#7FE27FD0830A37FF
001#80BE7FE7AD9997FF
002#975C7EA7AD9997FF
003#8B697FE7AD9997FF
004#92B86AF7AD9997FF
005#73118300C40A37FF
006#801F8000FD0A37FF
007#7C7B8000CC0A37FF
008#7FE28000830A37FF
001#80BC7FD7AD9997FF
002#97487EA7AD9997FF
003#8B697FD7AD9997FF
004#925A6807AD9997FF
005#73278160C40A37FF
006#80208040FD0A37FF
007#7C7B7FE0CC0A37FF
008#7FE27FD0830A37FF
001#80BB7FC7AD9997FF
002#97337EA7AD9997FF
003#8B697FD7AD9997FF
004#92046537AD9997FF
005#73308060C40A37FF
006#80237FE0FD0A37FF
007#7C7E8050CC0A37FF
008#7FE27FD0830A37FF
001#80BA7FD7AD9997FF
002#971B7EB7AD9997FF
003#8B697FE7AD9997FF
004#918462F7AD9997FF
005#732E7FC0C40A37FF
006#80207FD0FD0A37FF
007#7C7E8000CC0A37FF
008#7FE28000830A37FF
001#80BA7FD7AD9997FF
002#97057EC7AD9997FF
003#8B697FE7AD9997FF
004#910860D7AD9997FF
005#73308020C40A37FF
006#801F7FD0FD0A37FF
007#7C7F7FD0CC0A37FF
008#7FE27FE0830A37FF
001#80BA7FE7AD9997FF
002#96F07EC7AD9997FF
003#8B698007AD9997FF
004#90835F07AD9997FF
005#733880F0C40A37FF
006#801B7F80FD0A37FF
007#7C7E7FD0CC0A37FF
008#7FE27FE0830A37FF
001#80BA7FE7AD9997FF
002#96DD7ED7AD9997FF
003#8B697FE7AD9997FF
004#8FF85D47AD9997FF
005#73548270C40A37FF
006#80137F30FD0A37FF
007#7C7E7FD0CC0A37FF
008#7FE27FD0830A37FF
001#80BA7FE7AD9997FF
002#96C97EF7AD9997FF
003#8B697FD7AD9997FF
004#8F535B17AD9997FF
005#737782F0C40A37FF
006#80097F60FD0A37FF
007#7C7F8000CC0A37FF
008#7FE27FE0830A37FF
001#80B97FC7AD9997FF
002#96B87EF7AD9997FF
003#8B697FE7AD9997FF
004#8EB959E7AD9997FF
005#739D8310C40A37FF
006#80007F70FD0A37FF
007#7C808020CC0A37FF
008#7FE27FE0830A37FF
001#80B37FA7AD9997FF
002#96AD7F17AD9997FF
003#8B697FE7AD9997FF
004#8E3A58E7AD9997FF
005#73BE8330C40A37FF
006#7FFF7FC0FD0A37FF
007#7C818000CC0A37FF
008#7FE27FE0830A37FF
001#80B27FD7AD9997FF
002#969C7F07AD9997FF
003#8B697FD7AD9997FF
004#8D845767AD9997FF
005#73E88310C40A37FF
006#7FFC7F50FD0A37FF
007#7C888100CC0A37FF
008#7FE27FD0830A37FF
001#80AD7F87AD9997FF
002#968D7F17AD9997FF
003#8B697FE7AD9997FF
004#8CDC5677AD9997FF
005#74138370C40A37FF
006#7FF67F90FD0A37FF
007#7CA482C0CC0A37FF
008#7FE27FD0830A37FF
001#80AD7FD7AD9997FF
002#967F7F27AD9997FF
003#8B697FE7AD9997FF
004#8C2F55B7AD9997FF
005#74358290C40A37FF
006#7FF37F80FD0A37FF
007#7CC28260CC0A37FF
008#7FE27FD0830A37FF
001#80A97FB7AD9997FF
002#96707F27AD9997FF
003#8B687FC7AD9997FF
004#8B7F55A7AD9997FF
005#74558280C40A37FF
006#7FEA7F40FD0A37FF
007#7CE182C0CC0A37FF
008#7FE27FE0830A37FF
001#80A57FD7AD9997FF
002#96627F07AD9997FF
003#8B687FE7AD9997FF
004#8AE15547AD9997FF
005#747582C0C40A37FF
006#7FDC7E90FD0A37FF
007#7CFA81D0CC0A37FF
008#7FE07FD0830A37FF
001#80A47FC7AD9997FF
002#96557F37AD9997FF
003#8B687FA7AD9997FF
004#8A3955B7AD9997FF
005#748C81C0C40A37FF
006#7FBA7CF0FD0A37FF
007#7D0F81A0CC0A37FF
008#7FE27FE0830A37FF
001#809B7F87AD9997FF
002#96447F27AD9997FF
003#8B667FD7AD9997FF
004#897955D7AD9997FF
005#74A18150C40A37FF
006#7F9C7D80FD0A37FF
007#7D2380F0CC0A37FF
008#7FE28000830A37FF
001#808E7F27AD9997FF
002#96347F17AD9997FF
003#8B667FE7AD9997FF
004#88BA5587AD9997FF
005#74AC80A0C40A37FF
006#7F727C90FD0A37FF
007#7D268010CC0A37FF
008#7FE28000830A37FF
001#80827F47AD9997FF
002#96237F07AD9997FF
003#8B667FE7AD9997FF
004#881256A7AD9997FF
005#74AB7FD0C40A37FF
006#7F457BC0FD0A37FF
007#7D267FB0CC0A37FF
008#7FE27FD0830A37FF
001#80777F67AD9997FF
002#96117EC7AD9997FF
003#8B667FD7AD9997FF
004#876856E7AD9997FF
005#74AC8000C40A37FF
006#7F087AE0FD0A37FF
007#7D278010CC0A37FF
008#7FE27FE0830A37FF
001#80707F57AD9997FF
002#95FC7EB7AD9997FF
003#8B667FE7AD9997FF
004#86D75927AD9997FF
005#74AB7FE0C40A37FF
006#7EC97A00FD0A37FF
007#7D318160CC0A37FF
008#7FE27FE0830A37FF
001#805C7EE7AD9997FF
002#95E67E97AD9997FF
003#8B667FE7AD9997FF
004#863A5A87AD9997FF
005#74AA7FD0C40A37FF
006#7E7F7A40FD0A37FF
007#7D397FE0CC0A37FF
008#7FE27FE0830A37FF
001#804D7F07AD9997FF
002#95C77E87AD9997FF
003#8B667FE7AD9997FF
004#85985BF7AD9997FF
005#74AB7FE0C40A37FF
006#7E3A7AD0FD0A37FF
007#7D398000CC0A37FF
008#7FE27FD0830A37FF
001#80407EF7AD9997FF
002#95AA7E37AD9997FF
003#8B667FE7AD9997FF
004#85195E17AD9997FF
005#74AA8000C40A37FF
006#7E047B70FD0A37FF
007#7D398000CC0A37FF
008#7FE28000830A37FF
001#802E7F17AD9997FF
002#95887DD7AD9997FF
003#8B667FE7AD9997FF
004#849960A7AD9997FF
005#74AA7FE0C40A37FF
006#7DCE7BA0FD0A37FF
007#7D377FB0CC0A37FF
008#7FE27FE0830A37FF
001#80227F47AD9997FF
002#955D7D87AD9997FF
003#8B667FE7AD9997FF
004#841262A7AD9997FF
005#74AA7FE0C40A37FF
006#7D9B7C00FD0A37FF
007#7D388000CC0A37FF
008#7FE28000830A37FF
001#801A7F57AD9997FF
002#953D7D97AD9997FF
003#8B667FD7AD9997FF
004#83B764E7AD9997FF
005#74AA7FE0C40A37FF
006#7D877E30FD0A37FF
007#7D398000CC0A37FF
008#7FE27FE0830A37FF
001#80097F17AD9997FF
002#950B7D77AD9997FF
003#8B668007AD9997FF
004#83476837AD9997FF
005#74AA8000C40A37FF
006#7D747E80FD0A37FF
007#7D387FC0CC0A37FF
008#7FE27FE0830A37FF
001#7FFD7F77AD9997FF
002#94D57D27AD9997FF
003#8B668007AD9997FF
004#82E469F7AD9997FF
005#74AA7FD0C40A37FF
006#7D667F10FD0A37FF
007#7D388010CC0A37FF
008#7FE27FD0830A37FF
001#7FFB7FD7AD9997FF
002#94A37D27AD9997FF
003#8B668007AD9997FF
004#82976C07AD9997FF
005#74AA8020C40A37FF
006#7D617FC0FD0A37FF
007#7D398010CC0A37FF
008#7FE27FE0830A37FF
001#7FF77FE7AD9997FF
002#946D7D37AD9997FF
003#8B667FE7AD9997FF
004#82476EE7AD9997FF
005#74AA7FE0C40A37FF
006#7D618000FD0A37FF
007#7D397FC0CC0A37FF
008#7FE27FE0830A37FF
001#7FF77FE7AD9997FF
002#943D7D07AD9997FF
003#8B667FE7AD9997FF
004#820C7007AD9997FF
005#74AA8000C40A37FF
006#7D648000FD0A37FF
007#7D397FE0CC0A37FF
008#7FE27FE0830A37FF
001#7FF77FE7AD9997FF
002#94017D17AD9997FF
003#8B667FE7AD9997FF
004#81CE7297AD9997FF
005#74A97FE0C40A37FF
006#7D627FE0FD0A37FF
007#7D397FE0CC0A37FF
008#7FE27FD0830A37FF
001#7FF77FE7AD9997FF
002#93CB7D07AD9997FF
003#8B677FE7AD9997FF
004#819D7487AD9997FF
005#74AA7FD0C40A37FF
006#7D648000FD0A37FF
007#7D398010CC0A37FF
008#7FE28000830A37FF
001#7FF77FD7AD9997FF
002#93A27D27AD9997FF
003#8B677FD7AD9997FF
004#817C7637AD9997FF
005#74A97FD0C40A37FF
006#7D627FC0FD0A37FF
007#7D397FE0CC0A37FF
008#7FE28010830A37FF
001#7FF77FE7AD9997FF
002#936D7D37AD9997FF
003#8B678007AD9997FF
004#81587857AD9997FF
005#74A97FE0C40A37FF
006#7D627FE0FD0A37FF
007#7D3B7FE0CC0A37FF
008#7FE28000830A37FF
001#7FF77FE7AD9997FF
002#933F7D67AD9997FF
003#8B677FE7AD9997FF
004#81407B37AD9997FF
005#74A97FD0C40A37FF
006#7D627FE0FD0A37FF
007#7D3C8030CC0A37FF
008#7FE27FE0830A37FF
001#7FF77FE7AD9997FF
002#93147DA7AD9997FF
003#8B677FE7AD9997FF
004#81397E57AD9997FF
005#74A88000C40A37FF
006#7D628000FD0A37FF
007#7D4380F0CC0A37FF
008#7FE28000830A37FF
001#7FF77FE7AD9997FF
002#92ED7DF7AD9997FF
003#8B677FE7AD9997FF
004#81377FE7AD9997FF
005#74A77FA0C40A37FF
006#7D627FD0FD0A37FF
007#7D528100CC0A37FF
008#7FE27FE0830A37FF
001#7FF77FE7AD9997FF
002#92CD7E47AD9997FF
003#8B667FE7AD9997FF
004#81378007AD9997FF
005#74967DE0C40A37FF
006#7D5D7F80FD0A37FF
007#7D6E8240CC0A37FF
008#7FE28000830A37FF
001#7FF77FE7AD9997FF
002#92BB7F47AD9997FF
003#8B667FE7AD9997FF
004#81377FE7AD9997FF
005#74717CC0C40A37FF
006#7D567F70FD0A37FF
007#7D968310CC0A37FF
008#7FE28000830A37FF
001#7FF77FE7AD9997FF
002#92B37F87AD9997FF
003#8B667FD7AD9997FF
004#81377FE7AD9997FF
005#744D7CB0C40A37FF
006#7D578000FD0A37FF
007#7DB48280CC0A37FF
008#7FE27FE0830A37FF
001#7FF77FE7AD9997FF
002#92B38007AD9997FF
003#8B677FE7AD9997FF
004#81378017AD9997FF
005#742A7D20C40A37FF
006#7D4F7EA0FD0A37FF
007#7DCA8180CC0A37FF
008#7FE27FD0830A37FF
001#7FF77FE7AD9997FF
002#92B88077AD9997FF
003#8B678007AD9997FF
004#81398037AD9997FF
005#740B7D30C40A37FF
006#7D3D7E20FD0A37FF
007#7DD880D0CC0A37FF
008#7FE27FD0830A37FF
001#7FF67FE7AD9997FF
002#92CB80F7AD9997FF
003#8B668007AD9997FF
004#81398007AD9997FF
005#73E67D00C40A37FF
006#7D0D7BE0FD0A37FF
007#7DD98000CC0A37FF
008#7FE27FD0830A37FF
001#7FF67FE7AD9997FF
002#92E18157AD9997FF
003#8B667FE7AD9997FF
004#81398017AD9997FF
005#73C27CE0C40A37FF
006#7CDF7BD0FD0A37FF
007#7DD97FD0CC0A37FF
008#7FE27FE0830A37FF
001#7FF67FE7AD9997FF
002#930381C7AD9997FF
003#8B667FD7AD9997FF
004#813A7FE7AD9997FF
005#739D7CD0C40A37FF
006#7CA37B10FD0A37FF
007#7DD98000CC0A37FF
008#7FE27FD0830A37FF
001#7FF67FE7AD9997FF
002#932D8247AD9997FF
003#8B667FD7AD9997FF
004#813C8167AD9997FF
005#73777D60C40A37FF
006#7C717C40FD0A37FF
007#7DD87FE0CC0A37FF
008#7FE27FD0830A37FF
001#7FF67FE7AD9997FF
002#93508287AD9997FF
003#8B667FE7AD9997FF
004#814582D7AD9997FF
005#735E7D90C40A37FF
006#7C547D10FD0A37FF
007#7DD87FD0CC0A37FF
008#7FE27FE0830A37FF
001#7FF67FE7AD9997FF
002#93848297AD9997FF
003#8B667FE7AD9997FF
004#815483C7AD9997FF
005#73487E80C40A37FF
006#7C397E60FD0A37FF
007#7DD87FD0CC0A37FF
008#7FE28000830A37FF
001#7FF67FE7AD9997FF
002#93BA82C7AD9997FF
003#8B667FE7AD9997FF
004#81688547AD9997FF
005#73458000C40A37FF
006#7C327FC0FD0A37FF
007#7DD88000CC0A37FF
008#7FE28000830A37FF
001#7FF67FE7AD9997FF
002#93F28317AD9997FF
003#8B668007AD9997FF
004#81828697AD9997FF
005#73477FE0C40A37FF
006#7C348010FD0A37FF
007#7DD67FE0CC0A37FF
008#7FE27FE0830A37FF
001#7FF67FE7AD9997FF
002#94358327AD9997FF
003#8B668007AD9997FF
004#81A18737AD9997FF
005#73478010C40A37FF
006#7C367FD0FD0A37FF
007#7DD67FD0CC0A37FF
008#7FE27FD0830A37FF
001#7FF67FE7AD9997FF
002#946A8317AD9997FF
003#8B667FE7AD9997FF
004#81BF8857AD9997FF
005#73467FC0C40A37FF
006#7C348000FD0A37FF
007#7DD67FE0CC0A37FF
008#7FE28010830A37FF
001#7FF67FD7AD9997FF
002#94A98367AD9997FF
003#8B667FE7AD9997FF
004#81E88A47AD9997FF
005#73477FE0C40A37FF
006#7C367FE0FD0A37FF
007#7DD67FE0CC0A37FF
008#7FE28000830A37FF
001#7FF67FE7AD9997FF
002#94DE8317AD9997FF
003#8B667FE7AD9997FF
004#82118B97AD9997FF
005#73478010C40A37FF
006#7C368010FD0A37FF
007#7DD67FD0CC0A37FF
008#7FE27FE0830A37FF
001#7FF67FE7AD9997FF
002#951E8307AD9997FF
003#8B667FE7AD9997FF
004#824C8DA7AD9997FF
005#73467FD0C40A37FF
006#7C368010FD0A37FF
007#7DD37FC0CC0A37FF
008#7FE27FE0830A37FF
001#7FF77FE7AD9997FF
002#955D82F7AD9997FF
003#8B667FE7AD9997FF
004#82939007AD9997FF
005#73478000C40A37FF
006#7C378000FD0A37FF
007#7DCA7F10CC0A37FF
008#7FE28000830A37FF
001#7FF77FE7AD9997FF
002#959482D7AD9997FF
003#8B668007AD9997FF
004#82DC9277AD9997FF
005#73477FE0C40A37FF
006#7C377FE0FD0A37FF
007#7DBC7EC0CC0A37FF
008#7FE28000830A37FF
001#7FF78007AD9997FF
002#95BF8287AD9997FF
003#8B677FE7AD9997FF
004#83239367AD9997FF
005#73478020C40A37FF
006#7C378030FD0A37FF
007#7DB77FB0CC0A37FF
008#7FE27FE0830A37FF
001#7FF77FE7AD9997FF
002#95F18277AD9997FF
003#8B678007AD9997FF
004#837F9537AD9997FF
005#73467FC0C40A37FF
006#7C408090FD0A37FF
007#7DB77FE0CC0A37FF
008#7FE27FE0830A37FF
001#7FF77FE7AD9997FF
002#961E8227AD9997FF
003#8B677FE7AD9997FF
004#83DB9647AD9997FF
005#73467FE0C40A37FF
006#7C428040FD0A37FF
007#7DB78000CC0A37FF
008#7FE28000830A37FF
001#7FF77FE7AD9997FF
002#96468207AD9997FF
003#8B677FE7AD9997FF
004#84399797AD9997FF
005#73457FB0C40A37FF
006#7C4B8010FD0A37FF
007#7DB77FD0CC0A37FF
008#7FE27FE0830A37FF
001#7FF77FE7AD9997FF
002#966A81E7AD9997FF
003#8B677FE7AD9997FF
004#849898E7AD9997FF
005#73457FC0C40A37FF
006#7C4B7FE0FD0A37FF
007#7DB77FC0CC0A37FF
008#7FE28000830A37FF
001#7FF87FE7AD9997FF
002#968C81C7AD9997FF
003#8B678007AD9997FF
004#84FE99A7AD9997FF
005#73467FE0C40A37FF
006#7C5280D0FD0A37FF
007#7DB77FE0CC0A37FF
008#7FE27FE0830A37FF
001#7FF98007AD9997FF
002#96AC81D7AD9997FF
003#8B677FE7AD9997FF
004#856C9B37AD9997FF
005#73458010C40A37FF
006#7C548030FD0A37FF
007#7DB77FE0CC0A37FF
008#7FE27FD0830A37FF
001#7FFE8047AD9997FF
002#96CA8157AD9997FF
003#8B677FE7AD9997FF
004#85EA9BF7AD9997FF
005#73458000C40A37FF
006#7C568030FD0A37FF
007#7DBA8020CC0A37FF
008#7FE27FE0830A37FF
001#7FFF7FE7AD9997FF
002#96E18147AD9997FF
003#8B677FE7AD9997FF
004#86539D47AD9997FF
005#73447FB0C40A37FF
006#7C6080F0FD0A37FF
007#7DBA7FE0CC0A37FF
008#7FE28000830A37FF
001#7FFF8017AD9997FF
002#96F98137AD9997FF
003#8B678017AD9997FF
004#86CF9E87AD9997FF
005#73437FE0C40A37FF
006#7C758210FD0A37FF
007#7DB87FD0CC0A37FF
008#7FE27FE0830A37FF
001#80058067AD9997FF
002#970E80F7AD9997FF
003#8B678007AD9997FF
004#875C9F77AD9997FF
005#73458010C40A37FF
006#7C9982C0FD0A37FF
007#7DB78000CC0A37FF
008#7FE27FE0830A37FF
001#80077FD7AD9997FF
002#971D80C7AD9997FF
003#8B677FE7AD9997FF
004#87D4A077AD9997FF
005#73457FD0C40A37FF
006#7CBC8350FD0A37FF
007#7DB88000CC0A37FF
008#7FE28000830A37FF
001#80087FE7AD9997FF
002#972E80C7AD9997FF
003#8B678007AD9997FF
004#885BA057AD9997FF
005#73457FE0C40A37FF
006#7CEB83A0FD0A37FF
007#7DB88000CC0A37FF
008#7FE28000830A37FF
001#80087FE7AD9997FF
002#97378067AD9997FF
003#8B688047AD9997FF
004#88DDA057AD9997FF
005#73468000C40A37FF
006#7D1E8410FD0A37FF
007#7DB77FD0CC0A37FF
008#7FE27FE0830A37FF
001#80087FE7AD9997FF
002#973E8037AD9997FF
003#8B6A8017AD9997FF
004#8968A157AD9997FF
005#73457FE0C40A37FF
006#7D3B81A0FD0A37FF
007#7DB77FD0CC0A37FF
008#7FE27FD0830A37FF
001#80098017AD9997FF
002#97428007AD9997FF
003#8B6A7FD7AD9997FF
004#89EDA157AD9997FF
005#73457FB0C40A37FF
006#7D5181D0FD0A37FF
007#7DB77FE0CC0A37FF
008#7FE27FE0830A37FF
001#800D7FE7AD9997FF
002#97437FE7AD9997FF
003#8B6A7FD7AD9997FF
004#8A88A227AD9997FF
005#73447FD0C40A37FF
006#7D6A81F0FD0A37FF
007#7DB78000CC0A37FF
008#7FE28000830A37FF
001#800D7FE7AD9997FF
002#97427FD7AD9997FF
003#8B6A7FE7AD9997FF
004#8B12A277AD9997FF
005#73427FB0C40A37FF
006#7D8181E0FD0A37FF
007#7DB77FD0CC0A37FF
008#7FE27FE0830A37FF
001#800D7FE7AD9997FF
002#97407FD7AD9997FF
003#8B6A8007AD9997FF
004#8B82A167AD9997FF
005#73387F20C40A37FF
006#7D9D8330FD0A37FF
007#7DB57FB0CC0A37FF
008#7FE27FE0830A37FF
001#800D7FE7AD9997FF
002#97407FE7AD9997FF
003#8B6A7FE7AD9997FF
004#8C16A0F7AD9997FF
005#73297E50C40A37FF
006#7DC282F0FD0A37FF
007#7DAB7EA0CC0A37FF
008#7FE28000830A37FF
001#800D7FE7AD9997FF
002#97407FE7AD9997FF
003#8B6A7FE7AD9997FF
004#8C9FA047AD9997FF
005#73127DC0C40A37FF
006#7DF08350FD0A37FF
007#7D917DC0CC0A37FF
008#7FE28000830A37FF
001#800D7FD7AD9997FF
002#97407FE7AD9997FF
003#8B6A7FE7AD9997FF
004#8D1D9F27AD9997FF
005#72F97DF0C40A37FF
006#7E198370FD0A37FF
007#7D777DD0CC0A37FF
008#7FE27FD0830A37FF
001#800D7FE7AD9997FF
002#97407FE7AD9997FF
003#8B6A8007AD9997FF
004#8D9E9E97AD9997FF
005#72DB7D70C40A37FF
006#7E3F82D0FD0A37FF
007#7D667E90CC0A37FF
008#7FE27FE0830A37FF
001#800D7FE7AD9997FF
002#97407FE7AD9997FF
003#8B6A7FE7AD9997FF
004#8E149DC7AD9997FF
005#72BE7D80C40A37FF
006#7E5E8260FD0A37FF
007#7D587EE0CC0A37FF
008#7FE27FE0830A37FF
001#800D8007AD9997FF
002#97407FE7AD9997FF
003#8B6A7FE7AD9997FF
004#8E8B9C87AD9997FF
005#729E7D30C40A37FF
006#7E788200FD0A37FF
007#7D487E70CC0A37FF
008#7FE27FE0830A37FF
001#800D7FE7AD9997FF
002#97407FE7AD9997FF
003#8B6A7FE7AD9997FF
004#8EF49C17AD9997FF
005#72817D80C40A37FF
006#7E868110FD0A37FF
007#7D377E40CC0A37FF
008#7FE28010830A37FF
001#800D7FD7AD9997FF
002#973D7FB7AD9997FF
003#8B6A7FD7AD9997FF
004#8F709AB7AD9997FF
005#725F7D30C40A37FF
006#7E9380D0FD0A37FF
007#7D277EF0CC0A37FF
008#7FE27FE0830A37FF
001#800D7FE7AD9997FF
002#973A7FB7AD9997FF
003#8B6A7FE7AD9997FF
004#8FDD9A57AD9997FF
005#723D7D30C40A37FF
006#7E9D8080FD0A37FF
007#7D197EA0CC0A37FF
008#7FE27FD0830A37FF
001#800D7FE7AD9997FF
002#97387FD7AD9997FF
003#8B6A7FE7AD9997FF
004#904B9887AD9997FF
005#721A7D30C40A37FF
006#7EAB8100FD0A37FF
007#7D0F7F20CC0A37FF
008#7FE28000830A37FF
001#800D7FE7AD9997FF
002#97367FB7AD9997FF
003#8B6A8007AD9997FF
004#90AB9747AD9997FF
005#71FF7DB0C40A37FF
006#7EB78110FD0A37FF
007#7D087F10CC0A37FF
008#7FE27FE0830A37FF
001#800D7FE7AD9997FF
002#97337FC7AD9997FF
003#8B6A8007AD9997FF
004#910B9657AD9997FF
005#71E17D70C40A37FF
006#7EBF8080FD0A37FF
007#7D047FE0CC0A37FF
008#7FE27FE0830A37FF
001#800D7FE7AD9997FF
002#97327FC7AD9997FF
003#8B6A7FE7AD9997FF
004#915A9557AD9997FF
005#71C87DC0C40A37FF
006#7EC08000FD0A37FF
007#7D037FC0CC0A37FF
008#7FE27FE0830A37FF
001#800D7FE7AD9997FF
002#972F7FC7AD9997FF
003#8B6A7FD7AD9997FF
004#91B19367AD9997FF
005#71AD7DB0C40A37FF
006#7EC07FD0FD0A37FF
007#7CFF7F70CC0A37FF
008#7FE27FE0830A37FF
001#800D7FE7AD9997FF
002#972E7FC7AD9997FF
003#8B6A7FE7AD9997FF
004#91F99307AD9997FF
005#71907D30C40A37FF
006#7EC07FE0FD0A37FF
007#7CFA7FD0CC0A37FF
008#7FE27FE0830A37FF
001#800D7FE7AD9997FF
002#972D7FD7AD9997FF
003#8B6A7FE7AD9997FF
004#923C91A7AD9997FF
005#71727D40C40A37FF
006#7EC07FE0FD0A37FF
007#7CFA7FE0CC0A37FF
008#7FE27FE0830A37FF
001#800D7FE7AD9997FF
002#972D8007AD9997FF
003#8B6A7FE7AD9997FF
004#92869017AD9997FF
005#71537D60C40A37FF
006#7EC08000FD0A37FF
007#7CFA7FE0CC0A37FF
008#7FE27FE0830A37FF
001#800D7FE7AD9997FF
002#972D7FE7AD9997FF
003#8B6A7FD7AD9997FF
004#92C78EC7AD9997FF
005#71327D70C40A37FF
006#7EC08000FD0A37FF
007#7CFA7FE0CC0A37FF
008#7FE27FE0830A37FF
001#800D7FE7AD9997FF
002#972D7FE7AD9997FF
003#8B6A7FD7AD9997FF
004#93038D07AD9997FF
005#71157DC0C40A37FF
006#7EC27FE0FD0A37FF
007#7CFA7FD0CC0A37FF
008#7FE27FE0830A37FF
001#800D7FE7AD9997FF
002#972D7FE7AD9997FF
003#8B6A8007AD9997FF
004#932A8C27AD9997FF
005#70FE7D70C40A37FF
006#7EC27FE0FD0A37FF
007#7CFB8000CC0A37FF
008#7FE27FD0830A37FF
001#800D7FE7AD9997FF
002#972D7FE7AD9997FF
003#8B6A7FE7AD9997FF
004#935F8A27AD9997FF
005#70E27E20C40A37FF
006#7EC38000FD0A37FF
007#7CFA7FD0CC0A37FF
008#7FE27FE0830A37FF
001#800D7FE7AD9997FF
002#972D7FE7AD9997FF
003#8B6A7FE7AD9997FF
004#938088A7AD9997FF
005#70D77EE0C40A37FF
006#7EC48020FD0A37FF
007#7CFB7FD0CC0A37FF
008#7FE27FD0830A37FF
001#800D7FE7AD9997FF
002#972D7FE7AD9997FF
003#8B6A7FD7AD9997FF
004#939E86B7AD9997FF
005#70CC7F20C40A37FF
006#7ED08120FD0A37FF
007#7CFA7FE0CC0A37FF
008#7FE28000830A37FF
001#800D7FD7AD9997FF
002#972D8007AD9997FF
003#8B6A7FE7AD9997FF
004#93B28497AD9997FF
005#70C67FB0C40A37FF
006#7EE481C0FD0A37FF
007#7CFA7FE0CC0A37FF
008#7FE27FE0830A37FF
001#800D8007AD9997FF
002#972D7FE7AD9997FF
003#8B6A7FE7AD9997FF
004#93BE8157AD9997FF
005#70C78010C40A37FF
006#7F038220FD0A37FF
007#7CFA7FE0CC0A37FF
008#7FE27FE0830A37FF
001#800D7FE7AD9997FF
002#972D7FE7AD9997FF
003#8B6A7FE7AD9997FF
004#93BE7FE7AD9997FF
005#70C88010C40A37FF
006#7F1581C0FD0A37FF
007#7CFA7FD0CC0A37FF
008#7FE27FD0830A37FF
001#800D8007AD9997FF
002#972C7FD7AD9997FF
003#8B6A7FE7AD9997FF
004#93BA7E97AD9997FF
005#70CA8020C40A37FF
006#7F498480FD0A37FF
007#7CFA7FD0CC0A37FF
008#7FE27FE0830A37FF
001#800D7FE7AD9997FF
002#972C7FE7AD9997FF
003#8B6A7FE7AD9997FF
004#93B17D37AD9997FF
005#70D28120C40A37FF
006#7F808570FD0A37FF
007#7CF57F40CC0A37FF
008#7FE07FE0830A37FF
001#800D7FE7AD9997FF
002#972C7FE7AD9997FF
003#8B6A7FD7AD9997FF
004#939E7B57AD9997FF
005#70ED8220C40A37FF
006#7FC98490FD0A37FF
007#7CE17EC0CC0A37FF
008#7FE27FE0830A37FF
001#800D8007AD9997FF
002#972C7FE7AD9997FF
003#8B6A7FE7AD9997FF
004#938A7A07AD9997FF
005#710982F0C40A37FF
006#7FED8370FD0A37FF
007#7CD67E90CC0A37FF
008#7FE28000830A37FF
001#800D7FE7AD9997FF
002#972C7FE7AD9997FF
003#8B6A7FE7AD9997FF
004#936D77E7AD9997FF
005#71328390C40A37FF
006#800D8240FD0A37FF
007#7CC87EC0CC0A37FF
008#7FE07FE0830A37FF
001#800D7FE7AD9997FF
002#972B7FE7AD9997FF
003#8B6A7FE7AD9997FF
004#93467567AD9997FF
005#71608390C40A37FF
006#801B8070FD0A37FF
007#7CB67E50CC0A37FF
008#7FE27FE0830A37FF
001#800D7FE7AD9997FF
002#972B7FC7AD9997FF
003#8B6A7FE7AD9997FF
004#931172A7AD9997FF
005#718F8370C40A37FF
006#80187FB0FD0A37FF
007#7CA37E50CC0A37FF
008#7FE07FE0830A37FF
001#800D7FE7AD9997FF
002#97267F97AD9997FF
003#8B6A7FE7AD9997FF
004#92CE7057AD9997FF
005#71B582A0C40A37FF
006#80187FE0FD0A37FF
007#7C9F8000CC0A37FF
008#7FE27FD0830A37FF
001#800D7FE7AD9997FF
002#97227FA7AD9997FF
003#8B6A8007AD9997FF
004#92896E77AD9997FF
005#71CB8190C40A37FF
006#80187FE0FD0A37FF
007#7CA17FE0CC0A37FF
008#7FE27FD0830A37FF
001#800D7FE7AD9997FF
002#971B7FA7AD9997FF
003#8B6A8007AD9997FF
004#92386B67AD9997FF
005#71DE81C0C40A37FF
006#80187FD0FD0A37FF
007#7CA38010CC0A37FF
008#7FE07FD0830A37FF
001#800D7FE7AD9997FF
002#97157FB7AD9997FF
003#8B6A7FE7AD9997FF
004#91E36957AD9997FF
005#71EF8140C40A37FF
006#80177FD0FD0A37FF
007#7CA38020CC0A37FF
008#7FE28000830A37FF
001#800D7FE7AD9997FF
002#970E7F87AD9997FF
003#8B6A7FE7AD9997FF
004#91856797AD9997FF
005#71FF8140C40A37FF
006#80177FE0FD0A37FF
007#7CA38000CC0A37FF
008#7FE27FE0830A37FF
001#800D7FE7AD9997FF
002#97087F67AD9997FF
003#8B697FE7AD9997FF
004#911964E7AD9997FF
005#72158200C40A37FF
006#80167FC0FD0A37FF
007#7CA38010CC0A37FF
008#7FE28000830A37FF
001#800D7FE7AD9997FF
002#97067FC7AD9997FF
003#8B6A7FE7AD9997FF
004#90A66387AD9997FF
005#72368270C40A37FF
006#80137FD0FD0A37FF
007#7CA37FE0CC0A37FF
008#7FE27FE0830A37FF
001#800D7FE7AD9997FF
002#97067FE7AD9997FF
003#8B697FD7AD9997FF
004#902A6127AD9997FF
005#72608380C40A37FF
006#80137FE0FD0A37FF
007#7CA48000CC0A37FF
008#7FE28000830A37FF
001#800D7FE7AD9997FF
002#97067FE7AD9997FF
003#8B697FE7AD9997FF
004#8F955E97AD9997FF
005#729083A0C40A37FF
006#80137FD0FD0A37FF
007#7CA47FE0CC0A37FF
008#7FE27FE0830A37FF
001#800D7FE7AD9997FF
002#97088007AD9997FF
003#8B697FE7AD9997FF
004#8F1A5E17AD9997FF
005#72B68320C40A37FF
006#80087E80FD0A37FF
007#7CA48000CC0A37FF
008#7FE07FC0830A37FF
001#800D7FE7AD9997FF
002#97087FE7AD9997FF
003#8B697FE7AD9997FF
004#8E8B5C27AD9997FF
005#72DC82F0C40A37FF
006#7FF57E50FD0A37FF
007#7CA68010CC0A37FF
008#7FE27FE0830A37FF
001#800B7FD7AD9997FF
002#97087FE7AD9997FF
003#8B697FD7AD9997FF
004#8DE25B17AD9997FF
005#72FB8220C40A37FF
006#7FDA7D80FD0A37FF
007#7CA78000CC0A37FF
008#7FE27FE0830A37FF
001#800B7FE7AD9997FF
002#97097FE7AD9997FF
003#8B697FE7AD9997FF
004#8D6E5AC7AD9997FF
005#730B8190C40A37FF
006#7FBB7C90FD0A37FF
007#7CA88020CC0A37FF
008#7FE27FE0830A37FF
001#800B7FD7AD9997FF
002#97097FE7AD9997FF
003#8B697FE7AD9997FF
004#8CC059E7AD9997FF
005#731C80A0C40A37FF
006#7F8C7C10FD0A37FF
007#7CB280A0CC0A37FF
008#7FE27FE0830A37FF
001#80057FA7AD9997FF
002#97097FE7AD9997FF
003#8B697FE7AD9997FF
004#8C245907AD9997FF
005#731C7FD0C40A37FF
006#7F577B90FD0A37FF
007#7CBD80C0CC0A37FF
008#7FE27FD0830A37FF
001#80057FD7AD9997FF
002#97097FE7AD9997FF
003#8B697FD7AD9997FF
004#8B735897AD9997FF
005#731B7FE0C40A37FF
006#7F117A90FD0A37FF
007#7CC78080CC0A37FF
008#7FE27FE0830A37FF
001#80017FB7AD9997FF
002#97097FD7AD9997FF
003#8B697FE7AD9997FF
004#8AE35897AD9997FF
005#731B7FD0C40A37FF
006#7ED57AB0FD0A37FF
007#7CD881F0CC0A37FF
008#7FE27FD0830A37FF
001#7FFE7FD7AD9997FF
002#97097FE7AD9997FF
003#8B698007AD9997FF
004#8A4158D7AD9997FF
005#731B8000C40A37FF
006#7E937AA0FD0A37FF
007#7CEF8160CC0A37FF
008#7FE27FE0830A37FF
001#7FFD7FD7AD9997FF
002#97097FE7AD9997FF
003#8B697FE7AD9997FF
004#89945937AD9997FF
005#731C8020C40A37FF
006#7E4E7B50FD0A37FF
007#7D008170CC0A37FF
008#7FE27FE0830A37FF
001#7FFD7FE7AD9997FF
002#97097FE7AD9997FF
003#8B697FE7AD9997FF
004#89005917AD9997FF
005#731B7FD0C40A37FF
006#7E207BB0FD0A37FF
007#7D148180CC0A37FF
008#7FE27FE0830A37FF
001#7FFE7FE7AD9997FF
002#97087FE7AD9997FF
003#8B697FE7AD9997FF
004#886759B7AD9997FF
005#731B7FE0C40A37FF
006#7DFA7CF0FD0A37FF
007#7D268130CC0A37FF
008#7FE27FE0830A37FF
001#7FFD7FD7AD9997FF
002#97097FE7AD9997FF
003#8B697FE7AD9997FF
004#87DC59F7AD9997FF
005#731C8010C40A37FF
006#7DDE7D80FD0A37FF
007#7D328120CC0A37FF
008#7FE27FE0830A37FF
001#7FFD7FE7AD9997FF
002#97087FE7AD9997FF
003#8B697FE7AD9997FF
004#87215A77AD9997FF
005#732380D0C40A37FF
006#7DC47E20FD0A37FF
007#7D3C8040CC0A37FF
008#7FE27FE0830A37FF
001#7FFD7FD7AD9997FF
002#97087FE7AD9997FF
003#8B697FE7AD9997FF
004#86995B37AD9997FF
005#73378230C40A37FF
006#7DAD7DC0FD0A37FF
007#7D3C8000CC0A37FF
008#7FE27FE0830A37FF
001#7FF67FA7AD9997FF
002#97077FD7AD9997FF
003#8B697FE7AD9997FF
004#86015B97AD9997FF
005#736383D0C40A37FF
006#7D8E7DA0FD0A37FF
007#7D4580A0CC0A37FF
008#7FE27FD0830A37FF
001#7FF57FD7AD9997FF
002#97047FB7AD9997FF
003#8B697FE7AD9997FF
004#85655D07AD9997FF
005#739D8470C40A37FF
006#7D6C7D30FD0A37FF
007#7D4C8100CC0A37FF
008#7FE27FE0830A37FF
001#7FEF7F77AD9997FF
002#97027FD7AD9997FF
003#8B697FE7AD9997FF
004#84E95E77AD9997FF
005#73D384C0C40A37FF
006#7D4D7D20FD0A37FF
007#7D5B8170CC0A37FF
008#7FE27FD0830A37FF
001#7FE77F77AD9997FF
002#96FE7FA7AD9997FF
003#8B697FE7AD9997FF
004#84615EC7AD9997FF
005#740C8470C40A37FF
006#7D327D80FD0A37FF
007#7D708180CC0A37FF
008#7FE27FE0830A37FF
001#7FDB7F37AD9997FF
002#96F67F87AD9997FF
003#8B698007AD9997FF
004#83D16037AD9997FF
005#744C84D0C40A37FF
006#7D1A7E50FD0A37FF
007#7D848140CC0A37FF
008#7FE27FE0830A37FF
001#7FD17F47AD9997FF
002#96EA7F37AD9997FF
003#8B697FD7AD9997FF
004#835161C7AD9997FF
005#747C83C0C40A37FF
006#7D097EB0FD0A37FF
007#7D998180CC0A37FF
008#7FE28010830A37FF
001#7FC87F77AD9997FF
002#96E07F47AD9997FF
003#8B697FE7AD9997FF
004#82F463C7AD9997FF
005#749D82F0C40A37FF
006#7D067FA0FD0A37FF
007#7DAB81F0CC0A37FF
008#7FE27FE0830A37FF
001#7FBB7F27AD9997FF
002#96D17F17AD9997FF
003#8B697FE7AD9997FF
004#828965C7AD9997FF
005#74BA8290C40A37FF
006#7D017FD0FD0A37FF
007#7DC98250CC0A37FF
008#7FE27FE0830A37FF
001#7FA77EF7AD9997FF
002#96B77EA7AD9997FF
003#8B697FE7AD9997FF
004#82196847AD9997FF
005#74DF8280C40A37FF
006#7D007FC0FD0A37FF
007#7DE08140CC0A37FF
008#7FE27FD0830A37FF
001#7F977EF7AD9997FF
002#969E7E67AD9997FF
003#8B697FE7AD9997FF
004#81C26AD7AD9997FF
005#74F881D0C40A37FF
006#7CF57F00FD0A37FF
007#7DFA8260CC0A37FF
008#7FE27FD0830A37FF
001#7F807EC7AD9997FF
002#967E7E27AD9997FF
003#8B697FE7AD9997FF
004#81726E17AD9997FF
005#75138200C40A37FF
006#7CEF7EE0FD0A37FF
007#7E168200CC0A37FF
008#7FE27FC0830A37FF
001#7F6C7F07AD9997FF
002#96547DB7AD9997FF
003#8B697FD7AD9997FF
004#812D70A7AD9997FF
005#752380B0C40A37FF
006#7CD07DC0FD0A37FF
007#7E238080CC0A37FF
008#7FE27FD0830A37FF
001#7F517E67AD9997FF
002#96257D47AD9997FF
003#8B697FE7AD9997FF
004#80FA74A7AD9997FF
005#752A8020C40A37FF
006#7CB87E00FD0A37FF
007#7E2B8060CC0A37FF
008#7FE27FE0830A37FF
001#7F437F17AD9997FF
002#95F67CF7AD9997FF
003#8B697FE7AD9997FF
004#80DA77B7AD9997FF
005#752A7FA0C40A37FF
006#7CA77E00FD0A37FF
007#7E2B8010CC0A37FF
008#7FE27FD0830A37FF
001#7F2B7E97AD9997FF
002#95B87CD7AD9997FF
003#8B697FE7AD9997FF
004#80C27B97AD9997FF
005#752B7FE0C40A37FF
006#7C927EA0FD0A37FF
007#7E328050CC0A37FF
008#7FE27FD0830A37FF
001#7F1A7F17AD9997FF
002#95777C57AD9997FF
003#8B697FE7AD9997FF
004#80B97E37AD9997FF
005#752A7FE0C40A37FF
006#7C897EE0FD0A37FF
007#7E307FD0CC0A37FF
008#7FE28000830A37FF
001#7F0D7F07AD9997FF
002#95337C27AD9997FF
003#8B697FE7AD9997FF
004#80B98017AD9997FF
005#752A7FE0C40A37FF
006#7C817FE0FD0A37FF
007#7E327FE0CC0A37FF
008#7FE27FD0830A37FF
001#7EF97EC7AD9997FF
002#94F57C47AD9997FF
003#8B697FE7AD9997FF
004#80B98007AD9997FF
005#752A7FE0C40A37FF
006#7C807FB0FD0A37FF
007#7E328010CC0A37FF
008#7FE28000830A37FF
001#7EE87EE7AD9997FF
002#94AF7C37AD9997FF
003#8B697FD7AD9997FF
004#80B98007AD9997FF
005#752A8010C40A37FF
006#7C818040FD0A37FF
007#7E327FE0CC0A37FF
008#7FE28000830A37FF
001#7ED07E47AD9997FF
002#946C7C57AD9997FF
003#8B697FE7AD9997FF
004#80B97FE7AD9997FF
005#752A7FD0C40A37FF
006#7C817FD0FD0A37FF
007#7E327FE0CC0A37FF
008#7FE27FE0830A37FF
001#7EB27E77AD9997FF
002#941D7C07AD9997FF
003#8B697FE7AD9997FF
004#80B97FE7AD9997FF
005#752A8010C40A37FF
006#7C807FB0FD0A37FF
007#7E327FE0CC0A37FF
008#7FE27FE0830A37FF
001#7E8E7E37AD9997FF
002#93D77C27AD9997FF
003#8B697FE7AD9997FF
004#80B97FE7AD9997FF
005#752A7FE0C40A37FF
006#7C808000FD0A37FF
007#7E327FE0CC0A37FF
008#7FE27FE0830A37FF
001#7E707E17AD9997FF
002#93997C27AD9997FF
003#8B697FE7AD9997FF
004#80B97FE7AD9997FF
005#752B8010C40A37FF
006#7C807FD0FD0A37FF
007#7E327FE0CC0A37FF
008#7FE27FD0830A37FF
001#7E4C7DD7AD9997FF
002#93537C07AD9997FF
003#8B697FE7AD9997FF
004#80B97FE7AD9997FF
005#752A7FE0C40A37FF
006#7C808000FD0A37FF
007#7E327FD0CC0A37FF
008#7FE28010830A37FF
001#7E287DE7AD9997FF
002#93077C57AD9997FF
003#8B697FE7AD9997FF
004#80B97FE7AD9997FF
005#752B7FD0C40A37FF
006#7C7F7FA0FD0A37FF
007#7E348000CC0A37FF
008#7FE27FD0830A37FF
001#7DFC7DC7AD9997FF
002#92BD7C17AD9997FF
003#8B697FD7AD9997FF
004#80B98007AD9997FF
005#752C8010C40A37FF
006#7C7F7FB0FD0A37FF
007#7E358000CC0A37FF
008#7FE27FD0830A37FF
001#7DDB7DA7AD9997FF
002#927E7C27AD9997FF
003#8B697FE7AD9997FF
004#80B97FE7AD9997FF
005#752B7FD0C40A37FF
006#7C767F20FD0A37FF
007#7E357FE0CC0A37FF
008#7FE27FE0830A37FF
001#7DAB7DA7AD9997FF
002#92377C07AD9997FF
003#8B697FE7AD9997FF
004#80B97FE7AD9997FF
005#75338100C40A37FF
006#7C6B7E80FD0A37FF
007#7E358020CC0A37FF
008#7FE27FD0830A37FF
001#7D847DA7AD9997FF
002#91F47C17AD9997FF
003#8B697FD7AD9997FF
004#80B97FD7AD9997FF
005#754481B0C40A37FF
006#7C527DB0FD0A37FF
007#7E3C80B0CC0A37FF
008#7FE27FE0830A37FF
001#7D577DC7AD9997FF
002#91A87C37AD9997FF
003#8B697FE7AD9997FF
004#80B97FE7AD9997FF
005#75668280C40A37FF
006#7C327D80FD0A37FF
007#7E4980E0CC0A37FF
008#7FE27FE0830A37FF
001#7D2F7DD7AD9997FF
002#915D7C37AD9997FF
003#8B697FE7AD9997FF
004#80BA8067AD9997FF
005#75828220C40A37FF
006#7C1C7E40FD0A37FF
007#7E4F8040CC0A37FF
008#7FE27FE0830A37FF
001#7D0A7E07AD9997FF
002#91187C17AD9997FF
003#8B697FE7AD9997FF
004#80BF80E7AD9997FF
005#759C8250C40A37FF
006#7C0D7ED0FD0A37FF
007#7E4E7FE0CC0A37FF
008#7FE27FE0830A37FF
001#7CEB7E47AD9997FF
002#90D57C57AD9997FF
003#8B697FE7AD9997FF
004#80C280E7AD9997FF
005#75B88200C40A37FF
006#7C087F60FD0A37FF
007#7E4E7FE0CC0A37FF
008#7FE27FE0830A37FF
001#7CDA7F27AD9997FF
002#908E7C27AD9997FF
003#8B697FE7AD9997FF
004#80C780F7AD9997FF
005#75CC81A0C40A37FF
006#7C047FE0FD0A37FF
007#7E4E8000CC0A37FF
008#7FE28000830A37FF
001#7CD07F47AD9997FF
002#90557C47AD9997FF
003#8B697FE7AD9997FF
004#80CC81B7AD9997FF
005#75DF8140C40A37FF
006#7C048000FD0A37FF
007#7E4E7FD0CC0A37FF
008#7FE28000830A37FF
001#7CCF8007AD9997FF
002#90137C67AD9997FF
003#8B697FE7AD9997FF
004#80D18117AD9997FF
005#75E68020C40A37FF
006#7C037FC0FD0A37FF
007#7E4E7FD0CC0A37FF
008#7FE28000830A37FF
001#7CD07FE7AD9997FF
002#8FC37C77AD9997FF
003#8B697FE7AD9997FF
004#80D58087AD9997FF
005#75E48010C40A37FF
006#7C038000FD0A37FF
007#7E4E7FE0CC0A37FF
008#7FE27FE0830A37FF
001#7CD07FE7AD9997FF
002#8F8B7C87AD9997FF
003#8B697FE7AD9997FF
004#80D680B7AD9997FF
005#75E47FD0C40A37FF
006#7C037FD0FD0A37FF
007#7E4E8000CC0A37FF
008#7FE27FD0830A37FF
001#7CD07FE7AD9997FF
002#8F4E7C97AD9997FF
003#8B697FE7AD9997FF
004#80D78007AD9997FF
005#75E37FD0C40A37FF
006#7C048000FD0A37FF
007#7E4E7FD0CC0A37FF
008#7FE27FE0830A37FF
001#7CD07FE7AD9997FF
002#8F107CB7AD9997FF
003#8B687FD7AD9997FF
004#80D77FD7AD9997FF
005#75E37FD0C40A37FF
006#7C017FC0FD0A37FF
007#7E4F8000CC0A37FF
008#7FE28000830A37FF
001#7CD07FE7AD9997FF
002#8ED47C97AD9997FF
003#8B677F67AD9997FF
004#80D77FD7AD9997FF
005#75E37FE0C40A37FF
006#7C038000FD0A37FF
007#7E4F7FD0CC0A37FF
008#7FE27FE0830A37FF
001#7CD07FE7AD9997FF
002#8E967CB7AD9997FF
003#8B647F97AD9997FF
004#80D77FE7AD9997FF
005#75E27FB0C40A37FF
006#7C017FE0FD0A37FF
007#7E4F7FE0CC0A37FF
008#7FE28000830A37FF
001#7CD08007AD9997FF
002#8E597C97AD9997FF
003#8B617EF7AD9997FF
004#80D77FE7AD9997FF
005#75E27FE0C40A37FF
006#7C017FE0FD0A37FF
007#7E4F8000CC0A37FF
008#7FE27FE0830A37FF
001#7CD08007AD9997FF
002#8E207CC7AD9997FF
003#8B597D77AD9997FF
004#80D77FE7AD9997FF
005#75E27FE0C40A37FF
006#7C017FE0FD0A37FF
007#7E4F7FE0CC0A37FF
008#7FE27FE0830A37FF
001#7CD08007AD9997FF
002#8DE37CB7AD9997FF
003#8B4D7CE7AD9997FF
004#80D77FE7AD9997FF
005#75E27FE0C40A37FF
006#7C017FC0FD0A37FF
007#7E4F7FE0CC0A37FF
008#7FE27FE0830A37FF
001#7CD08007AD9997FF
002#8DA77CB7AD9997FF
003#8B407CB7AD9997FF
004#80D78007AD9997FF
005#75E17FE0C40A37FF
006#7BF97EF0FD0A37FF
007#7E4F7FE0CC0A37FF
008#7FE28000830A37FF
001#7CD07FE7AD9997FF
002#8D697C97AD9997FF
003#8B327C77AD9997FF
004#80D77FD7AD9997FF
005#75E17FE0C40A37FF
006#7BF87FB0FD0A37FF
007#7E4E7FE0CC0A37FF
008#7FE28000830A37FF
001#7CD07FE7AD9997FF
002#8D317CB7AD9997FF
003#8B247C77AD9997FF
004#80D77FE7AD9997FF
005#75E07FD0C40A37FF
006#7BF67FE0FD0A37FF
007#7E4E7FD0CC0A37FF
008#7FE27FE0830A37FF
001#7CD07FE7AD9997FF
002#8CF17CB7AD9997FF
003#8B167C87AD9997FF
004#80D77FE7AD9997FF
005#75E18000C40A37FF
006#7BF87FE0FD0A37FF
007#7E4E7FD0CC0A37FF
008#7FE27FE0830A37FF
001#7CD07FD7AD9997FF
002#8CBA7CB7AD9997FF
003#8B097CD7AD9997FF
004#80D78007AD9997FF
005#75E17FD0C40A37FF
006#7BF88010FD0A37FF
007#7E4E7FD0CC0A37FF
008#7FE27FE0830A37FF
001#7CD17FE7AD9997FF
002#8C787CA7AD9997FF
003#8AFC7CF7AD9997FF
004#80D78007AD9997FF
005#75E28000C40A37FF
006#7BF57FB0FD0A37FF
007#7E4E8000CC0A37FF
008#7FE27FD0830A37FF
001#7CD17FE7AD9997FF
002#8C3C7CA7AD9997FF
003#8AF27D47AD9997FF
004#80D77FE7AD9997FF
005#75E28010C40A37FF
006#7BF37F90FD0A37FF
007#7E4E7FD0CC0A37FF
008#7FE27FE0830A37FF
001#7CD17FE7AD9997FF
002#8BFE7CA7AD9997FF
003#8AE97E17AD9997FF
004#80D77FE7AD9997FF
005#75E27FC0C40A37FF
006#7BEB7F00FD0A37FF
007#7E4E7FE0CC0A37FF
008#7FE27FE0830A37FF
001#7CD17FE7AD9997FF
002#8BC27C87AD9997FF
003#8AE07D77AD9997FF
004#80D77FD7AD9997FF
005#75E27FE0C40A37FF
006#7BD87E70FD0A37FF
007#7E4E7FE0CC0A37FF
008#7FE27FE0830A37FF
001#7CD17FE7AD9997FF
002#8B867CC7AD9997FF
003#8AD87DC7AD9997FF
004#80D77FE7AD9997FF
005#75E17FD0C40A37FF
006#7BC17DD0FD0A37FF
007#7E4E7FE0CC0A37FF
008#7FE27FC0830A37FF
001#7CD17FE7AD9997FF
002#8B487CA7AD9997FF
003#8ACD7DB7AD9997FF
004#80D77FE7AD9997FF
005#75E17FE0C40A37FF
006#7BA97E40FD0A37FF
007#7E4E8000CC0A37FF
008#7FE28000830A37FF
001#7CD17FE7AD9997FF
002#8B0F7CC7AD9997FF
003#8AC57D77AD9997FF
004#80D77FE7AD9997FF
005#75E17FC0C40A37FF
006#7B9D7E70FD0A37FF
007#7E4E7FE0CC0A37FF
008#7FE27FE0830A37FF
001#7CD17FE7AD9997FF
002#8AD07CC7AD9997FF
003#8AB87D17AD9997FF
004#80D78007AD9997FF
005#75E17FD0C40A37FF
006#7B947FD0FD0A37FF
007#7E4E7FE0CC0A37FF
008#7FE27FE0830A37FF
001#7CD17FE7AD9997FF
002#8A9F7CE7AD9997FF
003#8AAE7CE7AD9997FF
004#80D77FE7AD9997FF
005#75E17FD0C40A37FF
006#7B937F80FD0A37FF
007#7E4E8010CC0A37FF
008#7FE28000830A37FF
001#7CD17FE7AD9997FF
002#8A657CE7AD9997FF
003#8AA17CC7AD9997FF
004#80D77FE7AD9997FF
005#75E27FD0C40A37FF
006#7B8E7FA0FD0A37FF
007#7E4E7FD0CC0A37FF
008#7FE27FE0830A37FF
001#7CD17FE7AD9997FF
002#8A2A7D17AD9997FF
003#8A927CE7AD9997FF
004#80D77FE7AD9997FF
005#75E27FE0C40A37FF
006#7B817E70FD0A37FF
007#7E4E7FD0CC0A37FF
008#7FE28000830A37FF
001#7CD17FD7AD9997FF
002#89F47D07AD9997FF
003#8A857C67AD9997FF
004#80D77FE7AD9997FF
005#75E38030C40A37FF
006#7B757F40FD0A37FF
007#7E4E7FE0CC0A37FF
008#7FE28000830A37FF
001#7CD17FE7AD9997FF
002#89C07D17AD9997FF
003#8A767C27AD9997FF
004#80D77FE7AD9997FF
005#75E28000C40A37FF
006#7B6A7F30FD0A37FF
007#7E4E7FE0CC0A37FF
008#7FE28000830A37FF
001#7CD17FE7AD9997FF
002#898F7D17AD9997FF
003#8A667BD7AD9997FF
004#80D77FE7AD9997FF
005#75E27FE0C40A37FF
006#7B627FA0FD0A37FF
007#7E4E7FE0CC0A37FF
008#7FE27FE0830A37FF
001#7CD17FD7AD9997FF
002#895C7D47AD9997FF
003#8A557BC7AD9997FF
004#80D77FE7AD9997FF
005#75E37FD0C40A37FF
006#7B5D7F00FD0A37FF
007#7E4E7FE0CC0A37FF
008#7FE28000830A37FF
001#7CD17FE7AD9997FF
002#89297D37AD9997FF
003#8A447B97AD9997FF
004#80D77FE7AD9997FF
005#75E38010C40A37FF
006#7B567F80FD0A37FF
007#7E4E7FC0CC0A37FF
008#7FE27FE0830A37FF
001#7CD17FE7AD9997FF
002#88F27D37AD9997FF
003#8A317B77AD9997FF
004#80D77FE7AD9997FF
005#75E37FD0C40A37FF
006#7B487E90FD0A37FF
007#7E4E8000CC0A37FF
008#7FE27FE0830A37FF
001#7CD17FE7AD9997FF
002#88C67D37AD9997FF
003#8A207B47AD9997FF
004#80D77FE7AD9997FF
005#75E48010C40A37FF
006#7B387EA0FD0A37FF
007#7E4E7FE0CC0A37FF
008#7FE27FE0830A37FF
001#7CD17FE7AD9997FF
002#88917D27AD9997FF
003#8A0D7B67AD9997FF
004#80D77FE7AD9997FF
005#75E47FD0C40A37FF
006#7B317F80FD0A37FF
007#7E4E8000CC0A37FF
008#7FE27FD0830A37FF
001#7CD17FE7AD9997FF
002#885E7D67AD9997FF
003#89F97B57AD9997FF
004#80D78007AD9997FF
005#75E38000C40A37FF
006#7B247F30FD0A37FF
007#7E4E7FE0CC0A37FF
008#7FE27FD0830A37FF
001#7CD27FE7AD9997FF
002#88327D47AD9997FF
003#89E87B37AD9997FF
004#80D78007AD9997FF
005#75E38000C40A37FF
006#7B227FD0FD0A37FF
007#7E4E7FD0CC0A37FF
008#7FE28000830A37FF
001#7CD27FE7AD9997FF
002#88037D67AD9997FF
003#89D67B57AD9997FF
004#80DA80C7AD9997FF
005#75E37FE0C40A37FF
006#7B1F8000FD0A37FF
007#7E4E7FD0CC0A37FF
008#7FE27FE0830A37FF
001#7CD27FE7AD9997FF
002#87D67D67AD9997FF
003#89C37B97AD9997FF
004#80DE8097AD9997FF
005#75E47FE0C40A37FF
006#7B218000FD0A37FF
007#7E4E7FD0CC0A37FF
008#7FE28000830A37FF
001#7CD27FE7AD9997FF
002#87A57DA7AD9997FF
003#89AF7B87AD9997FF
004#80DF8007AD9997FF
005#75E48000C40A37FF
006#7B1F7FD0FD0A37FF
007#7E4E8000CC0A37FF
008#7FE27FD0830A37FF
001#7CD27FE7AD9997FF
002#87807DB7AD9997FF
003#89A07B87AD9997FF
004#80DF7FE7AD9997FF
005#75E47FE0C40A37FF
006#7B1F8000FD0A37FF
007#7E4E8000CC0A37FF
008#7FE27FD0830A37FF
001#7CD58007AD9997FF
002#875A7DA7AD9997FF
003#898E7B67AD9997FF
004#80DF7FE7AD9997FF
005#75E68000C40A37FF
006#7B218000FD0A37FF
007#7E4E7FE0CC0A37FF
008#7FE27FD0830A37FF
001#7CDA8027AD9997FF
002#872F7DC7AD9997FF
003#897A7B47AD9997FF
004#80DF7FE7AD9997FF
005#75E68020C40A37FF
006#7B1F7FE0FD0A37FF
007#7E4E7FE0CC0A37FF
008#7FE27FE0830A37FF
001#7CDB7FE7AD9997FF
002#87077DC7AD9997FF
003#89677B57AD9997FF
004#80DF7FE7AD9997FF
005#75E67FD0C40A37FF
006#7B218010FD0A37FF
007#7E4E8000CC0A37FF
008#7FE27FD0830A37FF
001#7CDD8027AD9997FF
002#86DD7DA7AD9997FF
003#89547B27AD9997FF
004#80DF8007AD9997FF
005#75E67FC0C40A37FF
006#7B1F8020FD0A37FF
007#7E4E7FD0CC0A37FF
008#7FE28000830A37FF
001#7CE58077AD9997FF
002#86B77DB7AD9997FF
003#89417B27AD9997FF
004#80DF7FE7AD9997FF
005#75E77FB0C40A37FF
006#7B1E7FC0FD0A37FF
007#7E4E7FD0CC0A37FF
008#7FE28000830A37FF
001#7CEB8037AD9997FF
002#86947DD7AD9997FF
003#89307B77AD9997FF
004#80DF7FE7AD9997FF
005#75EE80F0C40A37FF
006#7B1E7FE0FD0A37FF
007#7E4E8010CC0A37FF
008#7FE27FD0830A37FF
001#7CF08017AD9997FF
002#86667DD7AD9997FF
003#891B7B67AD9997FF
004#80DF7FE7AD9997FF
005#75F38070C40A37FF
006#7B1E7FA0FD0A37FF
007#7E4E7FE0CC0A37FF
008#7FE27FE0830A37FF
001#7CF18027AD9997FF
002#863C7DC7AD9997FF
003#89087B37AD9997FF
004#80DF8097AD9997FF
005#75F58040C40A37FF
006#7B1E7FD0FD0A37FF
007#7E4E8000CC0A37FF
008#7FE27FE0830A37FF
001#7CF88037AD9997FF
002#861B7DC7AD9997FF
003#88F57AC7AD9997FF
004#80E48147AD9997FF
005#75F88030C40A37FF
006#7B1E7FE0FD0A37FF
007#7E4E7FB0CC0A37FF
008#7FE28000830A37FF
001#7CFA8027AD9997FF
002#85EE7DA7AD9997FF
003#88DF7A57AD9997FF
004#80ED8257AD9997FF
005#75FF8090C40A37FF
006#7B1E7FB0FD0A37FF
007#7E4E8000CC0A37FF
008#7FE27FE0830A37FF
001#7CFE8007AD9997FF
002#85C17DA7AD9997FF
003#88C479B7AD9997FF
004#80F982E7AD9997FF
005#760780A0C40A37FF
006#7B1E7FD0FD0A37FF
007#7E4E7FD0CC0A37FF
008#7FE27FE0830A37FF
001#7CFE8007AD9997FF
002#85997D87AD9997FF
003#88AC7957AD9997FF
004#81078397AD9997FF
005#761080B0C40A37FF
006#7B1E7FE0FD0A37FF
007#7E4E7FC0CC0A37FF
008#7FE27FD0830A37FF
001#7CFE8007AD9997FF
002#85667D77AD9997FF
003#888E78E7AD9997FF
004#81198457AD9997FF
005#76218190C40A37FF
006#7B1E7FC0FD0A37FF
007#7E4E7FE0CC0A37FF
008#7FE27FE0830A37FF
001#7CFE7FD7AD9997FF
002#853D7D67AD9997FF
003#88707857AD9997FF
004#812B84F7AD9997FF
005#76308160C40A37FF
006#7B1E7FE0FD0A37FF
007#7E4E7FE0CC0A37FF
008#7FE27FD0830A37FF
001#7CFE7FE7AD9997FF
002#85157D87AD9997FF
003#88557817AD9997FF
004#813C84C7AD9997FF
005#764481F0C40A37FF
006#7B1F8010FD0A37FF
007#7E4E7FE0CC0A37FF
008#7FE28000830A37FF
001#7CFE7FE7AD9997FF
002#84E47D67AD9997FF
003#883277D7AD9997FF
004#815384E7AD9997FF
005#76628240C40A37FF
006#7B1F7FE0FD0A37FF
007#7E4E7FE0CC0A37FF
008#7FE27FE0830A37FF
001#7CFE7FE7AD9997FF
002#84B17D67AD9997FF
003#880A7767AD9997FF
004#816A84F7AD9997FF
005#768582B0C40A37FF
006#7B1F8000FD0A37FF
007#7E4E7FE0CC0A37FF
008#7FE27FD0830A37FF
001#7CFE8007AD9997FF
002#84847D57AD9997FF
003#87E87707AD9997FF
004#817D8507AD9997FF
005#76A982F0C40A37FF
006#7B1E7FD0FD0A37FF
007#7E4E8000CC0A37FF
008#7FE27FE0830A37FF
001#7CFE7FE7AD9997FF
002#84567D77AD9997FF
003#87BE7667AD9997FF
004#819384D7AD9997FF
005#76CF82E0C40A37FF
006#7B1F8000FD0A37FF
007#7E4E8010CC0A37FF
008#7FE27FE0830A37FF
001#7CFE7FE7AD9997FF
002#842E7D97AD9997FF
003#87997627AD9997FF
004#81A58497AD9997FF
005#76F48390C40A37FF
006#7B1F7FD0FD0A37FF
007#7E4E8000CC0A37FF
008#7FE27FE0830A37FF
001#7CFE7FE7AD9997FF
002#840D7DA7AD9997FF
003#877975E7AD9997FF
004#81B58467AD9997FF
005#77158370C40A37FF
006#7B1F7FD0FD0A37FF
007#7E4E7FE0CC0A37FF
008#7FE28000830A37FF
001#7CFE7FE7AD9997FF
002#83D77DB7AD9997FF
003#87467557AD9997FF
004#81C98417AD9997FF
005#77498380C40A37FF
006#7B1F8000FD0A37FF
007#7E4E7FE0CC0A37FF
008#7FE27FE0830A37FF
001#7CFE7FE7AD9997FF
002#83B67DA7AD9997FF
003#871D74F7AD9997FF
004#81D883A7AD9997FF
005#777283A0C40A37FF
006#7B1F7FD0FD0A37FF
007#7E4E8000CC0A37FF
008#7FE27FE0830A37FF
001#7CFF7FE7AD9997FF
002#838A7DB7AD9997FF
003#86EA7447AD9997FF
004#81E88377AD9997FF
005#77A283A0C40A37FF
006#7B1F7FE0FD0A37FF
007#7E4E8000CC0A37FF
008#7FE27FE0830A37FF
001#7CFF8007AD9997FF
002#836B7E07AD9997FF
003#86BF7417AD9997FF
004#81F48367AD9997FF
005#77C983C0C40A37FF
006#7B217FE0FD0A37FF
007#7E4E7FD0CC0A37FF
008#7FE28000830A37FF
001#7CFF8007AD9997FF
002#83437DE7AD9997FF
003#868D73A7AD9997FF
004#81FF82D7AD9997FF
005#77F783D0C40A37FF
006#7B217FE0FD0A37FF
007#7E4E7FC0CC0A37FF
008#7FE28000830A37FF
001#7D068017AD9997FF
002#831C7E17AD9997FF
003#86527317AD9997FF
004#820A81F7AD9997FF
005#782E83A0C40A37FF
006#7B228020FD0A37FF
007#7E4E7FC0CC0A37FF
008#7FE27FE0830A37FF
001#7D0B8087AD9997FF
002#82FF7DD7AD9997FF
003#862972D7AD9997FF
004#820F8157AD9997FF
005#78588460C40A37FF
006#7B227FE0FD0A37FF
007#7E4F8030CC0A37FF
008#7FE27FD0830A37FF
001#7D148097AD9997FF
002#82DA7E07AD9997FF
003#85EC7277AD9997FF
004#82117FE7AD9997FF
005#78968500C40A37FF
006#7B217FC0FD0A37FF
007#7E4E8010CC0A37FF
008#7FE28000830A37FF
001#7D1E8057AD9997FF
002#82B47E37AD9997FF
003#85AE7227AD9997FF
004#82117FD7AD9997FF
005#78D78560C40A37FF
006#7B227FE0FD0A37FF
007#7E4E8000CC0A37FF
008#7FE27FE0830A37FF
001#7D248037AD9997FF
002#82957DF7AD9997FF
003#857B71A7AD9997FF
004#82117FE7AD9997FF
005#791485A0C40A37FF
006#7B238020FD0A37FF
007#7E4E7FE0CC0A37FF
008#7FE27FE0830A37FF
001#7D2D8047AD9997FF
002#82707E17AD9997FF
003#853970F7AD9997FF
004#82117FE7AD9997FF
005#795F8580C40A37FF
006#7B237FE0FD0A37FF
007#7E4E7FB0CC0A37FF
008#7FE27FE0830A37FF
001#7D378087AD9997FF
002#824F7E07AD9997FF
003#84FF70A7AD9997FF
004#82117FD7AD9997FF
005#79A08580C40A37FF
006#7B238010FD0A37FF
007#7E4F7FE0CC0A37FF
008#7FE27FE0830A37FF
001#7D418087AD9997FF
002#822D7E07AD9997FF
003#84BC7047AD9997FF
004#82117FD7AD9997FF
005#79EC85C0C40A37FF
006#7B237FE0FD0A37FF
007#7E4F7FE0CC0A37FF
008#7FE27FD0830A37FF
001#7D478047AD9997FF
002#820C7E27AD9997FF
003#84807017AD9997FF
004#82118007AD9997FF
005#7A328650C40A37FF
006#7B268020FD0A37FF
007#7E4F8020CC0A37FF
008#7FE27FD0830A37FF
001#7D4F8047AD9997FF
002#81E87DF7AD9997FF
003#843D6FC7AD9997FF
004#82118007AD9997FF
005#7A7985A0C40A37FF
006#7B2A8090FD0A37FF
007#7E518000CC0A37FF
008#7FE28000830A37FF
001#7D568077AD9997FF
002#81CC7DF7AD9997FF
003#84036F57AD9997FF
004#82117FE7AD9997FF
005#7AB785A0C40A37FF
006#7B2C8010FD0A37FF
007#7E518020CC0A37FF
008#7FE27FE0830A37FF
001#7D5D8067AD9997FF
002#81A87E17AD9997FF
003#83B86F37AD9997FF
004#82117FE7AD9997FF
005#7B0685E0C40A37FF
006#7B2E7FD0FD0A37FF
007#7E5980E0CC0A37FF
008#7FE28000830A37FF
001#7D658067AD9997FF
002#81897E57AD9997FF
003#83746FD7AD9997FF
004#82117FE7AD9997FF
005#7B568640C40A37FF
006#7B348080FD0A37FF
007#7E6B8140CC0A37FF
008#7FE27FD0830A37FF
001#7D6E8057AD9997FF
002#816F7E57AD9997FF
003#833B7027AD9997FF
004#82117FE7AD9997FF
005#7B998630C40A37FF
006#7B378020FD0A37FF
007#7E7F81E0CC0A37FF
008#7FE27FD0830A37FF
001#7D727FE7AD9997FF
002#81497E37AD9997FF
003#82EE7087AD9997FF
004#82118007AD9997FF
005#7BF88600C40A37FF
006#7B398030FD0A37FF
007#7E9D81D0CC0A37FF
008#7FE28000830A37FF
001#7D758017AD9997FF
002#81327E57AD9997FF
003#82BC70A7AD9997FF
004#82117FD7AD9997FF
005#7C3285A0C40A37FF
006#7B4180A0FD0A37FF
007#7EAF81E0CC0A37FF
008#7FE28010830A37FF
001#7D7C8057AD9997FF
002#81137E97AD9997FF
003#827770B7AD9997FF
004#82117FE7AD9997FF
005#7C798540C40A37FF
006#7B4A8110FD0A37FF
007#7ECC81F0CC0A37FF
008#7FE27FD0830A37FF
001#7D848057AD9997FF
002#80F97E67AD9997FF
003#823A70D7AD9997FF
004#82117FD7AD9997FF
005#7CB28460C40A37FF
006#7B4D8080FD0A37FF
007#7EDA80A0CC0A37FF
008#7FE27FE0830A37FF
001#7D8A8047AD9997FF
002#80DC7E97AD9997FF
003#81F87187AD9997FF
004#82117FD7AD9997FF
005#7CF484F0C40A37FF
006#7B6080C0FD0A37FF
007#7ED97FD0CC0A37FF
008#7FE27FE0830A37FF
001#7D968067AD9997FF
002#80C57E67AD9997FF
003#81C47207AD9997FF
004#82117FE7AD9997FF
005#7D2D8560C40A37FF
006#7B6B81F0FD0A37FF
007#7EDA7FB0CC0A37FF
008#7FE27FD0830A37FF
001#7D9E8087AD9997FF
002#80B17ED7AD9997FF
003#818E72F7AD9997FF
004#82117FE7AD9997FF
005#7D708560C40A37FF
006#7B848170FD0A37FF
007#7EDA7FE0CC0A37FF
008#7FE28000830A37FF
001#7DA38057AD9997FF
002#80997E87AD9997FF
003#815B73A7AD9997FF
004#82118007AD9997FF
005#7DB585E0C40A37FF
006#7B9E82D0FD0A37FF
007#7EDA8020CC0A37FF
008#7FE28000830A37FF
001#7DA88047AD9997FF
002#80857EE7AD9997FF
003#812874C7AD9997FF
004#82118007AD9997FF
005#7DFC84D0C40A37FF
006#7BC782B0FD0A37FF
007#7EE380E0CC0A37FF
008#7FE28000830A37FF
001#7DAD8027AD9997FF
002#80737F07AD9997FF
003#80FC7577AD9997FF
004#82117FE7AD9997FF
005#7E3A8550C40A37FF
006#7BFA8500FD0A37FF
007#7EF38150CC0A37FF
008#7FE27FE0830A37FF
001#7DB08047AD9997FF
002#80657F27AD9997FF
003#80DB7617AD9997FF
004#82118007AD9997FF
005#7E6D8510C40A37FF
006#7C2A8480FD0A37FF
007#7F028180CC0A37FF
008#7FE27FD0830A37FF
001#7DB58027AD9997FF
002#80577F17AD9997FF
003#80B676D7AD9997FF
004#82117FC7AD9997FF
005#7EB58610C40A37FF
006#7C6E85B0FD0A37FF
007#7F178190CC0A37FF
008#7FE28000830A37FF
001#7DBC8047AD9997FF
002#80467F37AD9997FF
003#808E77C7AD9997FF
004#82117FC7AD9997FF
005#7F0C8660C40A37FF
006#7CC285E0FD0A37FF
007#7F2C8140CC0A37FF
008#7FE28000830A37FF
001#7DC28057AD9997FF
002#803B7F47AD9997FF
003#806E7857AD9997FF
004#820E7F57AD9997FF
005#7F5685C0C40A37FF
006#7D0E8620FD0A37FF
007#7F328030CC0A37FF
008#7FE27FE0830A37FF
001#7DC98067AD9997FF
002#802E7F57AD9997FF
003#805278C7AD9997FF
004#820C7F17AD9997FF
005#7F958500C40A37FF
006#7D5685C0FD0A37FF
007#7F318000CC0A37FF
008#7FE27FE0830A37FF
001#7DCE8047AD9997FF
002#80237F47AD9997FF
003#80367917AD9997FF
004#82077E67AD9997FF
005#7FCC8470C40A37FF
006#7D9B8590FD0A37FF
007#7F317FE0CC0A37FF
008#7FE27FD0830A37FF
001#7DD48047AD9997FF
002#80177F57AD9997FF
003#801B79F7AD9997FF
004#81FF7E47AD9997FF
005#7FFD8320C40A37FF
006#7DD383C0FD0A37FF
007#7F317FB0CC0A37FF
008#7FE27FE0830A37FF
001#7DD88007AD9997FF
002#800D7F57AD9997FF
003#80087A37AD9997FF
004#81FC7F17AD9997FF
005#80178280C40A37FF
006#7DF482E0FD0A37FF
007#7F317FC0CC0A37FF
008#7FE28000830A37FF
001#7DD87FE7AD9997FF
002#80017F57AD9997FF
003#7FED7A77AD9997FF
004#81FA8017AD9997FF
005#803981F0C40A37FF
006#7E118230FD0A37FF
007#7F317FD0CC0A37FF
008#7FE27FD0830A37FF
001#7DD87FE7AD9997FF
002#7FF57F47AD9997FF
003#7FDA7B07AD9997FF
004#81FA8007AD9997FF
005#80488120C40A37FF
006#7E288190FD0A37FF
007#7F318000CC0A37FF
008#7FE28000830A37FF
001#7DD87FE7AD9997FF
002#7FEB7F47AD9997FF
003#7FC97B47AD9997FF
004#81FA7FE7AD9997FF
005#80487FC0C40A37FF
006#7E3480E0FD0A37FF
007#7F317FD0CC0A37FF
008#7FE27FE0830A37FF
001#7DD98007AD9997FF
002#7FDF7F67AD9997FF
003#7FB27B67AD9997FF
004#81FA7FD7AD9997FF
005#80467FE0C40A37FF
006#7E378000FD0A37FF
007#7F317FE0CC0A37FF
008#7FE27FD0830A37FF
001#7DD98007AD9997FF
002#7FD47F47AD9997FF
003#7FA27B67AD9997FF
004#81FA7FE7AD9997FF
005#80488010C40A37FF
006#7E377FD0FD0A37FF
007#7F317FD0CC0A37FF
008#7FE27FD0830A37FF
001#7DD97FE7AD9997FF
002#7FCB7F57AD9997FF
003#7F8E7B67AD9997FF
004#81FA8007AD9997FF
005#80488000C40A37FF
006#7E377FD0FD0A37FF
007#7F317FE0CC0A37FF
008#7FE27FE0830A37FF
001#7DDB8027AD9997FF
002#7FC27F67AD9997FF
003#7F7E7BA7AD9997FF
004#81FA7FE7AD9997FF
005#80487FE0C40A37FF
006#7E377FE0FD0A37FF
007#7F317FD0CC0A37FF
008#7FE27FD0830A37FF
001#7DE08017AD9997FF
002#7FBC7FC7AD9997FF
003#7F6C7C17AD9997FF
004#81F87F47AD9997FF
005#80488000C40A37FF
006#7E377FE0FD0A37FF
007#7F307FA0CC0A37FF
008#7FE28000830A37FF
001#7DE38037AD9997FF
002#7FB67F97AD9997FF
003#7F5C7C57AD9997FF
004#81F27E17AD9997FF
005#80487FE0C40A37FF
006#7E377FD0FD0A37FF
007#7F317FE0CC0A37FF
008#7FE28000830A37FF
001#7DEB8067AD9997FF
002#7FB57FD7AD9997FF
003#7F507CD7AD9997FF
004#81EB7E17AD9997FF
005#80528100C40A37FF
006#7E377FD0FD0A37FF
007#7F307FB0CC0A37FF
008#7FE27FE0830A37FF
001#7DF48057AD9997FF
002#7FB57FE7AD9997FF
003#7F447CD7AD9997FF
004#81E07C87AD9997FF
005#805E8130C40A37FF
006#7E377FE0FD0A37FF
007#7F317FE0CC0A37FF
008#7FE27FE0830A37FF
001#7DFA8057AD9997FF
002#7FB57FE7AD9997FF
003#7F397D07AD9997FF
004#81D17C47AD9997FF
005#806E8170C40A37FF
006#7E377FE0FD0A37FF
007#7F317FE0CC0A37FF
008#7FE27FE0830A37FF
001#7E028067AD9997FF
002#7FB68007AD9997FF
003#7F2D7DA7AD9997FF
004#81C27C77AD9997FF
005#807780B0C40A37FF
006#7E377FD0FD0A37FF
007#7F317FE0CC0A37FF
008#7FE27FE0830A37FF
001#7E0A8077AD9997FF
002#7FB98007AD9997FF
003#7F247DE7AD9997FF
004#81B27C27AD9997FF
005#80777FD0C40A37FF
006#7E357FB0FD0A37FF
007#7F318000CC0A37FF
008#7FE27FE0830A37FF
001#7E1480A7AD9997FF
002#7FBC8037AD9997FF
003#7F1E7E97AD9997FF
004#81A07C37AD9997FF
005#80777FD0C40A37FF
006#7E347FB0FD0A37FF
007#7F318000CC0A37FF
008#7FE27FE0830A37FF
001#7E1E8077AD9997FF
002#7FBE8027AD9997FF
003#7F1A7EE7AD9997FF
004#81917B67AD9997FF
005#80777FE0C40A37FF
006#7E358020FD0A37FF
007#7F317FC0CC0A37FF
008#7FE27FD0830A37FF
001#7E2A8097AD9997FF
002#7FC18007AD9997FF
003#7F1A7FE7AD9997FF
004#817A7AA7AD9997FF
005#80777FE0C40A37FF
006#7E327F90FD0A37FF
007#7F318000CC0A37FF
008#7FE28000830A37FF
001#7E328087AD9997FF
002#7FC48027AD9997FF
003#7F1A7FE7AD9997FF
004#81667AB7AD9997FF
005#80777FE0C40A37FF
006#7E287F30FD0A37FF
007#7F328000CC0A37FF
008#7FE28000830A37FF
001#7E3F80C7AD9997FF
002#7FC58007AD9997FF
003#7F1A8007AD9997FF
004#81537A97AD9997FF
005#80777FE0C40A37FF
006#7E287FC0FD0A37FF
007#7F337FE0CC0A37FF
008#7FE27FE0830A37FF
001#7E4E80A7AD9997FF
002#7FC98037AD9997FF
003#7F1A7FE7AD9997FF
004#813A7A27AD9997FF
005#80778000C40A37FF
006#7E1E7F80FD0A37FF
007#7F368050CC0A37FF
008#7FE28000830A37FF
001#7E598087AD9997FF
002#7FCC8017AD9997FF
003#7F1A7FE7AD9997FF
004#81247A07AD9997FF
005#80777FE0C40A37FF
006#7E1B7FB0FD0A37FF
007#7F448180CC0A37FF
008#7FE27FE0830A37FF
001#7E658077AD9997FF
002#7FD38037AD9997FF
003#7F1A7FE7AD9997FF
004#81077A27AD9997FF
005#80777FD0C40A37FF
006#7E1B7FC0FD0A37FF
007#7F638260CC0A37FF
008#7FE27FE0830A37FF
001#7E7280D7AD9997FF
002#7FD78057AD9997FF
003#7F1A8007AD9997FF
004#80F27A47AD9997FF
005#80778010C40A37FF
006#7E1B7FE0FD0A37FF
007#7F798190CC0A37FF
008#7FE27FE0830A37FF
001#7E7D80A7AD9997FF
002#7FDF8047AD9997FF
003#7F1A7FE7AD9997FF
004#80DA79E7AD9997FF
005#80778000C40A37FF
006#7E197FD0FD0A37FF
007#7F8580F0CC0A37FF
008#7FE27FE0830A37FF
001#7E898067AD9997FF
002#7FE88087AD9997FF
003#7F1A7FD7AD9997FF
004#80BF7A07AD9997FF
005#80777FD0C40A37FF
006#7E197FE0FD0A37FF
007#7F928100CC0A37FF
008#7FE27FE0830A37FF
001#7E9480D7AD9997FF
002#7FF18087AD9997FF
003#7F1A7FE7AD9997FF
004#80AB7A47AD9997FF
005#80777FD0C40A37FF
006#7E198000FD0A37FF
007#7FA08150CC0A37FF
008#7FE28000830A37FF
001#7EA380A7AD9997FF
002#7FF88077AD9997FF
003#7F1A7FD7AD9997FF
004#809079D7AD9997FF
005#80777FE0C40A37FF
006#7E187FE0FD0A37FF
007#7FA98000CC0A37FF
008#7FE27FE0830A37FF
001#7EAB8087AD9997FF
002#7FFF8077AD9997FF
003#7F1A7FE7AD9997FF
004#807979E7AD9997FF
005#80777FE0C40A37FF
006#7E197FE0FD0A37FF
007#7FA77FE0CC0A37FF
008#7FE27FD0830A37FF
001#7EB58057AD9997FF
002#800B8077AD9997FF
003#7F1A8007AD9997FF
004#80627B07AD9997FF
005#80778000C40A37FF
006#7E197FE0FD0A37FF
007#7FAC8060CC0A37FF
008#7FE27FE0830A37FF
001#7EC080B7AD9997FF
002#80118037AD9997FF
003#7F1A7FE7AD9997FF
004#80527BB7AD9997FF
005#80777FE0C40A37FF
006#7E197FE0FD0A37FF
007#7FB48060CC0A37FF
008#7FE27FE0830A37FF
001#7EC88077AD9997FF
002#80178017AD9997FF
003#7F1A7FD7AD9997FF
004#80427B97AD9997FF
005#80777FC0C40A37FF
006#7E187FC0FD0A37FF
007#7FBB8030CC0A37FF
008#7FE28000830A37FF
001#7ED18037AD9997FF
002#801C8027AD9997FF
003#7F1A7FD7AD9997FF
004#80327B97AD9997FF
005#80777FE0C40A37FF
006#7E187FC0FD0A37FF
007#7FBB8000CC0A37FF
008#7FE27FE0830A37FF
001#7ED68027AD9997FF
002#80248047AD9997FF
003#7F1A8007AD9997FF
004#80227CB7AD9997FF
005#80777FE0C40A37FF
006#7E187FD0FD0A37FF
007#7FBC8030CC0A37FF
008#7FE27FE0830A37FF
001#7EDE8017AD9997FF
002#802B8057AD9997FF
003#7F1A8007AD9997FF
004#80177E27AD9997FF
005#80778010C40A37FF
006#7E197FE0FD0A37FF
007#7FC68140CC0A37FF
008#7FE27FE0830A37FF
001#7EDE7FE7AD9997FF
002#80318077AD9997FF
003#7F1A7FE7AD9997FF
004#80137E67AD9997FF
005#80778000C40A37FF
006#7E198000FD0A37FF
007#7FD58160CC0A37FF
008#7FE27FE0830A37FF
001#7EDE7FD7AD9997FF
002#80388057AD9997FF
003#7F1A7FE7AD9997FF
004#800F7F67AD9997FF
005#80777FE0C40A37FF
006#7E198000FD0A37FF
007#7FED8140CC0A37FF
008#7FE27FD0830A37FF
001#7EDE8007AD9997FF
002#803B7FE7AD9997FF
003#7F1A7FE7AD9997FF
004#800F7FE7AD9997FF
005#80777FE0C40A37FF
006#7E198000FD0A37FF
007#7FED7FD0CC0A37FF
008#7FE27FE0830A37FF
001#7EDE7FE7AD9997FF
002#803E8057AD9997FF
003#7F1A8007AD9997FF
004#800F7FE7AD9997FF
005#80777FE0C40A37FF
006#7E187FC0FD0A37FF
007#7FED7FD0CC0A37FF
008#7FE27FE0830A37FF
001#7EDE7FE7AD9997FF
002#80438007AD9997FF
003#7F1A8007AD9997FF
004#800F7FE7AD9997FF
005#80778000C40A37FF
006#7E198020FD0A37FF
007#7FED8000CC0A37FF
008#7FE28000830A37FF
001#7EDE7FE7AD9997FF
002#804A8027AD9997FF
003#7F1A7FE7AD9997FF
004#800F8007AD9997FF
005#80777FE0C40A37FF
006#7E197FE0FD0A37FF
007#7FED7FE0CC0A37FF
008#7FE27FE0830A37FF
001#7EDE7FE7AD9997FF
002#804B8017AD9997FF
003#7F1A7FE7AD9997FF
004#800F8007AD9997FF
005#80777FD0C40A37FF
006#7E197FE0FD0A37FF
007#7FED7FE0CC0A37FF
008#7FE27FE0830A37FF
001#7EDC7FE7AD9997FF
002#80518047AD9997FF
003#7F1A7FE7AD9997FF
004#800F7FE7AD9997FF
005#80777FD0C40A37FF
006#7E188000FD0A37FF
007#7FED7FE0CC0A37FF
008#7FE27FD0830A37FF
001#7EDC7FE7AD9997FF
002#80518007AD9997FF
003#7F1A7FE7AD9997FF
004#800F7FE7AD9997FF
005#80778000C40A37FF
006#7E198000FD0A37FF
007#7FED8000CC0A37FF
008#7FE28000830A37FF
001#7EDC7FE7AD9997FF
002#80558067AD9997FF
003#7F1A7FD7AD9997FF
004#800F7FE7AD9997FF
005#80777FE0C40A37FF
006#7E197FE0FD0A37FF
007#7FED7FE0CC0A37FF
008#7FE27FE0830A37FF
001#7EDC7FE7AD9997FF
002#80578007AD9997FF
003#7F1A7FD7AD9997FF
004#800D7FA7AD9997FF
005#80777FE0C40A37FF
006#7E198000FD0A37FF
007#7FED7FE0CC0A37FF
008#7FE27FE0830A37FF
001#7EDC7FE7AD9997FF
002#80577FE7AD9997FF
003#7F1A7FE7AD9997FF
004#800D7FE7AD9997FF
005#80778000C40A37FF
006#7E197FE0FD0A37FF
007#7FEB7FD0CC0A37FF
008#7FE27FD0830A37FF
001#7EDC7FE7AD9997FF
002#80578007AD9997FF
003#7F1A7FE7AD9997FF
004#800D7FE7AD9997FF
005#80777FE0C40A37FF
006#7E197FE0FD0A37FF
007#7FED7FE0CC0A37FF
008#7FE27FD0830A37FF
001#7EDC7FE7AD9997FF
002#80598017AD9997FF
003#7F1A7FE7AD9997FF
004#800D7FD7AD9997FF
005#80777FE0C40A37FF
006#7E197FE0FD0A37FF
007#7FED7FE0CC0A37FF
008#7FE27FE0830A37FF
001#7EDE7FE7AD9997FF
002#805E8007AD9997FF
003#7F1A7FE7AD9997FF
004#800D7FD7AD9997FF
005#80777FE0C40A37FF
006#7E198000FD0A37FF
007#7FED8000CC0A37FF
008#7FE27FD0830A37FF
001#7EDE7FE7AD9997FF
002#80608007AD9997FF
003#7F1A7FD7AD9997FF
004#800D7FE7AD9997FF
005#80777FD0C40A37FF
006#7E197FE0FD0A37FF
007#7FED7FE0CC0A37FF
008#7FE27FD0830A37FF
001#7EDE8007AD9997FF
002#80607FE7AD9997FF
003#7F1A7FD7AD9997FF
004#800D7FE7AD9997FF
005#80777FC0C40A37FF
006#7E198000FD0A37FF
007#7FED7FE0CC0A37FF
008#7FE27FD0830A37FF
001#7EDE8007AD9997FF
002#80658067AD9997FF
003#7F1A7FD7AD9997FF
004#800D7FE7AD9997FF
005#80777FE0C40A37FF
006#7E197FE0FD0A37FF
007#7FED7FE0CC0A37FF
008#7FE27FE0830A37FF
001#7EDE7FE7AD9997FF
002#80657FE7AD9997FF
003#7F1A7FD7AD9997FF
004#800D7FE7AD9997FF
005#80777FD0C40A37FF
006#7E197FE0FD0A37FF
007#7FED8000CC0A37FF
008#7FE27FC0830A37FF
001#7EDE7FE7AD9997FF
002#80678007AD9997FF
003#7F1A7FE7AD9997FF
004#800D7FE7AD9997FF
005#80777FD0C40A37FF
006#7E197FD0FD0A37FF
007#7FED8010CC0A37FF
008#7FE27FD0830A37FF
001#7EDE7FE7AD9997FF
002#80678007AD9997FF
003#7F1A7FE7AD9997FF
004#800D7FE7AD9997FF
005#80757FD0C40A37FF
006#7E187FD0FD0A37FF
007#7FED7FE0CC0A37FF
008#7FE27FE0830A37FF
001#7EDE7FE7AD9997FF
002#806E8017AD9997FF
003#7F1A8007AD9997FF
004#800D7FE7AD9997FF
005#80757FD0C40A37FF
006#7E198000FD0A37FF
007#7FED8010CC0A37FF
008#7FE28000830A37FF
001#7EDE7FE7AD9997FF
002#806E7FE7AD9997FF
003#7F1A7FE7AD9997FF
004#800D7FE7AD9997FF
005#80757FE0C40A37FF
006#7E197FD0FD0A37FF
007#7FED7FE0CC0A37FF
008#7FE27FD0830A37FF
001#7EDE7FE7AD9997FF
002#806E7FE7AD9997FF
003#7F1A7FE7AD9997FF
004#800D7FE7AD9997FF
005#80757FD0C40A37FF
006#7E188000FD0A37FF
007#7FED7FE0CC0A37FF
008#7FE27FD0830A37FF
001#7EDE7FD7AD9997FF
002#806E8007AD9997FF
003#7F1A7FE7AD9997FF
004#800D7FE7AD9997FF
005#80757FE0C40A37FF
006#7E187FE0FD0A37FF
007#7FED8020CC0A37FF
008#7FE27FE0830A37FF
001#7EDE8007AD9997FF
002#806E7FE7AD9997FF
003#7F1A7FE7AD9997FF
004#800D7FD7AD9997FF
005#80758000C40A37FF
006#7E187FD0FD0A37FF
007#7FF680E0CC0A37FF
008#7FE28000830A37FF
001#7EDC7FE7AD9997FF
002#806E7FE7AD9997FF
003#7F1A7FD7AD9997FF
004#800D7FE7AD9997FF
005#80757FD0C40A37FF
006#7E188000FD0A37FF
007#800180B0CC0A37FF
008#7FE27FE0830A37FF
001#7EDC7FE7AD9997FF
002#806E7FE7AD9997FF
003#7F1A7FE7AD9997FF
004#800D7FE7AD9997FF
005#80727FC0C40A37FF
006#7E187FE0FD0A37FF
007#80027FE0CC0A37FF
008#7FE27FD0830A37FF
001#7EDC7FE7AD9997FF
002#806C7FE7AD9997FF
003#7F1A8007AD9997FF
004#800D8007AD9997FF
005#80707F80C40A37FF
006#7E187FD0FD0A37FF
007#80017FE0CC0A37FF
008#7FE27FD0830A37FF
001#7EDB7FE7AD9997FF
002#806C7FE7AD9997FF
003#7F1A7FD7AD9997FF
004#800D7FE7AD9997FF
005#80697F70C40A37FF
006#7E187FE0FD0A37FF
007#80018000CC0A37FF
008#7FE27FE0830A37FF
001#7EDC7FE7AD9997FF
002#806C7FE7AD9997FF
003#7F1A8007AD9997FF
004#800D7FE7AD9997FF
005#80627F20C40A37FF
006#7E188000FD0A37FF
007#80017FD0CC0A37FF
008#7FE27FD0830A37FF
001#7EDC8007AD9997FF
002#806C8007AD9997FF
003#7F1A7FE7AD9997FF
004#800D7FE7AD9997FF
005#80607FE0C40A37FF
006#7E187FE0FD0A37FF
007#80008000CC0A37FF
008#7FE27FE0830A37FF
001#7EDB7FE7AD9997FF
002#806C7FE7AD9997FF
003#7F1A8007AD9997FF
004#800D7FD7AD9997FF
005#80628000C40A37FF
006#7E187FD0FD0A37FF
007#7FFF7FD0CC0A37FF
008#7FE27FE0830A37FF
001#7EDB7FD7AD9997FF
002#806C7FD7AD9997FF
003#7F1A7FE7AD9997FF
004#800D7FD7AD9997FF
005#80628000C40A37FF
006#7E167FE0FD0A37FF
007#7FFF7FE0CC0A37FF
008#7FE27FE0830A37FF
001#7EDB7FE7AD9997FF
002#806C7FE7AD9997FF
003#7F1A8007AD9997FF
004#800D7FE7AD9997FF
005#80627FE0C40A37FF
006#7E187FE0FD0A37FF
007#7FFF7FE0CC0A37FF
008#7FE28000830A37FF
001#7EDB7FE7AD9997FF
002#806C7FD7AD9997FF
003#7F1A7FE7AD9997FF
004#800D7FE7AD9997FF
005#80627FE0C40A37FF
006#7E167FD0FD0A37FF
007#7FFF8000CC0A37FF
008#7FE27FE0830A37FF
001#7EDC7FE7AD9997FF
002#806C7FE7AD9997FF
003#7F1A7FE7AD9997FF
004#800D7FE7AD9997FF
005#80628000C40A37FF
006#7E0F7ED0FD0A37FF
007#7FFF7FC0CC0A37FF
008#7FE28000830A37FF
001#7EDB7FE7AD9997FF
002#806C7FE7AD9997FF
003#7F1A7FE7AD9997FF
004#800D7FE7AD9997FF
005#80627FE0C40A37FF
006#7DE67C30FD0A37FF
007#7FFF8000CC0A37FF
008#7FE27FE0830A37FF
001#7EDC7FE7AD9997FF
002#806C7FC7AD9997FF
003#7F1A7FD7AD9997FF
004#800D7FE7AD9997FF
005#80627FE0C40A37FF
006#7DC77DC0FD0A37FF
007#7FFF7FC0CC0A37FF
008#7FE27FD0830A37FF
001#7EDB7FE7AD9997FF
002#806C7FD7AD9997FF
003#7F1A7FE7AD9997FF
004#800D7FE7AD9997FF
005#80627FE0C40A37FF
006#7DAD7CF0FD0A37FF
007#7FFF7FD0CC0A37FF
008#7FE27FE0830A37FF
001#7EDB7FE7AD9997FF
002#806C7FE7AD9997FF
003#7F1A7FE7AD9997FF
004#800D8007AD9997FF
005#80627FE0C40A37FF
006#7D917EC0FD0A37FF
007#7FFF7FD0CC0A37FF
008#7FE27FE0830A37FF
001#7EDB7FE7AD9997FF
002#806C7FE7AD9997FF
003#7F1A7FE7AD9997FF
004#800D7FE7AD9997FF
005#80627FE0C40A37FF
006#7D897F80FD0A37FF
007#7FFF8010CC0A37FF
008#7FE27FE0830A37FF
001#7EDB7FD7AD9997FF
002#806E8007AD9997FF
003#7F1A7FE7AD9997FF
004#800D7FE7AD9997FF
005#80627FE0C40A37FF
006#7D898000FD0A37FF
007#7FFF7FE0CC0A37FF
008#7FE27FE0830A37FF
001#7EDB7FE7AD9997FF
002#806E7FE7AD9997FF
003#7F1A7FE7AD9997FF
004#800D7FE7AD9997FF
005#80628000C40A37FF
006#7D897FD0FD0A37FF
007#7FFF7FE0CC0A37FF
008#7FE27FD0830A37FF
001#7EDB7FE7AD9997FF
002#806C7FE7AD9997FF
003#7F1A7FD7AD9997FF
004#800D7FE7AD9997FF
005#80627FD0C40A37FF
006#7D827F10FD0A37FF
007#7FFF7FE0CC0A37FF
008#7FE27FD0830A37FF
001#7EDB7FE7AD9997FF
002#806C7FD7AD9997FF
003#7F1A7FE7AD9997FF
004#800D7FE7AD9997FF
005#80627FE0C40A37FF
006#7D7A7EF0FD0A37FF
007#7FFF7FE0CC0A37FF
008#7FE28000830A37FF
001#7EDA7FE7AD9997FF
002#806C7FD7AD9997FF
003#7F1A7FE7AD9997FF
004#800D7FD7AD9997FF
005#80628000C40A37FF
006#7D6C7F00FD0A37FF
007#7FFF7FC0CC0A37FF
008#7FE27FD0830A37FF
001#7EDA8007AD9997FF
002#806B7FE7AD9997FF
003#7F1A8007AD9997FF
004#800D7FE7AD9997FF
005#80627FE0C40A37FF
006#7D657F00FD0A37FF
007#7FFF7FD0CC0A37FF
008#7FE27FD0830A37FF
001#7EDA7FE7AD9997FF
002#806B7FE7AD9997FF
003#7F1A7FE7AD9997FF
004#800D7FE7AD9997FF
005#80627FE0C40A37FF
006#7D647FD0FD0A37FF
007#7FFF7FD0CC0A37FF
008#7FE28000830A37FF
001#7EDA7FD7AD9997FF
002#806C8007AD9997FF
003#7F1A7FE7AD9997FF
004#800D7FE7AD9997FF
005#80627FE0C40A37FF
006#7D657FE0FD0A37FF
007#7FFF8000CC0A37FF
008#7FE27FD0830A37FF
001#7EDA7FE7AD9997FF
002#806C8007AD9997FF
003#7F1A7FE7AD9997FF
004#800D8007AD9997FF
005#80627FE0C40A37FF
006#7D647FD0FD0A37FF
007#7FFF8000CC0A37FF
008#7FE27FD0830A37FF
001#7EDA7FE7AD9997FF
002#806C7FE7AD9997FF
003#7F1A7FE7AD9997FF
004#800D7FE7AD9997FF
005#80627FD0C40A37FF
006#7D647FE0FD0A37FF
007#7FFF7FE0CC0A37FF
008#7FE27FE0830A37FF
001#7EDA7FE7AD9997FF
002#806C7FE7AD9997FF
003#7F1A7FD7AD9997FF
004#800D8007AD9997FF
005#80628000C40A37FF
006#7D647FD0FD0A37FF
007#7FFF7FE0CC0A37FF
008#7FE27FD0830A37FF
001#7EDA7FE7AD9997FF
002#806B7FD7AD9997FF
003#7F1A7FD7AD9997FF
004#800D7FE7AD9997FF
005#80627FE0C40A37FF
006#7D647FE0FD0A37FF
007#7FFF7FE0CC0A37FF
008#7FE27FE0830A37FF
001#7EDA7FE7AD9997FF
002#806C7FE7AD9997FF
003#7F1A7FE7AD9997FF
004#800D7FE7AD9997FF
005#80628000C40A37FF
006#7D657FE0FD0A37FF
007#7FFF8000CC0A37FF
008#7FE27FE0830A37FF
001#7EDA7FE7AD9997FF
002#806C7FE7AD9997FF
003#7F1A7FE7AD9997FF
004#800D7FD7AD9997FF
005#80627FE0C40A37FF
006#7D647FD0FD0A37FF
007#7FFF8000CC0A37FF
008#7FE28000830A37FF
001#7EDA7FE7AD9997FF
002#806C7FE7AD9997FF
003#7F1A7FE7AD9997FF
004#800D7FE7AD9997FF
005#80627FE0C40A37FF
006#7D647FE0FD0A37FF
007#7FFF7FE0CC0A37FF
008#7FE27FD0830A37FF
001#7EDA7FE7AD9997FF
002#806C7FE7AD9997FF
003#7F1A7FE7AD9997FF
004#800D8007AD9997FF
005#80627FE0C40A37FF
006#7D647FD0FD0A37FF
007#7FFF7FE0CC0A37FF
008#7FE27FE0830A37FF
001#7EDA7FE7AD9997FF
002#806C7FE7AD9997FF
003#7F1A7FE7AD9997FF
004#800D8007AD9997FF
005#80627FD0C40A37FF
006#7D647FD0FD0A37FF
007#7FFF7FE0CC0A37FF
008#7FE27FE0830A37FF
001#7EDA7FE7AD9997FF
002#806C7FE7AD9997FF
003#7F1A8007AD9997FF
004#800D8007AD9997FF
005#80627FE0C40A37FF
006#7D647FC0FD0A37FF
007#7FFF7FE0CC0A37FF
008#7FE28000830A37FF
001#7EDA7FE7AD9997FF
002#806C7FE7AD9997FF
003#7F1A7FE7AD9997FF
004#800D7FE7AD9997FF
005#80628000C40A37FF
006#7D647FE0FD0A37FF
007#7FFF7FE0CC0A37FF
008#7FE27FE0830A37FF
001#7EDA7FE7AD9997FF
002#806C7FE7AD9997FF
003#7F1A7FE7AD9997FF
004#800D7FE7AD9997FF
005#80627FD0C40A37FF
006#7D657FD0FD0A37FF
007#7FFF7FD0CC0A37FF
008#7FE27FE0830A37FF
001#7EDA7FE7AD9997FF
002#806C7FE7AD9997FF
003#7F1A7FE7AD9997FF
004#800D7FE7AD9997FF
005#80627FE0C40A37FF
006#7D648000FD0A37FF
007#7FFF8000CC0A37FF
008#7FE27FE0830A37FF
001#7EDA7FE7AD9997FF
002#806C7FE7AD9997FF
003#7F1A7FE7AD9997FF
004#800D7FE7AD9997FF
005#80627FE0C40A37FF
006#7D657FD0FD0A37FF
007#7FFF7FD0CC0A37FF
008#7FE28000830A37FF
001#7EDA7FD7AD9997FF
002#806C7FE7AD9997FF
003#7F1A7FD7AD9997FF
004#800D7FE7AD9997FF
005#80627FE0C40A37FF
006#7D647FE0FD0A37FF
007#7FFF7FD0CC0A37FF
008#7FE27FE0830A37FF
001#7EDA7FE7AD9997FF
002#806C8007AD9997FF
003#7F1A7FE7AD9997FF
004#800D7FD7AD9997FF
005#80627FE0C40A37FF
006#7D647FE0FD0A37FF
007#7FFF7FD0CC0A37FF
008#7FE27FE0830A37FF
001#7EDA7FE7AD9997FF
002#806C7FE7AD9997FF
003#7F1A8007AD9997FF
004#800D8007AD9997FF
005#80627FD0C40A37FF
006#7D648000FD0A37FF
007#7FFF7FE0CC0A37FF
008#7FE27FD0830A37FF
001#7EDA8007AD9997FF
002#806C7FE7AD9997FF
003#7F1A7FE7AD9997FF
004#800D7FE7AD9997FF
005#80627FD0C40A37FF
006#7D647FE0FD0A37FF
007#7FFF8000CC0A37FF
008#7FE27FD0830A37FF
001#7EDA7FE7AD9997FF
002#806C7FE7AD9997FF
003#7F1A7FE7AD9997FF
004#800D7FE7AD9997FF
005#80627FE0C40A37FF
006#7D648010FD0A37FF
007#7FFF7FE0CC0A37FF
008#7FE27FE0830A37FF
001#7EDA7FE7AD9997FF
002#806C7FE7AD9997FF
003#7F1A7FE7AD9997FF
004#800D8007AD9997FF
005#80627FE0C40A37FF
006#7D647FD0FD0A37FF
007#7FFF7FD0CC0A37FF
008#7FE27FD0830A37FF
001#7EDA7FE7AD9997FF
002#806C7FE7AD9997FF
003#7F1A7FE7AD9997FF
004#800D7FE7AD9997FF
005#80627FE0C40A37FF
006#7D658010FD0A37FF
007#7FFF8000CC0A37FF
008#7FE27FE0830A37FF
001#7EDA7FE7AD9997FF
002#806C7FE7AD9997FF
003#7F1A7FE7AD9997FF
004#800D7FE7AD9997FF
005#80628000C40A37FF
006#7D647FE0FD0A37FF
007#7FFF7FE0CC0A37FF
008#7FE27FE0830A37FF
001#7EDA8007AD9997FF
002#806C7FD7AD9997FF
003#7F1A7FE7AD9997FF
004#800D7FE7AD9997FF
005#80627FD0C40A37FF
006#7D657FE0FD0A37FF
007#7FFF7FE0CC0A37FF
008#7FE27FE0830A37FF
001#7EDA7FD7AD9997FF
002#806C7FE7AD9997FF
003#7F1A7FE7AD9997FF
004#800D7FE7AD9997FF
005#80627FD0C40A37FF
006#7D658000FD0A37FF
007#7FFF7FE0CC0A37FF
008#7FE27FD0830A37FF
001#7EDA7FD7AD9997FF
002#806C7FE7AD9997FF
003#7F1A8007AD9997FF
004#800D8007AD9997FF
005#80628000C40A37FF
006#7D647FE0FD0A37FF
007#7FFF7FD0CC0A37FF
008#7FE27FE0830A37FF
001#7EDA7FE7AD9997FF
002#806C7FD7AD9997FF
003#7F1A7FE7AD9997FF
004#800D7FE7AD9997FF
005#80627FE0C40A37FF
006#7D647FE0FD0A37FF
007#7FFF7FE0CC0A37FF
008#7FE27FD0830A37FF
001#7EDA7FE7AD9997FF
002#806C7FE7AD9997FF
003#7F1A7FE7AD9997FF
004#800D7FE7AD9997FF
005#80627FD0C40A37FF
006#7D647FE0FD0A37FF
007#7FFF7FE0CC0A37FF
008#7FE28000830A37FF
001#7EDA7FE7AD9997FF
002#806C7FE7AD9997FF
003#7F1A7FE7AD9997FF
004#800D7FE7AD9997FF
005#80627FE0C40A37FF
006#7D647FE0FD0A37FF
007#7FFF7FE0CC0A37FF
008#7FE27FE0830A37FF
001#7EDA7FE7AD9997FF
002#806C7FE7AD9997FF
003#7F1A7FE7AD9997FF
004#800D7FE7AD9997FF
005#80627FD0C40A37FF
006#7D647FE0FD0A37FF
007#7FFF7FE0CC0A37FF
008#7FE27FE0830A37FF
001#7EDA7FE7AD9997FF
002#806C7FE7AD9997FF
003#7F1A7FE7AD9997FF
004#800D7FE7AD9997FF
005#80628000C40A37FF
006#7D647FE0FD0A37FF
007#7FFF8000CC0A37FF
008#7FE27FE0830A37FF
001#7EDA7FE7AD9997FF
002#806C7FE7AD9997FF
003#7F1A8007AD9997FF
004#800D7FE7AD9997FF
005#80627FE0C40A37FF
006#7D647FE0FD0A37FF
007#7FFF7FE0CC0A37FF
008#7FE27FE0830A37FF
001#7EDA7FE7AD9997FF
002#806C7FE7AD9997FF
003#7F1A7FE7AD9997FF
004#800D7FE7AD9997FF
005#80627FE0C40A37FF
006#7D647FE0FD0A37FF
007#7FFF7FE0CC0A37FF
008#7FE27FE0830A37FF
001#7EDA7FE7AD9997FF
002#806C7FE7AD9997FF
003#7F1A7FE7AD9997FF
004#800D7FE7AD9997FF
005#80627FD0C40A37FF
006#7D647FE0FD0A37FF
007#7FFF7FD0CC0A37FF
008#7FE28000830A37FF
001#7EDA7FE7AD9997FF
002#806C7FE7AD9997FF
003#7F1A8007AD9997FF
004#800D7FE7AD9997FF
005#80627FD0C40A37FF
006#7D647FE0FD0A37FF
007#7FFF8000CC0A37FF
008#7FE27FE0830A37FF
001#7EDA7FE7AD9997FF
002#806C7FE7AD9997FF
003#7F1A7FE7AD9997FF
004#800D7FE7AD9997FF
005#80627FD0C40A37FF
006#7D647FD0FD0A37FF
007#7FFF7FE0CC0A37FF
008#7FE28000830A37FF
001#7EDA7FE7AD9997FF
002#806C7FE7AD9997FF
003#7F1A8007AD9997FF
004#800D7FE7AD9997FF
005#80627FE0C40A37FF
006#7D647FD0FD0A37FF
007#7FFF7FD0CC0A37FF
008#7FE27FD0830A37FF
001#7EDA8007AD9997FF
002#806C7FE7AD9997FF
003#7F1A7FE7AD9997FF
004#800D7FD7AD9997FF
005#80627FE0C40A37FF
006#7D647FE0FD0A37FF
007#7FFF7FD0CC0A37FF
008#7FE28000830A37FF
001#7EDA7FD7AD9997FF
002#806C7FE7AD9997FF
003#7F1A7FD7AD9997FF
004#800D7FE7AD9997FF
005#80627FE0C40A37FF
006#7D647FE0FD0A37FF
007#7FFF7FE0CC0A37FF
008#7FE28000830A37FF
001#7EDA7FE7AD9997FF
002#806C7FE7AD9997FF
003#7F1A7FE7AD9997FF
004#800D7FE7AD9997FF
005#80627FD0C40A37FF
006#7D647FD0FD0A37FF
007#7FFF8000CC0A37FF
008#7FE27FE0830A37FF
001#7EDA7FE7AD9997FF
002#806C7FE7AD9997FF
003#7F1A7FE7AD9997FF
004#800D7FE7AD9997FF
005#80628000C40A37FF
006#7D647FD0FD0A37FF
007#7FFF7FE0CC0A37FF
008#7FE28000830A37FF
001#7EDA7FE7AD9997FF
002#806C8007AD9997FF
003#7F1A8007AD9997FF
004#800D7FE7AD9997FF
005#80627FE0C40A37FF
006#7D658000FD0A37FF
007#7FFF8000CC0A37FF
008#7FE27FE0830A37FF
001#7EDA7FE7AD9997FF
002#806C7FE7AD9997FF
003#7F1A8007AD9997FF
004#800D7FD7AD9997FF
005#80628000C40A37FF
006#7D647FE0FD0A37FF
007#7FFF7FD0CC0A37FF
008#7FE27FE0830A37FF
001#7EDA7FE7AD9997FF
002#806C7FE7AD9997FF
003#7F1A7FE7AD9997FF
004#800D7FE7AD9997FF
005#80627FE0C40A37FF
006#7D647FE0FD0A37FF
007#7FFF7FD0CC0A37FF
008#7FE27FE0830A37FF
001#7EDA7FE7AD9997FF
002#806C7FD7AD9997FF
003#7F1A8007AD9997FF
004#800D7FE7AD9997FF
005#80627FD0C40A37FF
006#7D647FE0FD0A37FF
007#7FFF7FE0CC0A37FF
008#7FE28000830A37FF
001#7EDA7FE7AD9997FF
002#806C7FE7AD9997FF
003#7F1A7FE7AD9997FF
004#800D7FE7AD9997FF
005#80627FE0C40A37FF
006#7D647FE0FD0A37FF
007#7FFF7FE0CC0A37FF
008#7FE27FD0830A37FF
001#7EDA8007AD9997FF
002#806C7FD7AD9997FF
003#7F1A7FE7AD9997FF
004#800D7FE7AD9997FF
005#80627FE0C40A37FF
006#7D647FE0FD0A37FF
007#7FFF7FD0CC0A37FF
008#7FE27FE0830A37FF
001#7EDA7FE7AD9997FF
002#806C7FE7AD9997FF
003#7F1A7FE7AD9997FF
004#800D7FD7AD9997FF
005#80627FE0C40A37FF
006#7D647FE0FD0A37FF
007#7FFF7FE0CC0A37FF
008#7FE27FE0830A37FF
001#7EDA7FE7AD9997FF
002#806C8007AD9997FF
003#7F1A8007AD9997FF
004#800D7FE7AD9997FF
005#80627FD0C40A37FF
006#7D648000FD0A37FF
007#7FFF7FC0CC0A37FF
008#7FE27FE0830A37FF
001#7EDA7FE7AD9997FF
002#806C7FE7AD9997FF
003#7F1A7FD7AD9997FF
004#800D7FE7AD9997FF
005#80627FE0C40A37FF
006#7D648000FD0A37FF
007#7FFF7FE0CC0A37FF
008#7FE28000830A37FF
001#7EDA7FE7AD9997FF
002#806C8007AD9997FF
003#7F1A7FE7AD9997FF
004#800D7FE7AD9997FF
005#80627FE0C40A37FF
006#7D647FE0FD0A37FF
007#7FFF7FE0CC0A37FF
008#7FE27FE0830A37FF
001#7EDA7FE7AD9997FF
002#806C8007AD9997FF
003#7F1A8007AD9997FF
004#800D7FE7AD9997FF
005#80627FD0C40A37FF
006#7D648000FD0A37FF
007#7FFF8000CC0A37FF
008#7FE28010830A37FF
001#7EDA7FE7AD9997FF
002#806C8007AD9997FF
003#7F1A7FE7AD9997FF
004#800D7FE7AD9997FF
005#80627FE0C40A37FF
006#7D657FE0FD0A37FF
007#7FFF7FE0CC0A37FF
008#7FE27FE0830A37FF
001#7EDA7FD7AD9997FF
002#806C7FE7AD9997FF
003#7F1A7FE7AD9997FF
004#800D7FE7AD9997FF
005#80627FD0C40A37FF
006#7D647FE0FD0A37FF
007#7FFF7FC0CC0A37FF
008#7FE27FE0830A37FF
001#7EDA8007AD9997FF
002#806C7FE7AD9997FF
003#7F1A7FE7AD9997FF
004#800D8007AD9997FF
005#80627FD0C40A37FF
006#7D648000FD0A37FF
007#7FFF7FE0CC0A37FF
008#7FE28000830A37FF
001#7EDA7FE7AD9997FF
002#806C8007AD9997FF
003#7F1A7FE7AD9997FF
004#800D7FE7AD9997FF
005#80627FE0C40A37FF
006#7D657FE0FD0A37FF
007#7FFF7FE0CC0A37FF
008#7FE27FE0830A37FF
001#7EDA7FE7AD9997FF
002#806C7FE7AD9997FF
003#7F1A7FD7AD9997FF
004#800D7FE7AD9997FF
005#80627FD0C40A37FF
006#7D657FD0FD0A37FF
007#7FFF7FE0CC0A37FF
008#7FE27FE0830A37FF
001#7EDA7FE7AD9997FF
002#806C7FE7AD9997FF
003#7F1A8007AD9997FF
004#800D7FE7AD9997FF
005#80628000C40A37FF
006#7D648000FD0A37FF
007#7FFF7FE0CC0A37FF
008#7FE27FE0830A37FF
001#7EDA7FE7AD9997FF
002#806C7FD7AD9997FF
003#7F1A8007AD9997FF
004#800D7FE7AD9997FF
005#80627FE0C40A37FF
006#7D647FE0FD0A37FF
007#7FFF8000CC0A37FF
008#7FE28000830A37FF
001#7EDA7FD7AD9997FF
002#806C7FE7AD9997FF
003#7F1A7FD7AD9997FF
004#800D7FD7AD9997FF
005#80627FD0C40A37FF
006#7D658000FD0A37FF
007#7FFF7FE0CC0A37FF
008#7FE27FE0830A37FF
001#7EDA8007AD9997FF
002#806C8007AD9997FF
003#7F1A8007AD9997FF
004#800D7FE7AD9997FF
005#80627FE0C40A37FF
006#7D648000FD0A37FF
007#7FFF7FD0CC0A37FF
008#7FE28000830A37FF
001#7EDA7FE7AD9997FF
002#806C7FE7AD9997FF
003#7F1A7FE7AD9997FF
004#800D7FE7AD9997FF
005#80627FE0C40A37FF
006#7D647FE0FD0A37FF
007#7FFF8000CC0A37FF
008#7FE27FE0830A37FF
001#7EDA7FE7AD9997FF
002#806C8007AD9997FF
003#7F1A8007AD9997FF
004#800D7FE7AD9997FF
005#80627FE0C40A37FF
006#7D657FE0FD0A37FF
007#7FFF7FE0CC0A37FF
008#7FE27FD0830A37FF
001#7EDA7FE7AD9997FF
002#806C7FE7AD9997FF
003#7F1A7FE7AD9997FF
004#800D7FE7AD9997FF
005#80627FE0C40A37FF
006#7D647FE0FD0A37FF
007#7FFF8000CC0A37FF
008#7FE27FE0830A37FF
001#7EDA7FE7AD9997FF
002#806C7FE7AD9997FF
003#7F1A7FE7AD9997FF
004#800D7FE7AD9997FF
005#80627FD0C40A37FF
006#7D657FE0FD0A37FF
007#7FFF8000CC0A37FF
008#7FE27FE0830A37FF
001#7EDA7FE7AD9997FF
002#806C7FE7AD9997FF
003#7F1A7FD7AD9997FF
004#800D7FD7AD9997FF
005#80627FD0C40A37FF
006#7D648000FD0A37FF
007#7FFF7FE0CC0A37FF
008#7FE27FE0830A37FF
001#7EDA7FE7AD9997FF
002#806C7FD7AD9997FF
003#7F1A7FD7AD9997FF
004#800D7FD7AD9997FF
005#80627FE0C40A37FF
006#7D648000FD0A37FF
007#7FFF7FD0CC0A37FF
008#7FE27FD0830A37FF
001#7EDA7FE7AD9997FF
002#806C8007AD9997FF
003#7F1A7FE7AD9997FF
004#800D7FE7AD9997FF
005#80627FE0C40A37FF
006#7D647FE0FD0A37FF
007#7FFF8000CC0A37FF
008#7FE27FE0830A37FF
001#7EDA8007AD9997FF
002#806C7FE7AD9997FF
003#7F1A7FE7AD9997FF
004#800D7FE7AD9997FF
005#80627FD0C40A37FF
006#7D647FE0FD0A37FF
007#7FFF7FE0CC0A37FF
008#7FE27FE0830A37FF
001#7EDA7FE7AD9997FF
002#806C8007AD9997FF
003#7F1A7FD7AD9997FF
004#800D7FE7AD9997FF
005#80627FE0C40A37FF
006#7D647FE0FD0A37FF
007#7FFF7FE0CC0A37FF
008#7FE27FE0830A37FF
001#7EDA7FE7AD9997FF
002#806C7FE7AD9997FF
003#7F1A7FE7AD9997FF
004#800D7FD7AD9997FF
005#80627FE0C40A37FF
006#7D647FE0FD0A37FF
007#7FFF7FD0CC0A37FF
008#7FE28000830A37FF
001#7EDA7FE7AD9997FF
002#806C7FE7AD9997FF
003#7F1A8007AD9997FF
004#800D8007AD9997FF
005#80627FE0C40A37FF
006#7D658000FD0A37FF
007#7FFF7FE0CC0A37FF
008#7FE27FD0830A37FF
001#7EDA7FE7AD9997FF
002#806C8007AD9997FF
003#7F1A7FD7AD9997FF
004#800D7FE7AD9997FF
005#80627FD0C40A37FF
006#7D647FE0FD0A37FF
007#7FFF7FD0CC0A37FF
008#7FE27FE0830A37FF
001#7EDA7FE7AD9997FF
002#806C7FE7AD9997FF
003#7F1A7FE7AD9997FF
004#800D7FE7AD9997FF
005#80627FE0C40A37FF
006#7D647FE0FD0A37FF
007#7FFF8000CC0A37FF
008#7FE28000830A37FF
001#7EDA7FE7AD9997FF
002#806C7FE7AD9997FF
003#7F1A7FE7AD9997FF
004#800D7FE7AD9997FF
005#80628000C40A37FF
006#7D647FE0FD0A37FF
007#7FFF8000CC0A37FF
008#7FE27FE0830A37FF
001#7EDA7FE7AD9997FF
002#806C7FE7AD9997FF
003#7F1A8007AD9997FF
004#800D7FE7AD9997FF
005#80627FD0C40A37FF
006#7D648000FD0A37FF
007#7FFF7FD0CC0A37FF
008#7FE27FD0830A37FF
001#7EDA7FE7AD9997FF
002#806C7FE7AD9997FF
003#7F1A7FE7AD9997FF
004#800D8007AD9997FF
005#80627FE0C40A37FF
006#7D648000FD0A37FF
007#7FFF8000CC0A37FF
008#7FE28000830A37FF
001#7EDA7FE7AD9997FF
002#806C7FE7AD9997FF
003#7F1A7FE7AD9997FF
004#800D7FE7AD9997FF
005#80627FE0C40A37FF
006#7D647FE0FD0A37FF
007#7FFF7FE0CC0A37FF
008#7FE27FD0830A37FF
001#7EDA7FE7AD9997FF
002#806C7FE7AD9997FF
003#7F1A7FE7AD9997FF
004#800D7FE7AD9997FF
005#80627FE0C40A37FF
006#7D647FE0FD0A37FF
007#7FFF7FD0CC0A37FF
008#7FE28000830A37FF
001#7EDA7FE7AD9997FF
002#806C7FE7AD9997FF
003#7F1A7FD7AD9997FF
004#800D7FD7AD9997FF
005#80627FD0C40A37FF
006#7D647FD0FD0A37FF
007#7FFF7FE0CC0A37FF
008#7FE27FE0830A37FF
001#7EDA7FE7AD9997FF
002#806C7FD7AD9997FF
003#7F1A7FE7AD9997FF
004#800D8007AD9997FF
005#80627FD0C40A37FF
006#7D647FE0FD0A37FF
007#7FFF7FE0CC0A37FF
008#7FE27FE0830A37FF
001#7EDA7FE7AD9997FF
002#806C8007AD9997FF
003#7F1A7FE7AD9997FF
004#800D8007AD9997FF
005#80627FE0C40A37FF
006#7D647FD0FD0A37FF
007#7FFF7FE0CC0A37FF
008#7FE27FE0830A37FF
001#7EDA7FE7AD9997FF
002#806C8007AD9997FF
003#7F1A7FE7AD9997FF
004#800D7FE7AD9997FF
005#80627FD0C40A37FF
006#7D658000FD0A37FF
007#7FFF7FE0CC0A37FF
008#7FE27FD0830A37FF
001#7EDA7FE7AD9997FF
002#806C7FE7AD9997FF
003#7F1A7FE7AD9997FF
004#800D8007AD9997FF
005#80627FE0C40A37FF
006#7D647FE0FD0A37FF
007#7FFF7FE0CC0A37FF
008#7FE27FD0830A37FF
001#7EDA7FE7AD9997FF
002#806C7FE7AD9997FF
003#7F1A8007AD9997FF
004#800D8007AD9997FF
005#80628000C40A37FF
006#7D647FE0FD0A37FF
007#7FFF7FD0CC0A37FF
008#7FE27FE0830A37FF
001#7EDA8007AD9997FF
002#806C7FE7AD9997FF
003#7F1A8007AD9997FF
004#800D7FD7AD9997FF
005#80627FE0C40A37FF
006#7D648000FD0A37FF
007#7FFF7FE0CC0A37FF
008#7FE27FE0830A37FF
001#7EDA7FE7AD9997FF
002#806C7FE7AD9997FF
003#7F1A7FE7AD9997FF
004#800D7FE7AD9997FF
005#80627FE0C40A37FF
006#7D647FD0FD0A37FF
007#7FFF7FE0CC0A37FF
008#7FE27FD0830A37FF
001#7EDA7FE7AD9997FF
002#806C7FE7AD9997FF
003#7F1A7FE7AD9997FF
004#800D7FE7AD9997FF
005#80627FE0C40A37FF
006#7D658010FD0A37FF
007#7FFF7FE0CC0A37FF
008#7FE27FE0830A37FF
001#7EDA7FE7AD9997FF
002#806C8007AD9997FF
003#7F1A7FD7AD9997FF
004#800D7FE7AD9997FF
005#80627FE0C40A37FF
006#7D647FE0FD0A37FF
007#7FFF8000CC0A37FF
008#7FE27FD0830A37FF
001#7EDA7FE7AD9997FF
002#806C7FE7AD9997FF
003#7F1A7FE7AD9997FF
004#800D7FE7AD9997FF
005#80628000C40A37FF
006#7D647FE0FD0A37FF
007#7FFF7FE0CC0A37FF
008#7FE27FE0830A37FF
001#7EDA7FE7AD9997FF
002#806C7FE7AD9997FF
003#7F1A7FE7AD9997FF
004#800D7FE7AD9997FF
005#80627FE0C40A37FF
006#7D658000FD0A37FF
007#7FFF7FE0CC0A37FF
008#7FE27FE0830A37FF
001#7EDA7FE7AD9997FF
002#806C7FE7AD9997FF
003#7F1A8007AD9997FF
004#800D7FE7AD9997FF
005#80628000C40A37FF
006#7D647FE0FD0A37FF
007#7FFF7FD0CC0A37FF
008#7FE27FE0830A37FF
001#7EDA7FE7AD9997FF
002#806C8007AD9997FF
003#7F1A7FE7AD9997FF
004#800D7FE7AD9997FF
005#80627FD0C40A37FF
006#7D648000FD0A37FF
007#7FFF7FE0CC0A37FF
008#7FE28000830A37FF
001#7EDA7FE7AD9997FF
002#806C7FE7AD9997FF
003#7F1A8007AD9997FF
004#800D7FE7AD9997FF
005#80627FE0C40A37FF
006#7D657FE0FD0A37FF
007#7FFF7FD0CC0A37FF
008#7FE27FD0830A37FF
001#7EDA7FE7AD9997FF
002#806C7FE7AD9997FF
003#7F1A7FE7AD9997FF
004#800D7FE7AD9997FF
005#80627FD0C40A37FF
006#7D648000FD0A37FF
007#7FFF7FD0CC0A37FF
008#7FE27FE0830A37FF
001#FFFFFFFFFFFFFFFD
002#FFFFFFFFFFFFFFFD
003#FFFFFFFFFFFFFFFD
004#FFFFFFFFFFFFFFFD
005#FFFFFFFFFFFFFFFD
006#FFFFFFFFFFFFFFFD
007#FFFFFFFFFFFFFFFD
008#FFFFFFFFFFFFFFFD